ds,y,drug
2024-01-30,265,Amoxicillin 500mg
2024-01-31,227,Amoxicillin 500mg
2024-02-01,251,Amoxicillin 500mg
2024-02-02,239,Amoxicillin 500mg
2024-02-03,220,Amoxicillin 500mg
2024-02-04,220,Amoxicillin 500mg
2024-02-05,268,Amoxicillin 500mg
2024-02-06,261,Amoxicillin 500mg
2024-02-07,252,Amoxicillin 500mg
2024-02-08,240,Amoxicillin 500mg
2024-02-09,251,Amoxicillin 500mg
2024-02-10,238,Amoxicillin 500mg
2024-02-11,234,Amoxicillin 500mg
2024-02-12,247,Amoxicillin 500mg
2024-02-13,253,Amoxicillin 500mg
2024-02-14,245,Amoxicillin 500mg
2024-02-15,244,Amoxicillin 500mg
2024-02-16,261,Amoxicillin 500mg
2024-02-17,249,Amoxicillin 500mg
2024-02-18,235,Amoxicillin 500mg
2024-02-19,253,Amoxicillin 500mg
2024-02-20,257,Amoxicillin 500mg
2024-02-21,277,Amoxicillin 500mg
2024-02-22,266,Amoxicillin 500mg
2024-02-23,258,Amoxicillin 500mg
2024-02-24,232,Amoxicillin 500mg
2024-02-25,222,Amoxicillin 500mg
2024-02-26,264,Amoxicillin 500mg
2024-02-27,259,Amoxicillin 500mg
2024-02-28,263,Amoxicillin 500mg
2024-02-29,215,Amoxicillin 500mg
2024-03-01,213,Amoxicillin 500mg
2024-03-02,182,Amoxicillin 500mg
2024-03-03,188,Amoxicillin 500mg
2024-03-04,195,Amoxicillin 500mg
2024-03-05,192,Amoxicillin 500mg
2024-03-06,217,Amoxicillin 500mg
2024-03-07,206,Amoxicillin 500mg
2024-03-08,190,Amoxicillin 500mg
2024-03-09,168,Amoxicillin 500mg
2024-03-10,195,Amoxicillin 500mg
2024-03-11,200,Amoxicillin 500mg
2024-03-12,204,Amoxicillin 500mg
2024-03-13,214,Amoxicillin 500mg
2024-03-14,218,Amoxicillin 500mg
2024-03-15,215,Amoxicillin 500mg
2024-03-16,196,Amoxicillin 500mg
2024-03-17,197,Amoxicillin 500mg
2024-03-18,206,Amoxicillin 500mg
2024-03-19,204,Amoxicillin 500mg
2024-03-20,199,Amoxicillin 500mg
2024-03-21,200,Amoxicillin 500mg
2024-03-22,207,Amoxicillin 500mg
2024-03-23,186,Amoxicillin 500mg
2024-03-24,181,Amoxicillin 500mg
2024-03-25,211,Amoxicillin 500mg
2024-03-26,207,Amoxicillin 500mg
2024-03-27,207,Amoxicillin 500mg
2024-03-28,214,Amoxicillin 500mg
2024-03-29,211,Amoxicillin 500mg
2024-03-30,174,Amoxicillin 500mg
2024-03-31,186,Amoxicillin 500mg
2024-04-01,203,Amoxicillin 500mg
2024-04-02,208,Amoxicillin 500mg
2024-04-03,206,Amoxicillin 500mg
2024-04-04,205,Amoxicillin 500mg
2024-04-05,206,Amoxicillin 500mg
2024-04-06,202,Amoxicillin 500mg
2024-04-07,185,Amoxicillin 500mg
2024-04-08,201,Amoxicillin 500mg
2024-04-09,209,Amoxicillin 500mg
2024-04-10,209,Amoxicillin 500mg
2024-04-11,213,Amoxicillin 500mg
2024-04-12,213,Amoxicillin 500mg
2024-04-13,197,Amoxicillin 500mg
2024-04-14,184,Amoxicillin 500mg
2024-04-15,199,Amoxicillin 500mg
2024-04-16,210,Amoxicillin 500mg
2024-04-17,208,Amoxicillin 500mg
2024-04-18,207,Amoxicillin 500mg
2024-04-19,209,Amoxicillin 500mg
2024-04-20,189,Amoxicillin 500mg
2024-04-21,172,Amoxicillin 500mg
2024-04-22,228,Amoxicillin 500mg
2024-04-23,212,Amoxicillin 500mg
2024-04-24,204,Amoxicillin 500mg
2024-04-25,189,Amoxicillin 500mg
2024-04-26,207,Amoxicillin 500mg
2024-04-27,207,Amoxicillin 500mg
2024-04-28,188,Amoxicillin 500mg
2024-04-29,203,Amoxicillin 500mg
2024-04-30,211,Amoxicillin 500mg
2024-05-01,201,Amoxicillin 500mg
2024-05-02,206,Amoxicillin 500mg
2024-05-03,216,Amoxicillin 500mg
2024-05-04,178,Amoxicillin 500mg
2024-05-05,182,Amoxicillin 500mg
2024-05-06,227,Amoxicillin 500mg
2024-05-07,206,Amoxicillin 500mg
2024-05-08,195,Amoxicillin 500mg
2024-05-09,205,Amoxicillin 500mg
2024-05-10,198,Amoxicillin 500mg
2024-05-11,195,Amoxicillin 500mg
2024-05-12,181,Amoxicillin 500mg
2024-05-13,206,Amoxicillin 500mg
2024-05-14,191,Amoxicillin 500mg
2024-05-15,214,Amoxicillin 500mg
2024-05-16,192,Amoxicillin 500mg
2024-05-17,223,Amoxicillin 500mg
2024-05-18,192,Amoxicillin 500mg
2024-05-19,189,Amoxicillin 500mg
2024-05-20,207,Amoxicillin 500mg
2024-05-21,217,Amoxicillin 500mg
2024-05-22,225,Amoxicillin 500mg
2024-05-23,189,Amoxicillin 500mg
2024-05-24,187,Amoxicillin 500mg
2024-05-25,194,Amoxicillin 500mg
2024-05-26,182,Amoxicillin 500mg
2024-05-27,209,Amoxicillin 500mg
2024-05-28,226,Amoxicillin 500mg
2024-05-29,201,Amoxicillin 500mg
2024-05-30,213,Amoxicillin 500mg
2024-05-31,198,Amoxicillin 500mg
2024-06-01,190,Amoxicillin 500mg
2024-06-02,203,Amoxicillin 500mg
2024-06-03,220,Amoxicillin 500mg
2024-06-04,222,Amoxicillin 500mg
2024-06-05,200,Amoxicillin 500mg
2024-06-06,214,Amoxicillin 500mg
2024-06-07,230,Amoxicillin 500mg
2024-06-08,192,Amoxicillin 500mg
2024-06-09,186,Amoxicillin 500mg
2024-06-10,216,Amoxicillin 500mg
2024-06-11,210,Amoxicillin 500mg
2024-06-12,208,Amoxicillin 500mg
2024-06-13,213,Amoxicillin 500mg
2024-06-14,194,Amoxicillin 500mg
2024-06-15,200,Amoxicillin 500mg
2024-06-16,199,Amoxicillin 500mg
2024-06-17,198,Amoxicillin 500mg
2024-06-18,226,Amoxicillin 500mg
2024-06-19,220,Amoxicillin 500mg
2024-06-20,210,Amoxicillin 500mg
2024-06-21,204,Amoxicillin 500mg
2024-06-22,178,Amoxicillin 500mg
2024-06-23,206,Amoxicillin 500mg
2024-06-24,196,Amoxicillin 500mg
2024-06-25,218,Amoxicillin 500mg
2024-06-26,222,Amoxicillin 500mg
2024-06-27,212,Amoxicillin 500mg
2024-06-28,210,Amoxicillin 500mg
2024-06-29,177,Amoxicillin 500mg
2024-06-30,183,Amoxicillin 500mg
2024-07-01,196,Amoxicillin 500mg
2024-07-02,216,Amoxicillin 500mg
2024-07-03,220,Amoxicillin 500mg
2024-07-04,204,Amoxicillin 500mg
2024-07-05,196,Amoxicillin 500mg
2024-07-06,185,Amoxicillin 500mg
2024-07-07,217,Amoxicillin 500mg
2024-07-08,216,Amoxicillin 500mg
2024-07-09,203,Amoxicillin 500mg
2024-07-10,196,Amoxicillin 500mg
2024-07-11,203,Amoxicillin 500mg
2024-07-12,215,Amoxicillin 500mg
2024-07-13,176,Amoxicillin 500mg
2024-07-14,184,Amoxicillin 500mg
2024-07-15,227,Amoxicillin 500mg
2024-07-16,210,Amoxicillin 500mg
2024-07-17,213,Amoxicillin 500mg
2024-07-18,210,Amoxicillin 500mg
2024-07-19,222,Amoxicillin 500mg
2024-07-20,170,Amoxicillin 500mg
2024-07-21,191,Amoxicillin 500mg
2024-07-22,222,Amoxicillin 500mg
2024-07-23,210,Amoxicillin 500mg
2024-07-24,221,Amoxicillin 500mg
2024-07-25,225,Amoxicillin 500mg
2024-07-26,232,Amoxicillin 500mg
2024-07-27,196,Amoxicillin 500mg
2024-07-28,196,Amoxicillin 500mg
2024-07-29,210,Amoxicillin 500mg
2024-07-30,219,Amoxicillin 500mg
2024-07-31,218,Amoxicillin 500mg
2024-08-01,221,Amoxicillin 500mg
2024-08-02,230,Amoxicillin 500mg
2024-08-03,200,Amoxicillin 500mg
2024-08-04,207,Amoxicillin 500mg
2024-08-05,204,Amoxicillin 500mg
2024-08-06,217,Amoxicillin 500mg
2024-08-07,231,Amoxicillin 500mg
2024-08-08,209,Amoxicillin 500mg
2024-08-09,204,Amoxicillin 500mg
2024-08-10,190,Amoxicillin 500mg
2024-08-11,203,Amoxicillin 500mg
2024-08-12,212,Amoxicillin 500mg
2024-08-13,225,Amoxicillin 500mg
2024-08-14,214,Amoxicillin 500mg
2024-08-15,220,Amoxicillin 500mg
2024-08-16,206,Amoxicillin 500mg
2024-08-17,169,Amoxicillin 500mg
2024-08-18,202,Amoxicillin 500mg
2024-08-19,199,Amoxicillin 500mg
2024-08-20,215,Amoxicillin 500mg
2024-08-21,215,Amoxicillin 500mg
2024-08-22,197,Amoxicillin 500mg
2024-08-23,196,Amoxicillin 500mg
2024-08-24,198,Amoxicillin 500mg
2024-08-25,193,Amoxicillin 500mg
2024-08-26,200,Amoxicillin 500mg
2024-08-27,207,Amoxicillin 500mg
2024-08-28,213,Amoxicillin 500mg
2024-08-29,229,Amoxicillin 500mg
2024-08-30,222,Amoxicillin 500mg
2024-08-31,176,Amoxicillin 500mg
2024-09-01,200,Amoxicillin 500mg
2024-09-02,218,Amoxicillin 500mg
2024-09-03,194,Amoxicillin 500mg
2024-09-04,230,Amoxicillin 500mg
2024-09-05,197,Amoxicillin 500mg
2024-09-06,215,Amoxicillin 500mg
2024-09-07,206,Amoxicillin 500mg
2024-09-08,179,Amoxicillin 500mg
2024-09-09,205,Amoxicillin 500mg
2024-09-10,200,Amoxicillin 500mg
2024-09-11,227,Amoxicillin 500mg
2024-09-12,207,Amoxicillin 500mg
2024-09-13,232,Amoxicillin 500mg
2024-09-14,183,Amoxicillin 500mg
2024-09-15,205,Amoxicillin 500mg
2024-09-16,206,Amoxicillin 500mg
2024-09-17,201,Amoxicillin 500mg
2024-09-18,226,Amoxicillin 500mg
2024-09-19,186,Amoxicillin 500mg
2024-09-20,209,Amoxicillin 500mg
2024-09-21,186,Amoxicillin 500mg
2024-09-22,175,Amoxicillin 500mg
2024-09-23,220,Amoxicillin 500mg
2024-09-24,218,Amoxicillin 500mg
2024-09-25,204,Amoxicillin 500mg
2024-09-26,200,Amoxicillin 500mg
2024-09-27,228,Amoxicillin 500mg
2024-09-28,188,Amoxicillin 500mg
2024-09-29,196,Amoxicillin 500mg
2024-09-30,211,Amoxicillin 500mg
2024-10-01,219,Amoxicillin 500mg
2024-10-02,205,Amoxicillin 500mg
2024-10-03,222,Amoxicillin 500mg
2024-10-04,228,Amoxicillin 500mg
2024-10-05,203,Amoxicillin 500mg
2024-10-06,200,Amoxicillin 500mg
2024-10-07,232,Amoxicillin 500mg
2024-10-08,216,Amoxicillin 500mg
2024-10-09,214,Amoxicillin 500mg
2024-10-10,211,Amoxicillin 500mg
2024-10-11,211,Amoxicillin 500mg
2024-10-12,201,Amoxicillin 500mg
2024-10-13,201,Amoxicillin 500mg
2024-10-14,207,Amoxicillin 500mg
2024-10-15,209,Amoxicillin 500mg
2024-10-16,233,Amoxicillin 500mg
2024-10-17,222,Amoxicillin 500mg
2024-10-18,208,Amoxicillin 500mg
2024-10-19,205,Amoxicillin 500mg
2024-10-20,184,Amoxicillin 500mg
2024-10-21,227,Amoxicillin 500mg
2024-10-22,212,Amoxicillin 500mg
2024-10-23,226,Amoxicillin 500mg
2024-10-24,226,Amoxicillin 500mg
2024-10-25,227,Amoxicillin 500mg
2024-10-26,182,Amoxicillin 500mg
2024-10-27,180,Amoxicillin 500mg
2024-10-28,214,Amoxicillin 500mg
2024-10-29,216,Amoxicillin 500mg
2024-10-30,226,Amoxicillin 500mg
2024-10-31,209,Amoxicillin 500mg
2024-11-01,220,Amoxicillin 500mg
2024-11-02,193,Amoxicillin 500mg
2024-11-03,201,Amoxicillin 500mg
2024-11-04,217,Amoxicillin 500mg
2024-11-05,223,Amoxicillin 500mg
2024-11-06,215,Amoxicillin 500mg
2024-11-07,212,Amoxicillin 500mg
2024-11-08,230,Amoxicillin 500mg
2024-11-09,208,Amoxicillin 500mg
2024-11-10,191,Amoxicillin 500mg
2024-11-11,233,Amoxicillin 500mg
2024-11-12,226,Amoxicillin 500mg
2024-11-13,201,Amoxicillin 500mg
2024-11-14,223,Amoxicillin 500mg
2024-11-15,203,Amoxicillin 500mg
2024-11-16,198,Amoxicillin 500mg
2024-11-17,204,Amoxicillin 500mg
2024-11-18,212,Amoxicillin 500mg
2024-11-19,223,Amoxicillin 500mg
2024-11-20,203,Amoxicillin 500mg
2024-11-21,229,Amoxicillin 500mg
2024-11-22,224,Amoxicillin 500mg
2024-11-23,205,Amoxicillin 500mg
2024-11-24,175,Amoxicillin 500mg
2024-11-25,236,Amoxicillin 500mg
2024-11-26,271,Amoxicillin 500mg
2024-11-27,266,Amoxicillin 500mg
2024-11-28,281,Amoxicillin 500mg
2024-11-29,265,Amoxicillin 500mg
2024-11-30,253,Amoxicillin 500mg
2024-12-01,248,Amoxicillin 500mg
2024-12-02,264,Amoxicillin 500mg
2024-12-03,260,Amoxicillin 500mg
2024-12-04,281,Amoxicillin 500mg
2024-12-05,269,Amoxicillin 500mg
2024-12-06,266,Amoxicillin 500mg
2024-12-07,265,Amoxicillin 500mg
2024-12-08,246,Amoxicillin 500mg
2024-12-09,267,Amoxicillin 500mg
2024-12-10,276,Amoxicillin 500mg
2024-12-11,268,Amoxicillin 500mg
2024-12-12,278,Amoxicillin 500mg
2024-12-13,256,Amoxicillin 500mg
2024-12-14,260,Amoxicillin 500mg
2024-12-15,252,Amoxicillin 500mg
2024-12-16,265,Amoxicillin 500mg
2024-12-17,273,Amoxicillin 500mg
2024-12-18,271,Amoxicillin 500mg
2024-12-19,257,Amoxicillin 500mg
2024-12-20,258,Amoxicillin 500mg
2024-12-21,244,Amoxicillin 500mg
2024-12-22,247,Amoxicillin 500mg
2024-12-23,272,Amoxicillin 500mg
2024-12-24,277,Amoxicillin 500mg
2024-12-25,263,Amoxicillin 500mg
2024-12-26,265,Amoxicillin 500mg
2024-12-27,261,Amoxicillin 500mg
2024-12-28,263,Amoxicillin 500mg
2024-12-29,253,Amoxicillin 500mg
2024-12-30,275,Amoxicillin 500mg
2024-12-31,283,Amoxicillin 500mg
2025-01-01,289,Amoxicillin 500mg
2025-01-02,274,Amoxicillin 500mg
2025-01-03,271,Amoxicillin 500mg
2025-01-04,263,Amoxicillin 500mg
2025-01-05,271,Amoxicillin 500mg
2025-01-06,269,Amoxicillin 500mg
2025-01-07,282,Amoxicillin 500mg
2025-01-08,258,Amoxicillin 500mg
2025-01-09,263,Amoxicillin 500mg
2025-01-10,275,Amoxicillin 500mg
2025-01-11,251,Amoxicillin 500mg
2025-01-12,243,Amoxicillin 500mg
2025-01-13,268,Amoxicillin 500mg
2025-01-14,256,Amoxicillin 500mg
2025-01-15,259,Amoxicillin 500mg
2025-01-16,271,Amoxicillin 500mg
2025-01-17,265,Amoxicillin 500mg
2025-01-18,249,Amoxicillin 500mg
2025-01-19,257,Amoxicillin 500mg
2025-01-20,285,Amoxicillin 500mg
2025-01-21,273,Amoxicillin 500mg
2025-01-22,268,Amoxicillin 500mg
2025-01-23,270,Amoxicillin 500mg
2025-01-24,245,Amoxicillin 500mg
2025-01-25,253,Amoxicillin 500mg
2025-01-26,255,Amoxicillin 500mg
2025-01-27,298,Amoxicillin 500mg
2025-01-28,278,Amoxicillin 500mg
2025-01-29,285,Amoxicillin 500mg
2025-01-30,262,Amoxicillin 500mg
2025-01-31,268,Amoxicillin 500mg
2025-02-01,236,Amoxicillin 500mg
2025-02-02,242,Amoxicillin 500mg
2025-02-03,271,Amoxicillin 500mg
2025-02-04,292,Amoxicillin 500mg
2025-02-05,294,Amoxicillin 500mg
2025-02-06,272,Amoxicillin 500mg
2025-02-07,269,Amoxicillin 500mg
2025-02-08,253,Amoxicillin 500mg
2025-02-09,243,Amoxicillin 500mg
2025-02-10,264,Amoxicillin 500mg
2025-02-11,289,Amoxicillin 500mg
2025-02-12,263,Amoxicillin 500mg
2025-02-13,279,Amoxicillin 500mg
2025-02-14,283,Amoxicillin 500mg
2025-02-15,252,Amoxicillin 500mg
2025-02-16,243,Amoxicillin 500mg
2025-02-17,273,Amoxicillin 500mg
2025-02-18,281,Amoxicillin 500mg
2025-02-19,259,Amoxicillin 500mg
2025-02-20,267,Amoxicillin 500mg
2025-02-21,267,Amoxicillin 500mg
2025-02-22,267,Amoxicillin 500mg
2025-02-23,258,Amoxicillin 500mg
2025-02-24,259,Amoxicillin 500mg
2025-02-25,277,Amoxicillin 500mg
2025-02-26,265,Amoxicillin 500mg
2025-02-27,281,Amoxicillin 500mg
2025-02-28,263,Amoxicillin 500mg
2025-03-01,196,Amoxicillin 500mg
2025-03-02,202,Amoxicillin 500mg
2025-03-03,236,Amoxicillin 500mg
2025-03-04,237,Amoxicillin 500mg
2025-03-05,210,Amoxicillin 500mg
2025-03-06,205,Amoxicillin 500mg
2025-03-07,236,Amoxicillin 500mg
2025-03-08,202,Amoxicillin 500mg
2025-03-09,210,Amoxicillin 500mg
2025-03-10,254,Amoxicillin 500mg
2025-03-11,221,Amoxicillin 500mg
2025-03-12,241,Amoxicillin 500mg
2025-03-13,247,Amoxicillin 500mg
2025-03-14,227,Amoxicillin 500mg
2025-03-15,196,Amoxicillin 500mg
2025-03-16,200,Amoxicillin 500mg
2025-03-17,235,Amoxicillin 500mg
2025-03-18,205,Amoxicillin 500mg
2025-03-19,213,Amoxicillin 500mg
2025-03-20,223,Amoxicillin 500mg
2025-03-21,237,Amoxicillin 500mg
2025-03-22,198,Amoxicillin 500mg
2025-03-23,216,Amoxicillin 500mg
2025-03-24,223,Amoxicillin 500mg
2025-03-25,235,Amoxicillin 500mg
2025-03-26,217,Amoxicillin 500mg
2025-03-27,210,Amoxicillin 500mg
2025-03-28,235,Amoxicillin 500mg
2025-03-29,195,Amoxicillin 500mg
2025-03-30,202,Amoxicillin 500mg
2025-03-31,224,Amoxicillin 500mg
2025-04-01,209,Amoxicillin 500mg
2025-04-02,215,Amoxicillin 500mg
2025-04-03,227,Amoxicillin 500mg
2025-04-04,214,Amoxicillin 500mg
2025-04-05,209,Amoxicillin 500mg
2025-04-06,209,Amoxicillin 500mg
2025-04-07,238,Amoxicillin 500mg
2025-04-08,211,Amoxicillin 500mg
2025-04-09,212,Amoxicillin 500mg
2025-04-10,224,Amoxicillin 500mg
2025-04-11,249,Amoxicillin 500mg
2025-04-12,200,Amoxicillin 500mg
2025-04-13,212,Amoxicillin 500mg
2025-04-14,230,Amoxicillin 500mg
2025-04-15,231,Amoxicillin 500mg
2025-04-16,221,Amoxicillin 500mg
2025-04-17,230,Amoxicillin 500mg
2025-04-18,219,Amoxicillin 500mg
2025-04-19,211,Amoxicillin 500mg
2025-04-20,227,Amoxicillin 500mg
2025-04-21,245,Amoxicillin 500mg
2025-04-22,215,Amoxicillin 500mg
2025-04-23,217,Amoxicillin 500mg
2025-04-24,235,Amoxicillin 500mg
2025-04-25,218,Amoxicillin 500mg
2025-04-26,222,Amoxicillin 500mg
2025-04-27,212,Amoxicillin 500mg
2025-04-28,221,Amoxicillin 500mg
2025-04-29,214,Amoxicillin 500mg
2025-04-30,221,Amoxicillin 500mg
2025-05-01,236,Amoxicillin 500mg
2025-05-02,215,Amoxicillin 500mg
2025-05-03,201,Amoxicillin 500mg
2025-05-04,199,Amoxicillin 500mg
2025-05-05,230,Amoxicillin 500mg
2025-05-06,220,Amoxicillin 500mg
2025-05-07,221,Amoxicillin 500mg
2025-05-08,223,Amoxicillin 500mg
2025-05-09,224,Amoxicillin 500mg
2025-05-10,204,Amoxicillin 500mg
2025-05-11,199,Amoxicillin 500mg
2025-05-12,203,Amoxicillin 500mg
2025-05-13,228,Amoxicillin 500mg
2025-05-14,222,Amoxicillin 500mg
2025-05-15,206,Amoxicillin 500mg
2025-05-16,228,Amoxicillin 500mg
2025-05-17,209,Amoxicillin 500mg
2025-05-18,215,Amoxicillin 500mg
2025-05-19,234,Amoxicillin 500mg
2025-05-20,220,Amoxicillin 500mg
2025-05-21,220,Amoxicillin 500mg
2025-05-22,211,Amoxicillin 500mg
2025-05-23,232,Amoxicillin 500mg
2025-05-24,214,Amoxicillin 500mg
2025-05-25,218,Amoxicillin 500mg
2025-05-26,234,Amoxicillin 500mg
2025-05-27,241,Amoxicillin 500mg
2025-05-28,230,Amoxicillin 500mg
2025-05-29,233,Amoxicillin 500mg
2025-05-30,231,Amoxicillin 500mg
2025-05-31,214,Amoxicillin 500mg
2025-06-01,194,Amoxicillin 500mg
2025-06-02,232,Amoxicillin 500mg
2025-06-03,234,Amoxicillin 500mg
2025-06-04,222,Amoxicillin 500mg
2025-06-05,235,Amoxicillin 500mg
2025-06-06,231,Amoxicillin 500mg
2025-06-07,197,Amoxicillin 500mg
2025-06-08,206,Amoxicillin 500mg
2025-06-09,224,Amoxicillin 500mg
2025-06-10,227,Amoxicillin 500mg
2025-06-11,229,Amoxicillin 500mg
2025-06-12,249,Amoxicillin 500mg
2025-06-13,239,Amoxicillin 500mg
2025-06-14,188,Amoxicillin 500mg
2025-06-15,224,Amoxicillin 500mg
2025-06-16,238,Amoxicillin 500mg
2025-06-17,226,Amoxicillin 500mg
2025-06-18,223,Amoxicillin 500mg
2025-06-19,220,Amoxicillin 500mg
2025-06-20,214,Amoxicillin 500mg
2025-06-21,214,Amoxicillin 500mg
2025-06-22,206,Amoxicillin 500mg
2025-06-23,206,Amoxicillin 500mg
2025-06-24,244,Amoxicillin 500mg
2025-06-25,233,Amoxicillin 500mg
2025-06-26,229,Amoxicillin 500mg
2025-06-27,239,Amoxicillin 500mg
2025-06-28,216,Amoxicillin 500mg
2025-06-29,204,Amoxicillin 500mg
2025-06-30,240,Amoxicillin 500mg
2025-07-01,239,Amoxicillin 500mg
2025-07-02,209,Amoxicillin 500mg
2025-07-03,240,Amoxicillin 500mg
2025-07-04,239,Amoxicillin 500mg
2025-07-05,204,Amoxicillin 500mg
2025-07-06,201,Amoxicillin 500mg
2025-07-07,241,Amoxicillin 500mg
2025-07-08,238,Amoxicillin 500mg
2025-07-09,244,Amoxicillin 500mg
2025-07-10,218,Amoxicillin 500mg
2025-07-11,233,Amoxicillin 500mg
2025-07-12,203,Amoxicillin 500mg
2025-07-13,183,Amoxicillin 500mg
2025-07-14,231,Amoxicillin 500mg
2025-07-15,235,Amoxicillin 500mg
2025-07-16,221,Amoxicillin 500mg
2025-07-17,223,Amoxicillin 500mg
2025-07-18,227,Amoxicillin 500mg
2025-07-19,213,Amoxicillin 500mg
2025-07-20,208,Amoxicillin 500mg
2025-07-21,221,Amoxicillin 500mg
2025-07-22,219,Amoxicillin 500mg
2025-07-23,240,Amoxicillin 500mg
2025-07-24,227,Amoxicillin 500mg
2025-07-25,236,Amoxicillin 500mg
2025-07-26,203,Amoxicillin 500mg
2025-07-27,202,Amoxicillin 500mg
2025-07-28,253,Amoxicillin 500mg
2025-07-29,256,Amoxicillin 500mg
2025-07-30,247,Amoxicillin 500mg
2025-07-31,239,Amoxicillin 500mg
2025-08-01,242,Amoxicillin 500mg
2025-08-02,217,Amoxicillin 500mg
2025-08-03,221,Amoxicillin 500mg
2025-08-04,242,Amoxicillin 500mg
2025-08-05,231,Amoxicillin 500mg
2025-08-06,239,Amoxicillin 500mg
2025-08-07,243,Amoxicillin 500mg
2025-08-08,235,Amoxicillin 500mg
2025-08-09,203,Amoxicillin 500mg
2025-08-10,209,Amoxicillin 500mg
2025-08-11,231,Amoxicillin 500mg
2025-08-12,245,Amoxicillin 500mg
2025-08-13,233,Amoxicillin 500mg
2025-08-14,247,Amoxicillin 500mg
2025-08-15,223,Amoxicillin 500mg
2025-08-16,214,Amoxicillin 500mg
2025-08-17,191,Amoxicillin 500mg
2025-08-18,217,Amoxicillin 500mg
2025-08-19,233,Amoxicillin 500mg
2025-08-20,212,Amoxicillin 500mg
2025-08-21,229,Amoxicillin 500mg
2025-08-22,241,Amoxicillin 500mg
2025-08-23,203,Amoxicillin 500mg
2025-08-24,225,Amoxicillin 500mg
2025-08-25,222,Amoxicillin 500mg
2025-08-26,227,Amoxicillin 500mg
2025-08-27,233,Amoxicillin 500mg
2025-08-28,235,Amoxicillin 500mg
2025-08-29,235,Amoxicillin 500mg
2025-08-30,222,Amoxicillin 500mg
2025-08-31,212,Amoxicillin 500mg
2025-09-01,235,Amoxicillin 500mg
2025-09-02,226,Amoxicillin 500mg
2025-09-03,243,Amoxicillin 500mg
2025-09-04,245,Amoxicillin 500mg
2025-09-05,225,Amoxicillin 500mg
2025-09-06,212,Amoxicillin 500mg
2025-09-07,216,Amoxicillin 500mg
2025-09-08,241,Amoxicillin 500mg
2025-09-09,243,Amoxicillin 500mg
2025-09-10,236,Amoxicillin 500mg
2025-09-11,221,Amoxicillin 500mg
2025-09-12,243,Amoxicillin 500mg
2025-09-13,205,Amoxicillin 500mg
2025-09-14,223,Amoxicillin 500mg
2025-09-15,251,Amoxicillin 500mg
2025-09-16,225,Amoxicillin 500mg
2025-09-17,240,Amoxicillin 500mg
2025-09-18,254,Amoxicillin 500mg
2025-09-19,232,Amoxicillin 500mg
2025-09-20,207,Amoxicillin 500mg
2025-09-21,208,Amoxicillin 500mg
2025-09-22,224,Amoxicillin 500mg
2025-09-23,235,Amoxicillin 500mg
2025-09-24,226,Amoxicillin 500mg
2025-09-25,232,Amoxicillin 500mg
2025-09-26,242,Amoxicillin 500mg
2025-09-27,217,Amoxicillin 500mg
2025-09-28,204,Amoxicillin 500mg
2025-09-29,244,Amoxicillin 500mg
2025-09-30,238,Amoxicillin 500mg
2025-10-01,234,Amoxicillin 500mg
2025-10-02,229,Amoxicillin 500mg
2025-10-03,262,Amoxicillin 500mg
2025-10-04,228,Amoxicillin 500mg
2025-10-05,206,Amoxicillin 500mg
2025-10-06,263,Amoxicillin 500mg
2025-10-07,234,Amoxicillin 500mg
2025-10-08,239,Amoxicillin 500mg
2025-10-09,230,Amoxicillin 500mg
2025-10-10,231,Amoxicillin 500mg
2025-10-11,215,Amoxicillin 500mg
2025-10-12,213,Amoxicillin 500mg
2025-10-13,233,Amoxicillin 500mg
2025-10-14,234,Amoxicillin 500mg
2025-10-15,233,Amoxicillin 500mg
2025-10-16,247,Amoxicillin 500mg
2025-10-17,249,Amoxicillin 500mg
2025-10-18,230,Amoxicillin 500mg
2025-10-19,219,Amoxicillin 500mg
2025-10-20,236,Amoxicillin 500mg
2025-10-21,218,Amoxicillin 500mg
2025-10-22,230,Amoxicillin 500mg
2025-10-23,244,Amoxicillin 500mg
2025-10-24,247,Amoxicillin 500mg
2025-10-25,215,Amoxicillin 500mg
2025-10-26,205,Amoxicillin 500mg
2025-10-27,222,Amoxicillin 500mg
2025-10-28,238,Amoxicillin 500mg
2025-10-29,252,Amoxicillin 500mg
2025-10-30,254,Amoxicillin 500mg
2025-10-31,236,Amoxicillin 500mg
2025-11-01,231,Amoxicillin 500mg
2025-11-02,215,Amoxicillin 500mg
2025-11-03,231,Amoxicillin 500mg
2025-11-04,229,Amoxicillin 500mg
2025-11-05,249,Amoxicillin 500mg
2025-11-06,222,Amoxicillin 500mg
2025-11-07,227,Amoxicillin 500mg
2025-11-08,207,Amoxicillin 500mg
2025-11-09,217,Amoxicillin 500mg
2025-11-10,240,Amoxicillin 500mg
2025-11-11,234,Amoxicillin 500mg
2025-11-12,244,Amoxicillin 500mg
2025-11-13,229,Amoxicillin 500mg
2025-11-14,245,Amoxicillin 500mg
2025-11-15,208,Amoxicillin 500mg
2025-11-16,215,Amoxicillin 500mg
2025-11-17,229,Amoxicillin 500mg
2025-11-18,229,Amoxicillin 500mg
2025-11-19,238,Amoxicillin 500mg
2025-11-20,244,Amoxicillin 500mg
2025-11-21,229,Amoxicillin 500mg
2025-11-22,215,Amoxicillin 500mg
2025-11-23,216,Amoxicillin 500mg
2025-11-24,264,Amoxicillin 500mg
2025-11-25,247,Amoxicillin 500mg
2025-11-26,236,Amoxicillin 500mg
2025-11-27,283,Amoxicillin 500mg
2025-11-28,291,Amoxicillin 500mg
2025-11-29,279,Amoxicillin 500mg
2025-11-30,265,Amoxicillin 500mg
2025-12-01,288,Amoxicillin 500mg
2025-12-02,301,Amoxicillin 500mg
2025-12-03,296,Amoxicillin 500mg
2025-12-04,279,Amoxicillin 500mg
2025-12-05,287,Amoxicillin 500mg
2025-12-06,249,Amoxicillin 500mg
2025-12-07,262,Amoxicillin 500mg
2025-12-08,275,Amoxicillin 500mg
2025-12-09,278,Amoxicillin 500mg
2025-12-10,291,Amoxicillin 500mg
2025-12-11,280,Amoxicillin 500mg
2025-12-12,279,Amoxicillin 500mg
2025-12-13,267,Amoxicillin 500mg
2025-12-14,267,Amoxicillin 500mg
2025-12-15,277,Amoxicillin 500mg
2025-12-16,304,Amoxicillin 500mg
2025-12-17,293,Amoxicillin 500mg
2025-12-18,300,Amoxicillin 500mg
2025-12-19,288,Amoxicillin 500mg
2025-12-20,270,Amoxicillin 500mg
2025-12-21,282,Amoxicillin 500mg
2025-12-22,275,Amoxicillin 500mg
2025-12-23,294,Amoxicillin 500mg
2025-12-24,295,Amoxicillin 500mg
2025-12-25,293,Amoxicillin 500mg
2025-12-26,286,Amoxicillin 500mg
2025-12-27,267,Amoxicillin 500mg
2025-12-28,275,Amoxicillin 500mg
2025-12-29,268,Amoxicillin 500mg
2025-12-30,294,Amoxicillin 500mg
2025-12-31,289,Amoxicillin 500mg
2026-01-01,287,Amoxicillin 500mg
2026-01-02,294,Amoxicillin 500mg
2026-01-03,272,Amoxicillin 500mg
2026-01-04,286,Amoxicillin 500mg
2026-01-05,287,Amoxicillin 500mg
2026-01-06,288,Amoxicillin 500mg
2026-01-07,299,Amoxicillin 500mg
2026-01-08,299,Amoxicillin 500mg
2026-01-09,283,Amoxicillin 500mg
2026-01-10,277,Amoxicillin 500mg
2026-01-11,272,Amoxicillin 500mg
2026-01-12,280,Amoxicillin 500mg
2026-01-13,299,Amoxicillin 500mg
2026-01-14,272,Amoxicillin 500mg
2026-01-15,296,Amoxicillin 500mg
2026-01-16,277,Amoxicillin 500mg
2026-01-17,269,Amoxicillin 500mg
2026-01-18,288,Amoxicillin 500mg
2026-01-19,293,Amoxicillin 500mg
2026-01-20,301,Amoxicillin 500mg
2026-01-21,281,Amoxicillin 500mg
2026-01-22,290,Amoxicillin 500mg
2026-01-23,297,Amoxicillin 500mg
2026-01-24,281,Amoxicillin 500mg
2026-01-25,269,Amoxicillin 500mg
2026-01-26,286,Amoxicillin 500mg
2026-01-27,289,Amoxicillin 500mg
2026-01-28,285,Amoxicillin 500mg
2026-01-29,292,Amoxicillin 500mg
2024-01-30,152,Ibuprofen 200mg
2024-01-31,156,Ibuprofen 200mg
2024-02-01,175,Ibuprofen 200mg
2024-02-02,172,Ibuprofen 200mg
2024-02-03,162,Ibuprofen 200mg
2024-02-04,153,Ibuprofen 200mg
2024-02-05,180,Ibuprofen 200mg
2024-02-06,166,Ibuprofen 200mg
2024-02-07,186,Ibuprofen 200mg
2024-02-08,164,Ibuprofen 200mg
2024-02-09,181,Ibuprofen 200mg
2024-02-10,149,Ibuprofen 200mg
2024-02-11,171,Ibuprofen 200mg
2024-02-12,190,Ibuprofen 200mg
2024-02-13,165,Ibuprofen 200mg
2024-02-14,157,Ibuprofen 200mg
2024-02-15,174,Ibuprofen 200mg
2024-02-16,181,Ibuprofen 200mg
2024-02-17,135,Ibuprofen 200mg
2024-02-18,144,Ibuprofen 200mg
2024-02-19,165,Ibuprofen 200mg
2024-02-20,183,Ibuprofen 200mg
2024-02-21,170,Ibuprofen 200mg
2024-02-22,183,Ibuprofen 200mg
2024-02-23,165,Ibuprofen 200mg
2024-02-24,146,Ibuprofen 200mg
2024-02-25,159,Ibuprofen 200mg
2024-02-26,181,Ibuprofen 200mg
2024-02-27,177,Ibuprofen 200mg
2024-02-28,175,Ibuprofen 200mg
2024-02-29,133,Ibuprofen 200mg
2024-03-01,107,Ibuprofen 200mg
2024-03-02,95,Ibuprofen 200mg
2024-03-03,114,Ibuprofen 200mg
2024-03-04,113,Ibuprofen 200mg
2024-03-05,106,Ibuprofen 200mg
2024-03-06,123,Ibuprofen 200mg
2024-03-07,104,Ibuprofen 200mg
2024-03-08,127,Ibuprofen 200mg
2024-03-09,109,Ibuprofen 200mg
2024-03-10,101,Ibuprofen 200mg
2024-03-11,124,Ibuprofen 200mg
2024-03-12,138,Ibuprofen 200mg
2024-03-13,126,Ibuprofen 200mg
2024-03-14,112,Ibuprofen 200mg
2024-03-15,112,Ibuprofen 200mg
2024-03-16,96,Ibuprofen 200mg
2024-03-17,85,Ibuprofen 200mg
2024-03-18,122,Ibuprofen 200mg
2024-03-19,104,Ibuprofen 200mg
2024-03-20,127,Ibuprofen 200mg
2024-03-21,109,Ibuprofen 200mg
2024-03-22,146,Ibuprofen 200mg
2024-03-23,86,Ibuprofen 200mg
2024-03-24,93,Ibuprofen 200mg
2024-03-25,137,Ibuprofen 200mg
2024-03-26,104,Ibuprofen 200mg
2024-03-27,124,Ibuprofen 200mg
2024-03-28,105,Ibuprofen 200mg
2024-03-29,111,Ibuprofen 200mg
2024-03-30,109,Ibuprofen 200mg
2024-03-31,97,Ibuprofen 200mg
2024-04-01,118,Ibuprofen 200mg
2024-04-02,113,Ibuprofen 200mg
2024-04-03,129,Ibuprofen 200mg
2024-04-04,111,Ibuprofen 200mg
2024-04-05,128,Ibuprofen 200mg
2024-04-06,109,Ibuprofen 200mg
2024-04-07,104,Ibuprofen 200mg
2024-04-08,131,Ibuprofen 200mg
2024-04-09,125,Ibuprofen 200mg
2024-04-10,115,Ibuprofen 200mg
2024-04-11,132,Ibuprofen 200mg
2024-04-12,129,Ibuprofen 200mg
2024-04-13,108,Ibuprofen 200mg
2024-04-14,92,Ibuprofen 200mg
2024-04-15,119,Ibuprofen 200mg
2024-04-16,110,Ibuprofen 200mg
2024-04-17,128,Ibuprofen 200mg
2024-04-18,126,Ibuprofen 200mg
2024-04-19,127,Ibuprofen 200mg
2024-04-20,101,Ibuprofen 200mg
2024-04-21,109,Ibuprofen 200mg
2024-04-22,134,Ibuprofen 200mg
2024-04-23,139,Ibuprofen 200mg
2024-04-24,122,Ibuprofen 200mg
2024-04-25,117,Ibuprofen 200mg
2024-04-26,123,Ibuprofen 200mg
2024-04-27,99,Ibuprofen 200mg
2024-04-28,110,Ibuprofen 200mg
2024-04-29,119,Ibuprofen 200mg
2024-04-30,112,Ibuprofen 200mg
2024-05-01,125,Ibuprofen 200mg
2024-05-02,131,Ibuprofen 200mg
2024-05-03,118,Ibuprofen 200mg
2024-05-04,93,Ibuprofen 200mg
2024-05-05,102,Ibuprofen 200mg
2024-05-06,119,Ibuprofen 200mg
2024-05-07,122,Ibuprofen 200mg
2024-05-08,124,Ibuprofen 200mg
2024-05-09,120,Ibuprofen 200mg
2024-05-10,143,Ibuprofen 200mg
2024-05-11,106,Ibuprofen 200mg
2024-05-12,110,Ibuprofen 200mg
2024-05-13,141,Ibuprofen 200mg
2024-05-14,115,Ibuprofen 200mg
2024-05-15,116,Ibuprofen 200mg
2024-05-16,123,Ibuprofen 200mg
2024-05-17,133,Ibuprofen 200mg
2024-05-18,104,Ibuprofen 200mg
2024-05-19,120,Ibuprofen 200mg
2024-05-20,125,Ibuprofen 200mg
2024-05-21,144,Ibuprofen 200mg
2024-05-22,112,Ibuprofen 200mg
2024-05-23,120,Ibuprofen 200mg
2024-05-24,124,Ibuprofen 200mg
2024-05-25,107,Ibuprofen 200mg
2024-05-26,100,Ibuprofen 200mg
2024-05-27,130,Ibuprofen 200mg
2024-05-28,121,Ibuprofen 200mg
2024-05-29,133,Ibuprofen 200mg
2024-05-30,120,Ibuprofen 200mg
2024-05-31,136,Ibuprofen 200mg
2024-06-01,99,Ibuprofen 200mg
2024-06-02,94,Ibuprofen 200mg
2024-06-03,124,Ibuprofen 200mg
2024-06-04,132,Ibuprofen 200mg
2024-06-05,139,Ibuprofen 200mg
2024-06-06,121,Ibuprofen 200mg
2024-06-07,128,Ibuprofen 200mg
2024-06-08,100,Ibuprofen 200mg
2024-06-09,116,Ibuprofen 200mg
2024-06-10,136,Ibuprofen 200mg
2024-06-11,131,Ibuprofen 200mg
2024-06-12,123,Ibuprofen 200mg
2024-06-13,135,Ibuprofen 200mg
2024-06-14,141,Ibuprofen 200mg
2024-06-15,109,Ibuprofen 200mg
2024-06-16,104,Ibuprofen 200mg
2024-06-17,129,Ibuprofen 200mg
2024-06-18,121,Ibuprofen 200mg
2024-06-19,117,Ibuprofen 200mg
2024-06-20,144,Ibuprofen 200mg
2024-06-21,127,Ibuprofen 200mg
2024-06-22,116,Ibuprofen 200mg
2024-06-23,103,Ibuprofen 200mg
2024-06-24,116,Ibuprofen 200mg
2024-06-25,112,Ibuprofen 200mg
2024-06-26,129,Ibuprofen 200mg
2024-06-27,130,Ibuprofen 200mg
2024-06-28,153,Ibuprofen 200mg
2024-06-29,127,Ibuprofen 200mg
2024-06-30,113,Ibuprofen 200mg
2024-07-01,121,Ibuprofen 200mg
2024-07-02,127,Ibuprofen 200mg
2024-07-03,145,Ibuprofen 200mg
2024-07-04,126,Ibuprofen 200mg
2024-07-05,125,Ibuprofen 200mg
2024-07-06,118,Ibuprofen 200mg
2024-07-07,98,Ibuprofen 200mg
2024-07-08,113,Ibuprofen 200mg
2024-07-09,130,Ibuprofen 200mg
2024-07-10,125,Ibuprofen 200mg
2024-07-11,117,Ibuprofen 200mg
2024-07-12,138,Ibuprofen 200mg
2024-07-13,102,Ibuprofen 200mg
2024-07-14,109,Ibuprofen 200mg
2024-07-15,129,Ibuprofen 200mg
2024-07-16,137,Ibuprofen 200mg
2024-07-17,128,Ibuprofen 200mg
2024-07-18,128,Ibuprofen 200mg
2024-07-19,127,Ibuprofen 200mg
2024-07-20,124,Ibuprofen 200mg
2024-07-21,130,Ibuprofen 200mg
2024-07-22,113,Ibuprofen 200mg
2024-07-23,126,Ibuprofen 200mg
2024-07-24,127,Ibuprofen 200mg
2024-07-25,120,Ibuprofen 200mg
2024-07-26,147,Ibuprofen 200mg
2024-07-27,104,Ibuprofen 200mg
2024-07-28,94,Ibuprofen 200mg
2024-07-29,124,Ibuprofen 200mg
2024-07-30,141,Ibuprofen 200mg
2024-07-31,147,Ibuprofen 200mg
2024-08-01,106,Ibuprofen 200mg
2024-08-02,129,Ibuprofen 200mg
2024-08-03,98,Ibuprofen 200mg
2024-08-04,127,Ibuprofen 200mg
2024-08-05,153,Ibuprofen 200mg
2024-08-06,132,Ibuprofen 200mg
2024-08-07,155,Ibuprofen 200mg
2024-08-08,111,Ibuprofen 200mg
2024-08-09,123,Ibuprofen 200mg
2024-08-10,85,Ibuprofen 200mg
2024-08-11,93,Ibuprofen 200mg
2024-08-12,140,Ibuprofen 200mg
2024-08-13,121,Ibuprofen 200mg
2024-08-14,146,Ibuprofen 200mg
2024-08-15,127,Ibuprofen 200mg
2024-08-16,108,Ibuprofen 200mg
2024-08-17,99,Ibuprofen 200mg
2024-08-18,98,Ibuprofen 200mg
2024-08-19,107,Ibuprofen 200mg
2024-08-20,124,Ibuprofen 200mg
2024-08-21,132,Ibuprofen 200mg
2024-08-22,139,Ibuprofen 200mg
2024-08-23,132,Ibuprofen 200mg
2024-08-24,111,Ibuprofen 200mg
2024-08-25,118,Ibuprofen 200mg
2024-08-26,129,Ibuprofen 200mg
2024-08-27,121,Ibuprofen 200mg
2024-08-28,140,Ibuprofen 200mg
2024-08-29,144,Ibuprofen 200mg
2024-08-30,143,Ibuprofen 200mg
2024-08-31,104,Ibuprofen 200mg
2024-09-01,116,Ibuprofen 200mg
2024-09-02,144,Ibuprofen 200mg
2024-09-03,120,Ibuprofen 200mg
2024-09-04,126,Ibuprofen 200mg
2024-09-05,133,Ibuprofen 200mg
2024-09-06,138,Ibuprofen 200mg
2024-09-07,97,Ibuprofen 200mg
2024-09-08,106,Ibuprofen 200mg
2024-09-09,127,Ibuprofen 200mg
2024-09-10,127,Ibuprofen 200mg
2024-09-11,134,Ibuprofen 200mg
2024-09-12,121,Ibuprofen 200mg
2024-09-13,142,Ibuprofen 200mg
2024-09-14,115,Ibuprofen 200mg
2024-09-15,107,Ibuprofen 200mg
2024-09-16,122,Ibuprofen 200mg
2024-09-17,121,Ibuprofen 200mg
2024-09-18,146,Ibuprofen 200mg
2024-09-19,120,Ibuprofen 200mg
2024-09-20,125,Ibuprofen 200mg
2024-09-21,120,Ibuprofen 200mg
2024-09-22,109,Ibuprofen 200mg
2024-09-23,133,Ibuprofen 200mg
2024-09-24,136,Ibuprofen 200mg
2024-09-25,139,Ibuprofen 200mg
2024-09-26,120,Ibuprofen 200mg
2024-09-27,135,Ibuprofen 200mg
2024-09-28,134,Ibuprofen 200mg
2024-09-29,112,Ibuprofen 200mg
2024-09-30,130,Ibuprofen 200mg
2024-10-01,132,Ibuprofen 200mg
2024-10-02,146,Ibuprofen 200mg
2024-10-03,142,Ibuprofen 200mg
2024-10-04,118,Ibuprofen 200mg
2024-10-05,108,Ibuprofen 200mg
2024-10-06,133,Ibuprofen 200mg
2024-10-07,121,Ibuprofen 200mg
2024-10-08,128,Ibuprofen 200mg
2024-10-09,133,Ibuprofen 200mg
2024-10-10,114,Ibuprofen 200mg
2024-10-11,124,Ibuprofen 200mg
2024-10-12,123,Ibuprofen 200mg
2024-10-13,112,Ibuprofen 200mg
2024-10-14,127,Ibuprofen 200mg
2024-10-15,128,Ibuprofen 200mg
2024-10-16,131,Ibuprofen 200mg
2024-10-17,147,Ibuprofen 200mg
2024-10-18,134,Ibuprofen 200mg
2024-10-19,121,Ibuprofen 200mg
2024-10-20,107,Ibuprofen 200mg
2024-10-21,123,Ibuprofen 200mg
2024-10-22,117,Ibuprofen 200mg
2024-10-23,127,Ibuprofen 200mg
2024-10-24,119,Ibuprofen 200mg
2024-10-25,137,Ibuprofen 200mg
2024-10-26,107,Ibuprofen 200mg
2024-10-27,114,Ibuprofen 200mg
2024-10-28,134,Ibuprofen 200mg
2024-10-29,127,Ibuprofen 200mg
2024-10-30,127,Ibuprofen 200mg
2024-10-31,123,Ibuprofen 200mg
2024-11-01,127,Ibuprofen 200mg
2024-11-02,116,Ibuprofen 200mg
2024-11-03,116,Ibuprofen 200mg
2024-11-04,120,Ibuprofen 200mg
2024-11-05,118,Ibuprofen 200mg
2024-11-06,138,Ibuprofen 200mg
2024-11-07,133,Ibuprofen 200mg
2024-11-08,141,Ibuprofen 200mg
2024-11-09,120,Ibuprofen 200mg
2024-11-10,123,Ibuprofen 200mg
2024-11-11,145,Ibuprofen 200mg
2024-11-12,173,Ibuprofen 200mg
2024-11-13,131,Ibuprofen 200mg
2024-11-14,125,Ibuprofen 200mg
2024-11-15,134,Ibuprofen 200mg
2024-11-16,111,Ibuprofen 200mg
2024-11-17,122,Ibuprofen 200mg
2024-11-18,155,Ibuprofen 200mg
2024-11-19,152,Ibuprofen 200mg
2024-11-20,130,Ibuprofen 200mg
2024-11-21,124,Ibuprofen 200mg
2024-11-22,140,Ibuprofen 200mg
2024-11-23,118,Ibuprofen 200mg
2024-11-24,119,Ibuprofen 200mg
2024-11-25,141,Ibuprofen 200mg
2024-11-26,190,Ibuprofen 200mg
2024-11-27,184,Ibuprofen 200mg
2024-11-28,194,Ibuprofen 200mg
2024-11-29,187,Ibuprofen 200mg
2024-11-30,166,Ibuprofen 200mg
2024-12-01,183,Ibuprofen 200mg
2024-12-02,208,Ibuprofen 200mg
2024-12-03,176,Ibuprofen 200mg
2024-12-04,177,Ibuprofen 200mg
2024-12-05,165,Ibuprofen 200mg
2024-12-06,175,Ibuprofen 200mg
2024-12-07,174,Ibuprofen 200mg
2024-12-08,157,Ibuprofen 200mg
2024-12-09,184,Ibuprofen 200mg
2024-12-10,181,Ibuprofen 200mg
2024-12-11,179,Ibuprofen 200mg
2024-12-12,179,Ibuprofen 200mg
2024-12-13,187,Ibuprofen 200mg
2024-12-14,165,Ibuprofen 200mg
2024-12-15,159,Ibuprofen 200mg
2024-12-16,190,Ibuprofen 200mg
2024-12-17,180,Ibuprofen 200mg
2024-12-18,173,Ibuprofen 200mg
2024-12-19,186,Ibuprofen 200mg
2024-12-20,192,Ibuprofen 200mg
2024-12-21,175,Ibuprofen 200mg
2024-12-22,143,Ibuprofen 200mg
2024-12-23,179,Ibuprofen 200mg
2024-12-24,191,Ibuprofen 200mg
2024-12-25,196,Ibuprofen 200mg
2024-12-26,182,Ibuprofen 200mg
2024-12-27,184,Ibuprofen 200mg
2024-12-28,157,Ibuprofen 200mg
2024-12-29,155,Ibuprofen 200mg
2024-12-30,194,Ibuprofen 200mg
2024-12-31,174,Ibuprofen 200mg
2025-01-01,180,Ibuprofen 200mg
2025-01-02,179,Ibuprofen 200mg
2025-01-03,187,Ibuprofen 200mg
2025-01-04,177,Ibuprofen 200mg
2025-01-05,171,Ibuprofen 200mg
2025-01-06,187,Ibuprofen 200mg
2025-01-07,172,Ibuprofen 200mg
2025-01-08,180,Ibuprofen 200mg
2025-01-09,190,Ibuprofen 200mg
2025-01-10,164,Ibuprofen 200mg
2025-01-11,157,Ibuprofen 200mg
2025-01-12,176,Ibuprofen 200mg
2025-01-13,186,Ibuprofen 200mg
2025-01-14,174,Ibuprofen 200mg
2025-01-15,200,Ibuprofen 200mg
2025-01-16,187,Ibuprofen 200mg
2025-01-17,181,Ibuprofen 200mg
2025-01-18,165,Ibuprofen 200mg
2025-01-19,172,Ibuprofen 200mg
2025-01-20,198,Ibuprofen 200mg
2025-01-21,202,Ibuprofen 200mg
2025-01-22,177,Ibuprofen 200mg
2025-01-23,180,Ibuprofen 200mg
2025-01-24,178,Ibuprofen 200mg
2025-01-25,160,Ibuprofen 200mg
2025-01-26,169,Ibuprofen 200mg
2025-01-27,189,Ibuprofen 200mg
2025-01-28,190,Ibuprofen 200mg
2025-01-29,199,Ibuprofen 200mg
2025-01-30,160,Ibuprofen 200mg
2025-01-31,194,Ibuprofen 200mg
2025-02-01,175,Ibuprofen 200mg
2025-02-02,163,Ibuprofen 200mg
2025-02-03,182,Ibuprofen 200mg
2025-02-04,179,Ibuprofen 200mg
2025-02-05,187,Ibuprofen 200mg
2025-02-06,196,Ibuprofen 200mg
2025-02-07,177,Ibuprofen 200mg
2025-02-08,164,Ibuprofen 200mg
2025-02-09,161,Ibuprofen 200mg
2025-02-10,202,Ibuprofen 200mg
2025-02-11,169,Ibuprofen 200mg
2025-02-12,212,Ibuprofen 200mg
2025-02-13,206,Ibuprofen 200mg
2025-02-14,192,Ibuprofen 200mg
2025-02-15,166,Ibuprofen 200mg
2025-02-16,167,Ibuprofen 200mg
2025-02-17,204,Ibuprofen 200mg
2025-02-18,168,Ibuprofen 200mg
2025-02-19,189,Ibuprofen 200mg
2025-02-20,193,Ibuprofen 200mg
2025-02-21,181,Ibuprofen 200mg
2025-02-22,166,Ibuprofen 200mg
2025-02-23,154,Ibuprofen 200mg
2025-02-24,183,Ibuprofen 200mg
2025-02-25,180,Ibuprofen 200mg
2025-02-26,180,Ibuprofen 200mg
2025-02-27,198,Ibuprofen 200mg
2025-02-28,185,Ibuprofen 200mg
2025-03-01,126,Ibuprofen 200mg
2025-03-02,120,Ibuprofen 200mg
2025-03-03,132,Ibuprofen 200mg
2025-03-04,141,Ibuprofen 200mg
2025-03-05,138,Ibuprofen 200mg
2025-03-06,132,Ibuprofen 200mg
2025-03-07,134,Ibuprofen 200mg
2025-03-08,138,Ibuprofen 200mg
2025-03-09,130,Ibuprofen 200mg
2025-03-10,138,Ibuprofen 200mg
2025-03-11,150,Ibuprofen 200mg
2025-03-12,129,Ibuprofen 200mg
2025-03-13,139,Ibuprofen 200mg
2025-03-14,134,Ibuprofen 200mg
2025-03-15,111,Ibuprofen 200mg
2025-03-16,113,Ibuprofen 200mg
2025-03-17,150,Ibuprofen 200mg
2025-03-18,136,Ibuprofen 200mg
2025-03-19,137,Ibuprofen 200mg
2025-03-20,130,Ibuprofen 200mg
2025-03-21,159,Ibuprofen 200mg
2025-03-22,121,Ibuprofen 200mg
2025-03-23,127,Ibuprofen 200mg
2025-03-24,147,Ibuprofen 200mg
2025-03-25,137,Ibuprofen 200mg
2025-03-26,125,Ibuprofen 200mg
2025-03-27,147,Ibuprofen 200mg
2025-03-28,162,Ibuprofen 200mg
2025-03-29,125,Ibuprofen 200mg
2025-03-30,129,Ibuprofen 200mg
2025-03-31,153,Ibuprofen 200mg
2025-04-01,148,Ibuprofen 200mg
2025-04-02,150,Ibuprofen 200mg
2025-04-03,142,Ibuprofen 200mg
2025-04-04,139,Ibuprofen 200mg
2025-04-05,132,Ibuprofen 200mg
2025-04-06,124,Ibuprofen 200mg
2025-04-07,133,Ibuprofen 200mg
2025-04-08,153,Ibuprofen 200mg
2025-04-09,131,Ibuprofen 200mg
2025-04-10,138,Ibuprofen 200mg
2025-04-11,134,Ibuprofen 200mg
2025-04-12,123,Ibuprofen 200mg
2025-04-13,119,Ibuprofen 200mg
2025-04-14,134,Ibuprofen 200mg
2025-04-15,128,Ibuprofen 200mg
2025-04-16,141,Ibuprofen 200mg
2025-04-17,139,Ibuprofen 200mg
2025-04-18,133,Ibuprofen 200mg
2025-04-19,120,Ibuprofen 200mg
2025-04-20,117,Ibuprofen 200mg
2025-04-21,140,Ibuprofen 200mg
2025-04-22,140,Ibuprofen 200mg
2025-04-23,137,Ibuprofen 200mg
2025-04-24,139,Ibuprofen 200mg
2025-04-25,136,Ibuprofen 200mg
2025-04-26,116,Ibuprofen 200mg
2025-04-27,107,Ibuprofen 200mg
2025-04-28,147,Ibuprofen 200mg
2025-04-29,146,Ibuprofen 200mg
2025-04-30,137,Ibuprofen 200mg
2025-05-01,142,Ibuprofen 200mg
2025-05-02,141,Ibuprofen 200mg
2025-05-03,146,Ibuprofen 200mg
2025-05-04,130,Ibuprofen 200mg
2025-05-05,152,Ibuprofen 200mg
2025-05-06,136,Ibuprofen 200mg
2025-05-07,136,Ibuprofen 200mg
2025-05-08,154,Ibuprofen 200mg
2025-05-09,131,Ibuprofen 200mg
2025-05-10,137,Ibuprofen 200mg
2025-05-11,107,Ibuprofen 200mg
2025-05-12,153,Ibuprofen 200mg
2025-05-13,119,Ibuprofen 200mg
2025-05-14,135,Ibuprofen 200mg
2025-05-15,133,Ibuprofen 200mg
2025-05-16,145,Ibuprofen 200mg
2025-05-17,115,Ibuprofen 200mg
2025-05-18,114,Ibuprofen 200mg
2025-05-19,142,Ibuprofen 200mg
2025-05-20,146,Ibuprofen 200mg
2025-05-21,152,Ibuprofen 200mg
2025-05-22,133,Ibuprofen 200mg
2025-05-23,152,Ibuprofen 200mg
2025-05-24,129,Ibuprofen 200mg
2025-05-25,119,Ibuprofen 200mg
2025-05-26,138,Ibuprofen 200mg
2025-05-27,138,Ibuprofen 200mg
2025-05-28,135,Ibuprofen 200mg
2025-05-29,157,Ibuprofen 200mg
2025-05-30,159,Ibuprofen 200mg
2025-05-31,138,Ibuprofen 200mg
2025-06-01,119,Ibuprofen 200mg
2025-06-02,147,Ibuprofen 200mg
2025-06-03,138,Ibuprofen 200mg
2025-06-04,138,Ibuprofen 200mg
2025-06-05,139,Ibuprofen 200mg
2025-06-06,149,Ibuprofen 200mg
2025-06-07,123,Ibuprofen 200mg
2025-06-08,117,Ibuprofen 200mg
2025-06-09,126,Ibuprofen 200mg
2025-06-10,143,Ibuprofen 200mg
2025-06-11,155,Ibuprofen 200mg
2025-06-12,135,Ibuprofen 200mg
2025-06-13,133,Ibuprofen 200mg
2025-06-14,115,Ibuprofen 200mg
2025-06-15,121,Ibuprofen 200mg
2025-06-16,146,Ibuprofen 200mg
2025-06-17,138,Ibuprofen 200mg
2025-06-18,162,Ibuprofen 200mg
2025-06-19,126,Ibuprofen 200mg
2025-06-20,147,Ibuprofen 200mg
2025-06-21,115,Ibuprofen 200mg
2025-06-22,124,Ibuprofen 200mg
2025-06-23,152,Ibuprofen 200mg
2025-06-24,149,Ibuprofen 200mg
2025-06-25,144,Ibuprofen 200mg
2025-06-26,160,Ibuprofen 200mg
2025-06-27,146,Ibuprofen 200mg
2025-06-28,119,Ibuprofen 200mg
2025-06-29,113,Ibuprofen 200mg
2025-06-30,156,Ibuprofen 200mg
2025-07-01,148,Ibuprofen 200mg
2025-07-02,125,Ibuprofen 200mg
2025-07-03,170,Ibuprofen 200mg
2025-07-04,152,Ibuprofen 200mg
2025-07-05,115,Ibuprofen 200mg
2025-07-06,128,Ibuprofen 200mg
2025-07-07,150,Ibuprofen 200mg
2025-07-08,154,Ibuprofen 200mg
2025-07-09,134,Ibuprofen 200mg
2025-07-10,147,Ibuprofen 200mg
2025-07-11,156,Ibuprofen 200mg
2025-07-12,126,Ibuprofen 200mg
2025-07-13,109,Ibuprofen 200mg
2025-07-14,136,Ibuprofen 200mg
2025-07-15,146,Ibuprofen 200mg
2025-07-16,151,Ibuprofen 200mg
2025-07-17,156,Ibuprofen 200mg
2025-07-18,149,Ibuprofen 200mg
2025-07-19,130,Ibuprofen 200mg
2025-07-20,120,Ibuprofen 200mg
2025-07-21,139,Ibuprofen 200mg
2025-07-22,144,Ibuprofen 200mg
2025-07-23,128,Ibuprofen 200mg
2025-07-24,138,Ibuprofen 200mg
2025-07-25,146,Ibuprofen 200mg
2025-07-26,131,Ibuprofen 200mg
2025-07-27,130,Ibuprofen 200mg
2025-07-28,153,Ibuprofen 200mg
2025-07-29,152,Ibuprofen 200mg
2025-07-30,153,Ibuprofen 200mg
2025-07-31,146,Ibuprofen 200mg
2025-08-01,158,Ibuprofen 200mg
2025-08-02,127,Ibuprofen 200mg
2025-08-03,127,Ibuprofen 200mg
2025-08-04,147,Ibuprofen 200mg
2025-08-05,163,Ibuprofen 200mg
2025-08-06,139,Ibuprofen 200mg
2025-08-07,157,Ibuprofen 200mg
2025-08-08,143,Ibuprofen 200mg
2025-08-09,141,Ibuprofen 200mg
2025-08-10,119,Ibuprofen 200mg
2025-08-11,145,Ibuprofen 200mg
2025-08-12,160,Ibuprofen 200mg
2025-08-13,140,Ibuprofen 200mg
2025-08-14,126,Ibuprofen 200mg
2025-08-15,140,Ibuprofen 200mg
2025-08-16,132,Ibuprofen 200mg
2025-08-17,136,Ibuprofen 200mg
2025-08-18,142,Ibuprofen 200mg
2025-08-19,163,Ibuprofen 200mg
2025-08-20,153,Ibuprofen 200mg
2025-08-21,158,Ibuprofen 200mg
2025-08-22,156,Ibuprofen 200mg
2025-08-23,136,Ibuprofen 200mg
2025-08-24,132,Ibuprofen 200mg
2025-08-25,158,Ibuprofen 200mg
2025-08-26,174,Ibuprofen 200mg
2025-08-27,145,Ibuprofen 200mg
2025-08-28,142,Ibuprofen 200mg
2025-08-29,157,Ibuprofen 200mg
2025-08-30,122,Ibuprofen 200mg
2025-08-31,131,Ibuprofen 200mg
2025-09-01,145,Ibuprofen 200mg
2025-09-02,150,Ibuprofen 200mg
2025-09-03,161,Ibuprofen 200mg
2025-09-04,148,Ibuprofen 200mg
2025-09-05,127,Ibuprofen 200mg
2025-09-06,140,Ibuprofen 200mg
2025-09-07,146,Ibuprofen 200mg
2025-09-08,143,Ibuprofen 200mg
2025-09-09,152,Ibuprofen 200mg
2025-09-10,148,Ibuprofen 200mg
2025-09-11,134,Ibuprofen 200mg
2025-09-12,137,Ibuprofen 200mg
2025-09-13,118,Ibuprofen 200mg
2025-09-14,120,Ibuprofen 200mg
2025-09-15,144,Ibuprofen 200mg
2025-09-16,143,Ibuprofen 200mg
2025-09-17,149,Ibuprofen 200mg
2025-09-18,160,Ibuprofen 200mg
2025-09-19,150,Ibuprofen 200mg
2025-09-20,128,Ibuprofen 200mg
2025-09-21,128,Ibuprofen 200mg
2025-09-22,137,Ibuprofen 200mg
2025-09-23,137,Ibuprofen 200mg
2025-09-24,157,Ibuprofen 200mg
2025-09-25,133,Ibuprofen 200mg
2025-09-26,144,Ibuprofen 200mg
2025-09-27,112,Ibuprofen 200mg
2025-09-28,128,Ibuprofen 200mg
2025-09-29,159,Ibuprofen 200mg
2025-09-30,157,Ibuprofen 200mg
2025-10-01,167,Ibuprofen 200mg
2025-10-02,144,Ibuprofen 200mg
2025-10-03,139,Ibuprofen 200mg
2025-10-04,135,Ibuprofen 200mg
2025-10-05,125,Ibuprofen 200mg
2025-10-06,158,Ibuprofen 200mg
2025-10-07,146,Ibuprofen 200mg
2025-10-08,175,Ibuprofen 200mg
2025-10-09,154,Ibuprofen 200mg
2025-10-10,168,Ibuprofen 200mg
2025-10-11,131,Ibuprofen 200mg
2025-10-12,128,Ibuprofen 200mg
2025-10-13,179,Ibuprofen 200mg
2025-10-14,144,Ibuprofen 200mg
2025-10-15,163,Ibuprofen 200mg
2025-10-16,140,Ibuprofen 200mg
2025-10-17,146,Ibuprofen 200mg
2025-10-18,126,Ibuprofen 200mg
2025-10-19,137,Ibuprofen 200mg
2025-10-20,150,Ibuprofen 200mg
2025-10-21,124,Ibuprofen 200mg
2025-10-22,154,Ibuprofen 200mg
2025-10-23,175,Ibuprofen 200mg
2025-10-24,145,Ibuprofen 200mg
2025-10-25,135,Ibuprofen 200mg
2025-10-26,106,Ibuprofen 200mg
2025-10-27,142,Ibuprofen 200mg
2025-10-28,164,Ibuprofen 200mg
2025-10-29,158,Ibuprofen 200mg
2025-10-30,150,Ibuprofen 200mg
2025-10-31,149,Ibuprofen 200mg
2025-11-01,130,Ibuprofen 200mg
2025-11-02,138,Ibuprofen 200mg
2025-11-03,150,Ibuprofen 200mg
2025-11-04,148,Ibuprofen 200mg
2025-11-05,153,Ibuprofen 200mg
2025-11-06,175,Ibuprofen 200mg
2025-11-07,156,Ibuprofen 200mg
2025-11-08,145,Ibuprofen 200mg
2025-11-09,126,Ibuprofen 200mg
2025-11-10,157,Ibuprofen 200mg
2025-11-11,162,Ibuprofen 200mg
2025-11-12,171,Ibuprofen 200mg
2025-11-13,152,Ibuprofen 200mg
2025-11-14,139,Ibuprofen 200mg
2025-11-15,138,Ibuprofen 200mg
2025-11-16,130,Ibuprofen 200mg
2025-11-17,153,Ibuprofen 200mg
2025-11-18,148,Ibuprofen 200mg
2025-11-19,156,Ibuprofen 200mg
2025-11-20,157,Ibuprofen 200mg
2025-11-21,153,Ibuprofen 200mg
2025-11-22,134,Ibuprofen 200mg
2025-11-23,129,Ibuprofen 200mg
2025-11-24,140,Ibuprofen 200mg
2025-11-25,147,Ibuprofen 200mg
2025-11-26,161,Ibuprofen 200mg
2025-11-27,209,Ibuprofen 200mg
2025-11-28,192,Ibuprofen 200mg
2025-11-29,177,Ibuprofen 200mg
2025-11-30,183,Ibuprofen 200mg
2025-12-01,187,Ibuprofen 200mg
2025-12-02,193,Ibuprofen 200mg
2025-12-03,187,Ibuprofen 200mg
2025-12-04,194,Ibuprofen 200mg
2025-12-05,199,Ibuprofen 200mg
2025-12-06,199,Ibuprofen 200mg
2025-12-07,184,Ibuprofen 200mg
2025-12-08,193,Ibuprofen 200mg
2025-12-09,203,Ibuprofen 200mg
2025-12-10,199,Ibuprofen 200mg
2025-12-11,207,Ibuprofen 200mg
2025-12-12,214,Ibuprofen 200mg
2025-12-13,194,Ibuprofen 200mg
2025-12-14,198,Ibuprofen 200mg
2025-12-15,203,Ibuprofen 200mg
2025-12-16,212,Ibuprofen 200mg
2025-12-17,229,Ibuprofen 200mg
2025-12-18,184,Ibuprofen 200mg
2025-12-19,206,Ibuprofen 200mg
2025-12-20,178,Ibuprofen 200mg
2025-12-21,188,Ibuprofen 200mg
2025-12-22,205,Ibuprofen 200mg
2025-12-23,233,Ibuprofen 200mg
2025-12-24,196,Ibuprofen 200mg
2025-12-25,216,Ibuprofen 200mg
2025-12-26,196,Ibuprofen 200mg
2025-12-27,179,Ibuprofen 200mg
2025-12-28,180,Ibuprofen 200mg
2025-12-29,192,Ibuprofen 200mg
2025-12-30,199,Ibuprofen 200mg
2025-12-31,204,Ibuprofen 200mg
2026-01-01,200,Ibuprofen 200mg
2026-01-02,191,Ibuprofen 200mg
2026-01-03,185,Ibuprofen 200mg
2026-01-04,178,Ibuprofen 200mg
2026-01-05,191,Ibuprofen 200mg
2026-01-06,213,Ibuprofen 200mg
2026-01-07,204,Ibuprofen 200mg
2026-01-08,213,Ibuprofen 200mg
2026-01-09,207,Ibuprofen 200mg
2026-01-10,182,Ibuprofen 200mg
2026-01-11,182,Ibuprofen 200mg
2026-01-12,186,Ibuprofen 200mg
2026-01-13,227,Ibuprofen 200mg
2026-01-14,208,Ibuprofen 200mg
2026-01-15,186,Ibuprofen 200mg
2026-01-16,216,Ibuprofen 200mg
2026-01-17,181,Ibuprofen 200mg
2026-01-18,168,Ibuprofen 200mg
2026-01-19,209,Ibuprofen 200mg
2026-01-20,206,Ibuprofen 200mg
2026-01-21,209,Ibuprofen 200mg
2026-01-22,225,Ibuprofen 200mg
2026-01-23,211,Ibuprofen 200mg
2026-01-24,175,Ibuprofen 200mg
2026-01-25,185,Ibuprofen 200mg
2026-01-26,194,Ibuprofen 200mg
2026-01-27,209,Ibuprofen 200mg
2026-01-28,203,Ibuprofen 200mg
2026-01-29,191,Ibuprofen 200mg
2024-01-30,164,Metformin 850mg
2024-01-31,152,Metformin 850mg
2024-02-01,154,Metformin 850mg
2024-02-02,170,Metformin 850mg
2024-02-03,136,Metformin 850mg
2024-02-04,144,Metformin 850mg
2024-02-05,147,Metformin 850mg
2024-02-06,163,Metformin 850mg
2024-02-07,161,Metformin 850mg
2024-02-08,149,Metformin 850mg
2024-02-09,167,Metformin 850mg
2024-02-10,144,Metformin 850mg
2024-02-11,144,Metformin 850mg
2024-02-12,143,Metformin 850mg
2024-02-13,161,Metformin 850mg
2024-02-14,173,Metformin 850mg
2024-02-15,154,Metformin 850mg
2024-02-16,183,Metformin 850mg
2024-02-17,131,Metformin 850mg
2024-02-18,136,Metformin 850mg
2024-02-19,149,Metformin 850mg
2024-02-20,154,Metformin 850mg
2024-02-21,153,Metformin 850mg
2024-02-22,147,Metformin 850mg
2024-02-23,176,Metformin 850mg
2024-02-24,148,Metformin 850mg
2024-02-25,162,Metformin 850mg
2024-02-26,159,Metformin 850mg
2024-02-27,160,Metformin 850mg
2024-02-28,168,Metformin 850mg
2024-02-29,149,Metformin 850mg
2024-03-01,161,Metformin 850mg
2024-03-02,144,Metformin 850mg
2024-03-03,128,Metformin 850mg
2024-03-04,160,Metformin 850mg
2024-03-05,155,Metformin 850mg
2024-03-06,165,Metformin 850mg
2024-03-07,160,Metformin 850mg
2024-03-08,150,Metformin 850mg
2024-03-09,132,Metformin 850mg
2024-03-10,143,Metformin 850mg
2024-03-11,154,Metformin 850mg
2024-03-12,157,Metformin 850mg
2024-03-13,163,Metformin 850mg
2024-03-14,164,Metformin 850mg
2024-03-15,163,Metformin 850mg
2024-03-16,128,Metformin 850mg
2024-03-17,115,Metformin 850mg
2024-03-18,160,Metformin 850mg
2024-03-19,144,Metformin 850mg
2024-03-20,166,Metformin 850mg
2024-03-21,157,Metformin 850mg
2024-03-22,159,Metformin 850mg
2024-03-23,150,Metformin 850mg
2024-03-24,144,Metformin 850mg
2024-03-25,172,Metformin 850mg
2024-03-26,162,Metformin 850mg
2024-03-27,162,Metformin 850mg
2024-03-28,159,Metformin 850mg
2024-03-29,163,Metformin 850mg
2024-03-30,154,Metformin 850mg
2024-03-31,126,Metformin 850mg
2024-04-01,186,Metformin 850mg
2024-04-02,163,Metformin 850mg
2024-04-03,143,Metformin 850mg
2024-04-04,142,Metformin 850mg
2024-04-05,170,Metformin 850mg
2024-04-06,139,Metformin 850mg
2024-04-07,145,Metformin 850mg
2024-04-08,177,Metformin 850mg
2024-04-09,150,Metformin 850mg
2024-04-10,154,Metformin 850mg
2024-04-11,161,Metformin 850mg
2024-04-12,165,Metformin 850mg
2024-04-13,149,Metformin 850mg
2024-04-14,130,Metformin 850mg
2024-04-15,157,Metformin 850mg
2024-04-16,165,Metformin 850mg
2024-04-17,160,Metformin 850mg
2024-04-18,167,Metformin 850mg
2024-04-19,148,Metformin 850mg
2024-04-20,137,Metformin 850mg
2024-04-21,128,Metformin 850mg
2024-04-22,148,Metformin 850mg
2024-04-23,152,Metformin 850mg
2024-04-24,155,Metformin 850mg
2024-04-25,177,Metformin 850mg
2024-04-26,165,Metformin 850mg
2024-04-27,134,Metformin 850mg
2024-04-28,140,Metformin 850mg
2024-04-29,152,Metformin 850mg
2024-04-30,183,Metformin 850mg
2024-05-01,162,Metformin 850mg
2024-05-02,171,Metformin 850mg
2024-05-03,179,Metformin 850mg
2024-05-04,145,Metformin 850mg
2024-05-05,166,Metformin 850mg
2024-05-06,180,Metformin 850mg
2024-05-07,170,Metformin 850mg
2024-05-08,155,Metformin 850mg
2024-05-09,177,Metformin 850mg
2024-05-10,163,Metformin 850mg
2024-05-11,132,Metformin 850mg
2024-05-12,140,Metformin 850mg
2024-05-13,158,Metformin 850mg
2024-05-14,178,Metformin 850mg
2024-05-15,172,Metformin 850mg
2024-05-16,173,Metformin 850mg
2024-05-17,172,Metformin 850mg
2024-05-18,143,Metformin 850mg
2024-05-19,149,Metformin 850mg
2024-05-20,160,Metformin 850mg
2024-05-21,160,Metformin 850mg
2024-05-22,167,Metformin 850mg
2024-05-23,177,Metformin 850mg
2024-05-24,162,Metformin 850mg
2024-05-25,156,Metformin 850mg
2024-05-26,154,Metformin 850mg
2024-05-27,161,Metformin 850mg
2024-05-28,178,Metformin 850mg
2024-05-29,172,Metformin 850mg
2024-05-30,162,Metformin 850mg
2024-05-31,161,Metformin 850mg
2024-06-01,135,Metformin 850mg
2024-06-02,145,Metformin 850mg
2024-06-03,168,Metformin 850mg
2024-06-04,171,Metformin 850mg
2024-06-05,170,Metformin 850mg
2024-06-06,158,Metformin 850mg
2024-06-07,169,Metformin 850mg
2024-06-08,139,Metformin 850mg
2024-06-09,140,Metformin 850mg
2024-06-10,171,Metformin 850mg
2024-06-11,155,Metformin 850mg
2024-06-12,174,Metformin 850mg
2024-06-13,162,Metformin 850mg
2024-06-14,164,Metformin 850mg
2024-06-15,157,Metformin 850mg
2024-06-16,131,Metformin 850mg
2024-06-17,165,Metformin 850mg
2024-06-18,167,Metformin 850mg
2024-06-19,170,Metformin 850mg
2024-06-20,150,Metformin 850mg
2024-06-21,164,Metformin 850mg
2024-06-22,136,Metformin 850mg
2024-06-23,135,Metformin 850mg
2024-06-24,164,Metformin 850mg
2024-06-25,174,Metformin 850mg
2024-06-26,167,Metformin 850mg
2024-06-27,162,Metformin 850mg
2024-06-28,155,Metformin 850mg
2024-06-29,140,Metformin 850mg
2024-06-30,154,Metformin 850mg
2024-07-01,170,Metformin 850mg
2024-07-02,175,Metformin 850mg
2024-07-03,190,Metformin 850mg
2024-07-04,157,Metformin 850mg
2024-07-05,139,Metformin 850mg
2024-07-06,137,Metformin 850mg
2024-07-07,138,Metformin 850mg
2024-07-08,173,Metformin 850mg
2024-07-09,188,Metformin 850mg
2024-07-10,171,Metformin 850mg
2024-07-11,170,Metformin 850mg
2024-07-12,161,Metformin 850mg
2024-07-13,139,Metformin 850mg
2024-07-14,162,Metformin 850mg
2024-07-15,177,Metformin 850mg
2024-07-16,141,Metformin 850mg
2024-07-17,160,Metformin 850mg
2024-07-18,166,Metformin 850mg
2024-07-19,158,Metformin 850mg
2024-07-20,155,Metformin 850mg
2024-07-21,164,Metformin 850mg
2024-07-22,159,Metformin 850mg
2024-07-23,173,Metformin 850mg
2024-07-24,156,Metformin 850mg
2024-07-25,171,Metformin 850mg
2024-07-26,148,Metformin 850mg
2024-07-27,152,Metformin 850mg
2024-07-28,127,Metformin 850mg
2024-07-29,156,Metformin 850mg
2024-07-30,163,Metformin 850mg
2024-07-31,171,Metformin 850mg
2024-08-01,155,Metformin 850mg
2024-08-02,177,Metformin 850mg
2024-08-03,143,Metformin 850mg
2024-08-04,152,Metformin 850mg
2024-08-05,163,Metformin 850mg
2024-08-06,174,Metformin 850mg
2024-08-07,172,Metformin 850mg
2024-08-08,162,Metformin 850mg
2024-08-09,154,Metformin 850mg
2024-08-10,152,Metformin 850mg
2024-08-11,148,Metformin 850mg
2024-08-12,154,Metformin 850mg
2024-08-13,161,Metformin 850mg
2024-08-14,189,Metformin 850mg
2024-08-15,174,Metformin 850mg
2024-08-16,166,Metformin 850mg
2024-08-17,156,Metformin 850mg
2024-08-18,147,Metformin 850mg
2024-08-19,162,Metformin 850mg
2024-08-20,178,Metformin 850mg
2024-08-21,195,Metformin 850mg
2024-08-22,163,Metformin 850mg
2024-08-23,173,Metformin 850mg
2024-08-24,147,Metformin 850mg
2024-08-25,137,Metformin 850mg
2024-08-26,161,Metformin 850mg
2024-08-27,158,Metformin 850mg
2024-08-28,169,Metformin 850mg
2024-08-29,162,Metformin 850mg
2024-08-30,146,Metformin 850mg
2024-08-31,146,Metformin 850mg
2024-09-01,144,Metformin 850mg
2024-09-02,180,Metformin 850mg
2024-09-03,161,Metformin 850mg
2024-09-04,167,Metformin 850mg
2024-09-05,151,Metformin 850mg
2024-09-06,178,Metformin 850mg
2024-09-07,137,Metformin 850mg
2024-09-08,146,Metformin 850mg
2024-09-09,162,Metformin 850mg
2024-09-10,168,Metformin 850mg
2024-09-11,170,Metformin 850mg
2024-09-12,161,Metformin 850mg
2024-09-13,159,Metformin 850mg
2024-09-14,141,Metformin 850mg
2024-09-15,158,Metformin 850mg
2024-09-16,173,Metformin 850mg
2024-09-17,176,Metformin 850mg
2024-09-18,185,Metformin 850mg
2024-09-19,188,Metformin 850mg
2024-09-20,157,Metformin 850mg
2024-09-21,161,Metformin 850mg
2024-09-22,149,Metformin 850mg
2024-09-23,173,Metformin 850mg
2024-09-24,173,Metformin 850mg
2024-09-25,161,Metformin 850mg
2024-09-26,181,Metformin 850mg
2024-09-27,166,Metformin 850mg
2024-09-28,149,Metformin 850mg
2024-09-29,136,Metformin 850mg
2024-09-30,169,Metformin 850mg
2024-10-01,138,Metformin 850mg
2024-10-02,153,Metformin 850mg
2024-10-03,169,Metformin 850mg
2024-10-04,141,Metformin 850mg
2024-10-05,166,Metformin 850mg
2024-10-06,154,Metformin 850mg
2024-10-07,175,Metformin 850mg
2024-10-08,168,Metformin 850mg
2024-10-09,180,Metformin 850mg
2024-10-10,162,Metformin 850mg
2024-10-11,166,Metformin 850mg
2024-10-12,152,Metformin 850mg
2024-10-13,168,Metformin 850mg
2024-10-14,174,Metformin 850mg
2024-10-15,175,Metformin 850mg
2024-10-16,164,Metformin 850mg
2024-10-17,187,Metformin 850mg
2024-10-18,156,Metformin 850mg
2024-10-19,153,Metformin 850mg
2024-10-20,150,Metformin 850mg
2024-10-21,180,Metformin 850mg
2024-10-22,169,Metformin 850mg
2024-10-23,187,Metformin 850mg
2024-10-24,184,Metformin 850mg
2024-10-25,169,Metformin 850mg
2024-10-26,156,Metformin 850mg
2024-10-27,157,Metformin 850mg
2024-10-28,173,Metformin 850mg
2024-10-29,172,Metformin 850mg
2024-10-30,171,Metformin 850mg
2024-10-31,168,Metformin 850mg
2024-11-01,175,Metformin 850mg
2024-11-02,162,Metformin 850mg
2024-11-03,154,Metformin 850mg
2024-11-04,169,Metformin 850mg
2024-11-05,163,Metformin 850mg
2024-11-06,185,Metformin 850mg
2024-11-07,183,Metformin 850mg
2024-11-08,167,Metformin 850mg
2024-11-09,157,Metformin 850mg
2024-11-10,144,Metformin 850mg
2024-11-11,183,Metformin 850mg
2024-11-12,172,Metformin 850mg
2024-11-13,182,Metformin 850mg
2024-11-14,189,Metformin 850mg
2024-11-15,173,Metformin 850mg
2024-11-16,153,Metformin 850mg
2024-11-17,148,Metformin 850mg
2024-11-18,162,Metformin 850mg
2024-11-19,169,Metformin 850mg
2024-11-20,178,Metformin 850mg
2024-11-21,163,Metformin 850mg
2024-11-22,156,Metformin 850mg
2024-11-23,140,Metformin 850mg
2024-11-24,163,Metformin 850mg
2024-11-25,170,Metformin 850mg
2024-11-26,172,Metformin 850mg
2024-11-27,172,Metformin 850mg
2024-11-28,169,Metformin 850mg
2024-11-29,174,Metformin 850mg
2024-11-30,169,Metformin 850mg
2024-12-01,160,Metformin 850mg
2024-12-02,173,Metformin 850mg
2024-12-03,176,Metformin 850mg
2024-12-04,164,Metformin 850mg
2024-12-05,172,Metformin 850mg
2024-12-06,175,Metformin 850mg
2024-12-07,145,Metformin 850mg
2024-12-08,166,Metformin 850mg
2024-12-09,171,Metformin 850mg
2024-12-10,163,Metformin 850mg
2024-12-11,171,Metformin 850mg
2024-12-12,150,Metformin 850mg
2024-12-13,170,Metformin 850mg
2024-12-14,152,Metformin 850mg
2024-12-15,154,Metformin 850mg
2024-12-16,163,Metformin 850mg
2024-12-17,193,Metformin 850mg
2024-12-18,172,Metformin 850mg
2024-12-19,188,Metformin 850mg
2024-12-20,183,Metformin 850mg
2024-12-21,158,Metformin 850mg
2024-12-22,145,Metformin 850mg
2024-12-23,174,Metformin 850mg
2024-12-24,177,Metformin 850mg
2024-12-25,175,Metformin 850mg
2024-12-26,174,Metformin 850mg
2024-12-27,173,Metformin 850mg
2024-12-28,154,Metformin 850mg
2024-12-29,166,Metformin 850mg
2024-12-30,178,Metformin 850mg
2024-12-31,171,Metformin 850mg
2025-01-01,155,Metformin 850mg
2025-01-02,175,Metformin 850mg
2025-01-03,179,Metformin 850mg
2025-01-04,144,Metformin 850mg
2025-01-05,159,Metformin 850mg
2025-01-06,179,Metformin 850mg
2025-01-07,158,Metformin 850mg
2025-01-08,193,Metformin 850mg
2025-01-09,167,Metformin 850mg
2025-01-10,171,Metformin 850mg
2025-01-11,162,Metformin 850mg
2025-01-12,166,Metformin 850mg
2025-01-13,176,Metformin 850mg
2025-01-14,180,Metformin 850mg
2025-01-15,175,Metformin 850mg
2025-01-16,161,Metformin 850mg
2025-01-17,213,Metformin 850mg
2025-01-18,141,Metformin 850mg
2025-01-19,158,Metformin 850mg
2025-01-20,189,Metformin 850mg
2025-01-21,185,Metformin 850mg
2025-01-22,183,Metformin 850mg
2025-01-23,153,Metformin 850mg
2025-01-24,166,Metformin 850mg
2025-01-25,170,Metformin 850mg
2025-01-26,158,Metformin 850mg
2025-01-27,150,Metformin 850mg
2025-01-28,178,Metformin 850mg
2025-01-29,170,Metformin 850mg
2025-01-30,170,Metformin 850mg
2025-01-31,176,Metformin 850mg
2025-02-01,168,Metformin 850mg
2025-02-02,153,Metformin 850mg
2025-02-03,194,Metformin 850mg
2025-02-04,183,Metformin 850mg
2025-02-05,198,Metformin 850mg
2025-02-06,182,Metformin 850mg
2025-02-07,173,Metformin 850mg
2025-02-08,171,Metformin 850mg
2025-02-09,164,Metformin 850mg
2025-02-10,170,Metformin 850mg
2025-02-11,177,Metformin 850mg
2025-02-12,169,Metformin 850mg
2025-02-13,192,Metformin 850mg
2025-02-14,171,Metformin 850mg
2025-02-15,163,Metformin 850mg
2025-02-16,150,Metformin 850mg
2025-02-17,169,Metformin 850mg
2025-02-18,176,Metformin 850mg
2025-02-19,175,Metformin 850mg
2025-02-20,173,Metformin 850mg
2025-02-21,163,Metformin 850mg
2025-02-22,153,Metformin 850mg
2025-02-23,150,Metformin 850mg
2025-02-24,176,Metformin 850mg
2025-02-25,190,Metformin 850mg
2025-02-26,171,Metformin 850mg
2025-02-27,170,Metformin 850mg
2025-02-28,154,Metformin 850mg
2025-03-01,177,Metformin 850mg
2025-03-02,162,Metformin 850mg
2025-03-03,187,Metformin 850mg
2025-03-04,156,Metformin 850mg
2025-03-05,189,Metformin 850mg
2025-03-06,193,Metformin 850mg
2025-03-07,169,Metformin 850mg
2025-03-08,149,Metformin 850mg
2025-03-09,159,Metformin 850mg
2025-03-10,173,Metformin 850mg
2025-03-11,177,Metformin 850mg
2025-03-12,180,Metformin 850mg
2025-03-13,190,Metformin 850mg
2025-03-14,186,Metformin 850mg
2025-03-15,162,Metformin 850mg
2025-03-16,155,Metformin 850mg
2025-03-17,161,Metformin 850mg
2025-03-18,169,Metformin 850mg
2025-03-19,184,Metformin 850mg
2025-03-20,173,Metformin 850mg
2025-03-21,167,Metformin 850mg
2025-03-22,165,Metformin 850mg
2025-03-23,163,Metformin 850mg
2025-03-24,164,Metformin 850mg
2025-03-25,184,Metformin 850mg
2025-03-26,188,Metformin 850mg
2025-03-27,167,Metformin 850mg
2025-03-28,189,Metformin 850mg
2025-03-29,156,Metformin 850mg
2025-03-30,163,Metformin 850mg
2025-03-31,170,Metformin 850mg
2025-04-01,195,Metformin 850mg
2025-04-02,187,Metformin 850mg
2025-04-03,165,Metformin 850mg
2025-04-04,172,Metformin 850mg
2025-04-05,169,Metformin 850mg
2025-04-06,157,Metformin 850mg
2025-04-07,172,Metformin 850mg
2025-04-08,174,Metformin 850mg
2025-04-09,175,Metformin 850mg
2025-04-10,177,Metformin 850mg
2025-04-11,186,Metformin 850mg
2025-04-12,162,Metformin 850mg
2025-04-13,173,Metformin 850mg
2025-04-14,160,Metformin 850mg
2025-04-15,185,Metformin 850mg
2025-04-16,175,Metformin 850mg
2025-04-17,203,Metformin 850mg
2025-04-18,185,Metformin 850mg
2025-04-19,168,Metformin 850mg
2025-04-20,178,Metformin 850mg
2025-04-21,191,Metformin 850mg
2025-04-22,178,Metformin 850mg
2025-04-23,175,Metformin 850mg
2025-04-24,186,Metformin 850mg
2025-04-25,173,Metformin 850mg
2025-04-26,159,Metformin 850mg
2025-04-27,156,Metformin 850mg
2025-04-28,198,Metformin 850mg
2025-04-29,176,Metformin 850mg
2025-04-30,169,Metformin 850mg
2025-05-01,182,Metformin 850mg
2025-05-02,180,Metformin 850mg
2025-05-03,172,Metformin 850mg
2025-05-04,162,Metformin 850mg
2025-05-05,191,Metformin 850mg
2025-05-06,200,Metformin 850mg
2025-05-07,186,Metformin 850mg
2025-05-08,176,Metformin 850mg
2025-05-09,183,Metformin 850mg
2025-05-10,158,Metformin 850mg
2025-05-11,145,Metformin 850mg
2025-05-12,200,Metformin 850mg
2025-05-13,177,Metformin 850mg
2025-05-14,188,Metformin 850mg
2025-05-15,169,Metformin 850mg
2025-05-16,152,Metformin 850mg
2025-05-17,172,Metformin 850mg
2025-05-18,164,Metformin 850mg
2025-05-19,196,Metformin 850mg
2025-05-20,181,Metformin 850mg
2025-05-21,185,Metformin 850mg
2025-05-22,199,Metformin 850mg
2025-05-23,161,Metformin 850mg
2025-05-24,171,Metformin 850mg
2025-05-25,155,Metformin 850mg
2025-05-26,173,Metformin 850mg
2025-05-27,185,Metformin 850mg
2025-05-28,199,Metformin 850mg
2025-05-29,194,Metformin 850mg
2025-05-30,191,Metformin 850mg
2025-05-31,173,Metformin 850mg
2025-06-01,164,Metformin 850mg
2025-06-02,188,Metformin 850mg
2025-06-03,187,Metformin 850mg
2025-06-04,187,Metformin 850mg
2025-06-05,200,Metformin 850mg
2025-06-06,182,Metformin 850mg
2025-06-07,163,Metformin 850mg
2025-06-08,149,Metformin 850mg
2025-06-09,187,Metformin 850mg
2025-06-10,164,Metformin 850mg
2025-06-11,162,Metformin 850mg
2025-06-12,176,Metformin 850mg
2025-06-13,200,Metformin 850mg
2025-06-14,167,Metformin 850mg
2025-06-15,177,Metformin 850mg
2025-06-16,186,Metformin 850mg
2025-06-17,190,Metformin 850mg
2025-06-18,177,Metformin 850mg
2025-06-19,174,Metformin 850mg
2025-06-20,184,Metformin 850mg
2025-06-21,149,Metformin 850mg
2025-06-22,165,Metformin 850mg
2025-06-23,188,Metformin 850mg
2025-06-24,189,Metformin 850mg
2025-06-25,175,Metformin 850mg
2025-06-26,182,Metformin 850mg
2025-06-27,200,Metformin 850mg
2025-06-28,174,Metformin 850mg
2025-06-29,151,Metformin 850mg
2025-06-30,204,Metformin 850mg
2025-07-01,170,Metformin 850mg
2025-07-02,173,Metformin 850mg
2025-07-03,188,Metformin 850mg
2025-07-04,185,Metformin 850mg
2025-07-05,164,Metformin 850mg
2025-07-06,169,Metformin 850mg
2025-07-07,180,Metformin 850mg
2025-07-08,190,Metformin 850mg
2025-07-09,185,Metformin 850mg
2025-07-10,168,Metformin 850mg
2025-07-11,185,Metformin 850mg
2025-07-12,181,Metformin 850mg
2025-07-13,157,Metformin 850mg
2025-07-14,182,Metformin 850mg
2025-07-15,186,Metformin 850mg
2025-07-16,182,Metformin 850mg
2025-07-17,179,Metformin 850mg
2025-07-18,194,Metformin 850mg
2025-07-19,186,Metformin 850mg
2025-07-20,153,Metformin 850mg
2025-07-21,180,Metformin 850mg
2025-07-22,173,Metformin 850mg
2025-07-23,192,Metformin 850mg
2025-07-24,179,Metformin 850mg
2025-07-25,175,Metformin 850mg
2025-07-26,150,Metformin 850mg
2025-07-27,159,Metformin 850mg
2025-07-28,189,Metformin 850mg
2025-07-29,166,Metformin 850mg
2025-07-30,198,Metformin 850mg
2025-07-31,167,Metformin 850mg
2025-08-01,175,Metformin 850mg
2025-08-02,160,Metformin 850mg
2025-08-03,169,Metformin 850mg
2025-08-04,183,Metformin 850mg
2025-08-05,152,Metformin 850mg
2025-08-06,204,Metformin 850mg
2025-08-07,191,Metformin 850mg
2025-08-08,204,Metformin 850mg
2025-08-09,180,Metformin 850mg
2025-08-10,167,Metformin 850mg
2025-08-11,170,Metformin 850mg
2025-08-12,193,Metformin 850mg
2025-08-13,180,Metformin 850mg
2025-08-14,169,Metformin 850mg
2025-08-15,188,Metformin 850mg
2025-08-16,171,Metformin 850mg
2025-08-17,168,Metformin 850mg
2025-08-18,198,Metformin 850mg
2025-08-19,201,Metformin 850mg
2025-08-20,183,Metformin 850mg
2025-08-21,197,Metformin 850mg
2025-08-22,170,Metformin 850mg
2025-08-23,177,Metformin 850mg
2025-08-24,163,Metformin 850mg
2025-08-25,183,Metformin 850mg
2025-08-26,171,Metformin 850mg
2025-08-27,196,Metformin 850mg
2025-08-28,181,Metformin 850mg
2025-08-29,174,Metformin 850mg
2025-08-30,149,Metformin 850mg
2025-08-31,162,Metformin 850mg
2025-09-01,192,Metformin 850mg
2025-09-02,192,Metformin 850mg
2025-09-03,202,Metformin 850mg
2025-09-04,183,Metformin 850mg
2025-09-05,209,Metformin 850mg
2025-09-06,169,Metformin 850mg
2025-09-07,173,Metformin 850mg
2025-09-08,193,Metformin 850mg
2025-09-09,196,Metformin 850mg
2025-09-10,168,Metformin 850mg
2025-09-11,176,Metformin 850mg
2025-09-12,196,Metformin 850mg
2025-09-13,159,Metformin 850mg
2025-09-14,157,Metformin 850mg
2025-09-15,201,Metformin 850mg
2025-09-16,184,Metformin 850mg
2025-09-17,186,Metformin 850mg
2025-09-18,170,Metformin 850mg
2025-09-19,187,Metformin 850mg
2025-09-20,175,Metformin 850mg
2025-09-21,176,Metformin 850mg
2025-09-22,179,Metformin 850mg
2025-09-23,175,Metformin 850mg
2025-09-24,194,Metformin 850mg
2025-09-25,194,Metformin 850mg
2025-09-26,183,Metformin 850mg
2025-09-27,154,Metformin 850mg
2025-09-28,154,Metformin 850mg
2025-09-29,215,Metformin 850mg
2025-09-30,208,Metformin 850mg
2025-10-01,174,Metformin 850mg
2025-10-02,181,Metformin 850mg
2025-10-03,180,Metformin 850mg
2025-10-04,164,Metformin 850mg
2025-10-05,153,Metformin 850mg
2025-10-06,188,Metformin 850mg
2025-10-07,190,Metformin 850mg
2025-10-08,187,Metformin 850mg
2025-10-09,175,Metformin 850mg
2025-10-10,194,Metformin 850mg
2025-10-11,176,Metformin 850mg
2025-10-12,166,Metformin 850mg
2025-10-13,204,Metformin 850mg
2025-10-14,189,Metformin 850mg
2025-10-15,170,Metformin 850mg
2025-10-16,190,Metformin 850mg
2025-10-17,184,Metformin 850mg
2025-10-18,189,Metformin 850mg
2025-10-19,181,Metformin 850mg
2025-10-20,198,Metformin 850mg
2025-10-21,170,Metformin 850mg
2025-10-22,191,Metformin 850mg
2025-10-23,181,Metformin 850mg
2025-10-24,187,Metformin 850mg
2025-10-25,166,Metformin 850mg
2025-10-26,164,Metformin 850mg
2025-10-27,183,Metformin 850mg
2025-10-28,175,Metformin 850mg
2025-10-29,180,Metformin 850mg
2025-10-30,185,Metformin 850mg
2025-10-31,175,Metformin 850mg
2025-11-01,157,Metformin 850mg
2025-11-02,171,Metformin 850mg
2025-11-03,200,Metformin 850mg
2025-11-04,206,Metformin 850mg
2025-11-05,178,Metformin 850mg
2025-11-06,189,Metformin 850mg
2025-11-07,199,Metformin 850mg
2025-11-08,180,Metformin 850mg
2025-11-09,170,Metformin 850mg
2025-11-10,211,Metformin 850mg
2025-11-11,183,Metformin 850mg
2025-11-12,183,Metformin 850mg
2025-11-13,206,Metformin 850mg
2025-11-14,174,Metformin 850mg
2025-11-15,179,Metformin 850mg
2025-11-16,177,Metformin 850mg
2025-11-17,191,Metformin 850mg
2025-11-18,179,Metformin 850mg
2025-11-19,192,Metformin 850mg
2025-11-20,183,Metformin 850mg
2025-11-21,198,Metformin 850mg
2025-11-22,179,Metformin 850mg
2025-11-23,161,Metformin 850mg
2025-11-24,181,Metformin 850mg
2025-11-25,200,Metformin 850mg
2025-11-26,178,Metformin 850mg
2025-11-27,191,Metformin 850mg
2025-11-28,208,Metformin 850mg
2025-11-29,156,Metformin 850mg
2025-11-30,176,Metformin 850mg
2025-12-01,208,Metformin 850mg
2025-12-02,195,Metformin 850mg
2025-12-03,175,Metformin 850mg
2025-12-04,192,Metformin 850mg
2025-12-05,190,Metformin 850mg
2025-12-06,167,Metformin 850mg
2025-12-07,168,Metformin 850mg
2025-12-08,195,Metformin 850mg
2025-12-09,187,Metformin 850mg
2025-12-10,198,Metformin 850mg
2025-12-11,185,Metformin 850mg
2025-12-12,197,Metformin 850mg
2025-12-13,186,Metformin 850mg
2025-12-14,172,Metformin 850mg
2025-12-15,184,Metformin 850mg
2025-12-16,179,Metformin 850mg
2025-12-17,194,Metformin 850mg
2025-12-18,184,Metformin 850mg
2025-12-19,186,Metformin 850mg
2025-12-20,171,Metformin 850mg
2025-12-21,159,Metformin 850mg
2025-12-22,178,Metformin 850mg
2025-12-23,191,Metformin 850mg
2025-12-24,173,Metformin 850mg
2025-12-25,200,Metformin 850mg
2025-12-26,218,Metformin 850mg
2025-12-27,161,Metformin 850mg
2025-12-28,143,Metformin 850mg
2025-12-29,198,Metformin 850mg
2025-12-30,197,Metformin 850mg
2025-12-31,198,Metformin 850mg
2026-01-01,200,Metformin 850mg
2026-01-02,190,Metformin 850mg
2026-01-03,156,Metformin 850mg
2026-01-04,175,Metformin 850mg
2026-01-05,188,Metformin 850mg
2026-01-06,187,Metformin 850mg
2026-01-07,191,Metformin 850mg
2026-01-08,191,Metformin 850mg
2026-01-09,187,Metformin 850mg
2026-01-10,180,Metformin 850mg
2026-01-11,170,Metformin 850mg
2026-01-12,222,Metformin 850mg
2026-01-13,202,Metformin 850mg
2026-01-14,208,Metformin 850mg
2026-01-15,210,Metformin 850mg
2026-01-16,198,Metformin 850mg
2026-01-17,157,Metformin 850mg
2026-01-18,175,Metformin 850mg
2026-01-19,198,Metformin 850mg
2026-01-20,192,Metformin 850mg
2026-01-21,187,Metformin 850mg
2026-01-22,203,Metformin 850mg
2026-01-23,202,Metformin 850mg
2026-01-24,170,Metformin 850mg
2026-01-25,160,Metformin 850mg
2026-01-26,197,Metformin 850mg
2026-01-27,173,Metformin 850mg
2026-01-28,201,Metformin 850mg
2026-01-29,200,Metformin 850mg
2024-01-30,176,Omeprazole 20mg
2024-01-31,177,Omeprazole 20mg
2024-02-01,178,Omeprazole 20mg
2024-02-02,196,Omeprazole 20mg
2024-02-03,176,Omeprazole 20mg
2024-02-04,159,Omeprazole 20mg
2024-02-05,168,Omeprazole 20mg
2024-02-06,180,Omeprazole 20mg
2024-02-07,204,Omeprazole 20mg
2024-02-08,184,Omeprazole 20mg
2024-02-09,186,Omeprazole 20mg
2024-02-10,166,Omeprazole 20mg
2024-02-11,170,Omeprazole 20mg
2024-02-12,198,Omeprazole 20mg
2024-02-13,190,Omeprazole 20mg
2024-02-14,198,Omeprazole 20mg
2024-02-15,188,Omeprazole 20mg
2024-02-16,207,Omeprazole 20mg
2024-02-17,180,Omeprazole 20mg
2024-02-18,167,Omeprazole 20mg
2024-02-19,189,Omeprazole 20mg
2024-02-20,184,Omeprazole 20mg
2024-02-21,186,Omeprazole 20mg
2024-02-22,181,Omeprazole 20mg
2024-02-23,185,Omeprazole 20mg
2024-02-24,164,Omeprazole 20mg
2024-02-25,166,Omeprazole 20mg
2024-02-26,191,Omeprazole 20mg
2024-02-27,194,Omeprazole 20mg
2024-02-28,192,Omeprazole 20mg
2024-02-29,187,Omeprazole 20mg
2024-03-01,180,Omeprazole 20mg
2024-03-02,158,Omeprazole 20mg
2024-03-03,178,Omeprazole 20mg
2024-03-04,197,Omeprazole 20mg
2024-03-05,216,Omeprazole 20mg
2024-03-06,188,Omeprazole 20mg
2024-03-07,202,Omeprazole 20mg
2024-03-08,192,Omeprazole 20mg
2024-03-09,154,Omeprazole 20mg
2024-03-10,166,Omeprazole 20mg
2024-03-11,190,Omeprazole 20mg
2024-03-12,207,Omeprazole 20mg
2024-03-13,186,Omeprazole 20mg
2024-03-14,182,Omeprazole 20mg
2024-03-15,183,Omeprazole 20mg
2024-03-16,172,Omeprazole 20mg
2024-03-17,175,Omeprazole 20mg
2024-03-18,190,Omeprazole 20mg
2024-03-19,181,Omeprazole 20mg
2024-03-20,177,Omeprazole 20mg
2024-03-21,186,Omeprazole 20mg
2024-03-22,183,Omeprazole 20mg
2024-03-23,158,Omeprazole 20mg
2024-03-24,153,Omeprazole 20mg
2024-03-25,181,Omeprazole 20mg
2024-03-26,189,Omeprazole 20mg
2024-03-27,189,Omeprazole 20mg
2024-03-28,186,Omeprazole 20mg
2024-03-29,187,Omeprazole 20mg
2024-03-30,168,Omeprazole 20mg
2024-03-31,184,Omeprazole 20mg
2024-04-01,195,Omeprazole 20mg
2024-04-02,193,Omeprazole 20mg
2024-04-03,183,Omeprazole 20mg
2024-04-04,188,Omeprazole 20mg
2024-04-05,184,Omeprazole 20mg
2024-04-06,169,Omeprazole 20mg
2024-04-07,186,Omeprazole 20mg
2024-04-08,187,Omeprazole 20mg
2024-04-09,189,Omeprazole 20mg
2024-04-10,194,Omeprazole 20mg
2024-04-11,177,Omeprazole 20mg
2024-04-12,215,Omeprazole 20mg
2024-04-13,164,Omeprazole 20mg
2024-04-14,178,Omeprazole 20mg
2024-04-15,158,Omeprazole 20mg
2024-04-16,207,Omeprazole 20mg
2024-04-17,180,Omeprazole 20mg
2024-04-18,186,Omeprazole 20mg
2024-04-19,190,Omeprazole 20mg
2024-04-20,169,Omeprazole 20mg
2024-04-21,163,Omeprazole 20mg
2024-04-22,190,Omeprazole 20mg
2024-04-23,190,Omeprazole 20mg
2024-04-24,199,Omeprazole 20mg
2024-04-25,179,Omeprazole 20mg
2024-04-26,185,Omeprazole 20mg
2024-04-27,176,Omeprazole 20mg
2024-04-28,161,Omeprazole 20mg
2024-04-29,195,Omeprazole 20mg
2024-04-30,186,Omeprazole 20mg
2024-05-01,186,Omeprazole 20mg
2024-05-02,191,Omeprazole 20mg
2024-05-03,189,Omeprazole 20mg
2024-05-04,180,Omeprazole 20mg
2024-05-05,171,Omeprazole 20mg
2024-05-06,196,Omeprazole 20mg
2024-05-07,192,Omeprazole 20mg
2024-05-08,188,Omeprazole 20mg
2024-05-09,187,Omeprazole 20mg
2024-05-10,197,Omeprazole 20mg
2024-05-11,167,Omeprazole 20mg
2024-05-12,165,Omeprazole 20mg
2024-05-13,202,Omeprazole 20mg
2024-05-14,188,Omeprazole 20mg
2024-05-15,201,Omeprazole 20mg
2024-05-16,206,Omeprazole 20mg
2024-05-17,194,Omeprazole 20mg
2024-05-18,177,Omeprazole 20mg
2024-05-19,189,Omeprazole 20mg
2024-05-20,186,Omeprazole 20mg
2024-05-21,199,Omeprazole 20mg
2024-05-22,202,Omeprazole 20mg
2024-05-23,178,Omeprazole 20mg
2024-05-24,187,Omeprazole 20mg
2024-05-25,161,Omeprazole 20mg
2024-05-26,165,Omeprazole 20mg
2024-05-27,193,Omeprazole 20mg
2024-05-28,184,Omeprazole 20mg
2024-05-29,199,Omeprazole 20mg
2024-05-30,210,Omeprazole 20mg
2024-05-31,216,Omeprazole 20mg
2024-06-01,173,Omeprazole 20mg
2024-06-02,188,Omeprazole 20mg
2024-06-03,186,Omeprazole 20mg
2024-06-04,190,Omeprazole 20mg
2024-06-05,184,Omeprazole 20mg
2024-06-06,214,Omeprazole 20mg
2024-06-07,188,Omeprazole 20mg
2024-06-08,184,Omeprazole 20mg
2024-06-09,166,Omeprazole 20mg
2024-06-10,201,Omeprazole 20mg
2024-06-11,195,Omeprazole 20mg
2024-06-12,214,Omeprazole 20mg
2024-06-13,201,Omeprazole 20mg
2024-06-14,211,Omeprazole 20mg
2024-06-15,174,Omeprazole 20mg
2024-06-16,180,Omeprazole 20mg
2024-06-17,198,Omeprazole 20mg
2024-06-18,195,Omeprazole 20mg
2024-06-19,191,Omeprazole 20mg
2024-06-20,188,Omeprazole 20mg
2024-06-21,179,Omeprazole 20mg
2024-06-22,175,Omeprazole 20mg
2024-06-23,168,Omeprazole 20mg
2024-06-24,190,Omeprazole 20mg
2024-06-25,196,Omeprazole 20mg
2024-06-26,207,Omeprazole 20mg
2024-06-27,176,Omeprazole 20mg
2024-06-28,194,Omeprazole 20mg
2024-06-29,189,Omeprazole 20mg
2024-06-30,186,Omeprazole 20mg
2024-07-01,191,Omeprazole 20mg
2024-07-02,194,Omeprazole 20mg
2024-07-03,183,Omeprazole 20mg
2024-07-04,172,Omeprazole 20mg
2024-07-05,210,Omeprazole 20mg
2024-07-06,179,Omeprazole 20mg
2024-07-07,158,Omeprazole 20mg
2024-07-08,188,Omeprazole 20mg
2024-07-09,194,Omeprazole 20mg
2024-07-10,192,Omeprazole 20mg
2024-07-11,213,Omeprazole 20mg
2024-07-12,201,Omeprazole 20mg
2024-07-13,177,Omeprazole 20mg
2024-07-14,184,Omeprazole 20mg
2024-07-15,190,Omeprazole 20mg
2024-07-16,187,Omeprazole 20mg
2024-07-17,193,Omeprazole 20mg
2024-07-18,198,Omeprazole 20mg
2024-07-19,199,Omeprazole 20mg
2024-07-20,172,Omeprazole 20mg
2024-07-21,177,Omeprazole 20mg
2024-07-22,190,Omeprazole 20mg
2024-07-23,194,Omeprazole 20mg
2024-07-24,189,Omeprazole 20mg
2024-07-25,180,Omeprazole 20mg
2024-07-26,199,Omeprazole 20mg
2024-07-27,161,Omeprazole 20mg
2024-07-28,169,Omeprazole 20mg
2024-07-29,191,Omeprazole 20mg
2024-07-30,190,Omeprazole 20mg
2024-07-31,195,Omeprazole 20mg
2024-08-01,192,Omeprazole 20mg
2024-08-02,195,Omeprazole 20mg
2024-08-03,181,Omeprazole 20mg
2024-08-04,157,Omeprazole 20mg
2024-08-05,202,Omeprazole 20mg
2024-08-06,188,Omeprazole 20mg
2024-08-07,201,Omeprazole 20mg
2024-08-08,194,Omeprazole 20mg
2024-08-09,200,Omeprazole 20mg
2024-08-10,163,Omeprazole 20mg
2024-08-11,165,Omeprazole 20mg
2024-08-12,186,Omeprazole 20mg
2024-08-13,188,Omeprazole 20mg
2024-08-14,176,Omeprazole 20mg
2024-08-15,203,Omeprazole 20mg
2024-08-16,201,Omeprazole 20mg
2024-08-17,172,Omeprazole 20mg
2024-08-18,181,Omeprazole 20mg
2024-08-19,171,Omeprazole 20mg
2024-08-20,194,Omeprazole 20mg
2024-08-21,191,Omeprazole 20mg
2024-08-22,178,Omeprazole 20mg
2024-08-23,176,Omeprazole 20mg
2024-08-24,174,Omeprazole 20mg
2024-08-25,153,Omeprazole 20mg
2024-08-26,202,Omeprazole 20mg
2024-08-27,207,Omeprazole 20mg
2024-08-28,208,Omeprazole 20mg
2024-08-29,192,Omeprazole 20mg
2024-08-30,205,Omeprazole 20mg
2024-08-31,174,Omeprazole 20mg
2024-09-01,192,Omeprazole 20mg
2024-09-02,192,Omeprazole 20mg
2024-09-03,203,Omeprazole 20mg
2024-09-04,205,Omeprazole 20mg
2024-09-05,202,Omeprazole 20mg
2024-09-06,203,Omeprazole 20mg
2024-09-07,168,Omeprazole 20mg
2024-09-08,172,Omeprazole 20mg
2024-09-09,177,Omeprazole 20mg
2024-09-10,189,Omeprazole 20mg
2024-09-11,201,Omeprazole 20mg
2024-09-12,175,Omeprazole 20mg
2024-09-13,183,Omeprazole 20mg
2024-09-14,179,Omeprazole 20mg
2024-09-15,155,Omeprazole 20mg
2024-09-16,176,Omeprazole 20mg
2024-09-17,214,Omeprazole 20mg
2024-09-18,179,Omeprazole 20mg
2024-09-19,214,Omeprazole 20mg
2024-09-20,204,Omeprazole 20mg
2024-09-21,180,Omeprazole 20mg
2024-09-22,169,Omeprazole 20mg
2024-09-23,188,Omeprazole 20mg
2024-09-24,187,Omeprazole 20mg
2024-09-25,213,Omeprazole 20mg
2024-09-26,184,Omeprazole 20mg
2024-09-27,204,Omeprazole 20mg
2024-09-28,169,Omeprazole 20mg
2024-09-29,181,Omeprazole 20mg
2024-09-30,201,Omeprazole 20mg
2024-10-01,192,Omeprazole 20mg
2024-10-02,219,Omeprazole 20mg
2024-10-03,187,Omeprazole 20mg
2024-10-04,206,Omeprazole 20mg
2024-10-05,169,Omeprazole 20mg
2024-10-06,194,Omeprazole 20mg
2024-10-07,193,Omeprazole 20mg
2024-10-08,182,Omeprazole 20mg
2024-10-09,205,Omeprazole 20mg
2024-10-10,182,Omeprazole 20mg
2024-10-11,198,Omeprazole 20mg
2024-10-12,173,Omeprazole 20mg
2024-10-13,163,Omeprazole 20mg
2024-10-14,223,Omeprazole 20mg
2024-10-15,179,Omeprazole 20mg
2024-10-16,203,Omeprazole 20mg
2024-10-17,208,Omeprazole 20mg
2024-10-18,213,Omeprazole 20mg
2024-10-19,158,Omeprazole 20mg
2024-10-20,170,Omeprazole 20mg
2024-10-21,177,Omeprazole 20mg
2024-10-22,197,Omeprazole 20mg
2024-10-23,196,Omeprazole 20mg
2024-10-24,196,Omeprazole 20mg
2024-10-25,200,Omeprazole 20mg
2024-10-26,182,Omeprazole 20mg
2024-10-27,166,Omeprazole 20mg
2024-10-28,192,Omeprazole 20mg
2024-10-29,198,Omeprazole 20mg
2024-10-30,213,Omeprazole 20mg
2024-10-31,203,Omeprazole 20mg
2024-11-01,189,Omeprazole 20mg
2024-11-02,188,Omeprazole 20mg
2024-11-03,191,Omeprazole 20mg
2024-11-04,200,Omeprazole 20mg
2024-11-05,191,Omeprazole 20mg
2024-11-06,197,Omeprazole 20mg
2024-11-07,188,Omeprazole 20mg
2024-11-08,195,Omeprazole 20mg
2024-11-09,172,Omeprazole 20mg
2024-11-10,188,Omeprazole 20mg
2024-11-11,198,Omeprazole 20mg
2024-11-12,218,Omeprazole 20mg
2024-11-13,171,Omeprazole 20mg
2024-11-14,201,Omeprazole 20mg
2024-11-15,206,Omeprazole 20mg
2024-11-16,176,Omeprazole 20mg
2024-11-17,174,Omeprazole 20mg
2024-11-18,187,Omeprazole 20mg
2024-11-19,200,Omeprazole 20mg
2024-11-20,192,Omeprazole 20mg
2024-11-21,204,Omeprazole 20mg
2024-11-22,179,Omeprazole 20mg
2024-11-23,186,Omeprazole 20mg
2024-11-24,179,Omeprazole 20mg
2024-11-25,204,Omeprazole 20mg
2024-11-26,201,Omeprazole 20mg
2024-11-27,193,Omeprazole 20mg
2024-11-28,185,Omeprazole 20mg
2024-11-29,200,Omeprazole 20mg
2024-11-30,167,Omeprazole 20mg
2024-12-01,189,Omeprazole 20mg
2024-12-02,178,Omeprazole 20mg
2024-12-03,176,Omeprazole 20mg
2024-12-04,199,Omeprazole 20mg
2024-12-05,197,Omeprazole 20mg
2024-12-06,186,Omeprazole 20mg
2024-12-07,182,Omeprazole 20mg
2024-12-08,176,Omeprazole 20mg
2024-12-09,206,Omeprazole 20mg
2024-12-10,203,Omeprazole 20mg
2024-12-11,190,Omeprazole 20mg
2024-12-12,215,Omeprazole 20mg
2024-12-13,199,Omeprazole 20mg
2024-12-14,182,Omeprazole 20mg
2024-12-15,164,Omeprazole 20mg
2024-12-16,197,Omeprazole 20mg
2024-12-17,216,Omeprazole 20mg
2024-12-18,203,Omeprazole 20mg
2024-12-19,208,Omeprazole 20mg
2024-12-20,210,Omeprazole 20mg
2024-12-21,175,Omeprazole 20mg
2024-12-22,187,Omeprazole 20mg
2024-12-23,191,Omeprazole 20mg
2024-12-24,202,Omeprazole 20mg
2024-12-25,198,Omeprazole 20mg
2024-12-26,206,Omeprazole 20mg
2024-12-27,205,Omeprazole 20mg
2024-12-28,189,Omeprazole 20mg
2024-12-29,199,Omeprazole 20mg
2024-12-30,187,Omeprazole 20mg
2024-12-31,200,Omeprazole 20mg
2025-01-01,207,Omeprazole 20mg
2025-01-02,215,Omeprazole 20mg
2025-01-03,199,Omeprazole 20mg
2025-01-04,179,Omeprazole 20mg
2025-01-05,184,Omeprazole 20mg
2025-01-06,204,Omeprazole 20mg
2025-01-07,194,Omeprazole 20mg
2025-01-08,223,Omeprazole 20mg
2025-01-09,218,Omeprazole 20mg
2025-01-10,212,Omeprazole 20mg
2025-01-11,161,Omeprazole 20mg
2025-01-12,203,Omeprazole 20mg
2025-01-13,213,Omeprazole 20mg
2025-01-14,209,Omeprazole 20mg
2025-01-15,199,Omeprazole 20mg
2025-01-16,194,Omeprazole 20mg
2025-01-17,207,Omeprazole 20mg
2025-01-18,185,Omeprazole 20mg
2025-01-19,201,Omeprazole 20mg
2025-01-20,217,Omeprazole 20mg
2025-01-21,203,Omeprazole 20mg
2025-01-22,212,Omeprazole 20mg
2025-01-23,193,Omeprazole 20mg
2025-01-24,207,Omeprazole 20mg
2025-01-25,179,Omeprazole 20mg
2025-01-26,178,Omeprazole 20mg
2025-01-27,207,Omeprazole 20mg
2025-01-28,203,Omeprazole 20mg
2025-01-29,201,Omeprazole 20mg
2025-01-30,208,Omeprazole 20mg
2025-01-31,207,Omeprazole 20mg
2025-02-01,179,Omeprazole 20mg
2025-02-02,190,Omeprazole 20mg
2025-02-03,202,Omeprazole 20mg
2025-02-04,209,Omeprazole 20mg
2025-02-05,201,Omeprazole 20mg
2025-02-06,222,Omeprazole 20mg
2025-02-07,195,Omeprazole 20mg
2025-02-08,178,Omeprazole 20mg
2025-02-09,178,Omeprazole 20mg
2025-02-10,202,Omeprazole 20mg
2025-02-11,210,Omeprazole 20mg
2025-02-12,207,Omeprazole 20mg
2025-02-13,195,Omeprazole 20mg
2025-02-14,200,Omeprazole 20mg
2025-02-15,191,Omeprazole 20mg
2025-02-16,188,Omeprazole 20mg
2025-02-17,214,Omeprazole 20mg
2025-02-18,206,Omeprazole 20mg
2025-02-19,209,Omeprazole 20mg
2025-02-20,203,Omeprazole 20mg
2025-02-21,219,Omeprazole 20mg
2025-02-22,183,Omeprazole 20mg
2025-02-23,201,Omeprazole 20mg
2025-02-24,184,Omeprazole 20mg
2025-02-25,193,Omeprazole 20mg
2025-02-26,219,Omeprazole 20mg
2025-02-27,212,Omeprazole 20mg
2025-02-28,218,Omeprazole 20mg
2025-03-01,216,Omeprazole 20mg
2025-03-02,170,Omeprazole 20mg
2025-03-03,214,Omeprazole 20mg
2025-03-04,170,Omeprazole 20mg
2025-03-05,212,Omeprazole 20mg
2025-03-06,203,Omeprazole 20mg
2025-03-07,192,Omeprazole 20mg
2025-03-08,188,Omeprazole 20mg
2025-03-09,199,Omeprazole 20mg
2025-03-10,185,Omeprazole 20mg
2025-03-11,193,Omeprazole 20mg
2025-03-12,207,Omeprazole 20mg
2025-03-13,189,Omeprazole 20mg
2025-03-14,227,Omeprazole 20mg
2025-03-15,194,Omeprazole 20mg
2025-03-16,167,Omeprazole 20mg
2025-03-17,222,Omeprazole 20mg
2025-03-18,203,Omeprazole 20mg
2025-03-19,205,Omeprazole 20mg
2025-03-20,209,Omeprazole 20mg
2025-03-21,220,Omeprazole 20mg
2025-03-22,182,Omeprazole 20mg
2025-03-23,198,Omeprazole 20mg
2025-03-24,216,Omeprazole 20mg
2025-03-25,191,Omeprazole 20mg
2025-03-26,200,Omeprazole 20mg
2025-03-27,209,Omeprazole 20mg
2025-03-28,201,Omeprazole 20mg
2025-03-29,203,Omeprazole 20mg
2025-03-30,190,Omeprazole 20mg
2025-03-31,211,Omeprazole 20mg
2025-04-01,214,Omeprazole 20mg
2025-04-02,196,Omeprazole 20mg
2025-04-03,227,Omeprazole 20mg
2025-04-04,203,Omeprazole 20mg
2025-04-05,178,Omeprazole 20mg
2025-04-06,182,Omeprazole 20mg
2025-04-07,217,Omeprazole 20mg
2025-04-08,203,Omeprazole 20mg
2025-04-09,220,Omeprazole 20mg
2025-04-10,208,Omeprazole 20mg
2025-04-11,210,Omeprazole 20mg
2025-04-12,170,Omeprazole 20mg
2025-04-13,175,Omeprazole 20mg
2025-04-14,206,Omeprazole 20mg
2025-04-15,191,Omeprazole 20mg
2025-04-16,205,Omeprazole 20mg
2025-04-17,215,Omeprazole 20mg
2025-04-18,195,Omeprazole 20mg
2025-04-19,185,Omeprazole 20mg
2025-04-20,197,Omeprazole 20mg
2025-04-21,209,Omeprazole 20mg
2025-04-22,205,Omeprazole 20mg
2025-04-23,215,Omeprazole 20mg
2025-04-24,214,Omeprazole 20mg
2025-04-25,203,Omeprazole 20mg
2025-04-26,173,Omeprazole 20mg
2025-04-27,167,Omeprazole 20mg
2025-04-28,202,Omeprazole 20mg
2025-04-29,212,Omeprazole 20mg
2025-04-30,209,Omeprazole 20mg
2025-05-01,224,Omeprazole 20mg
2025-05-02,200,Omeprazole 20mg
2025-05-03,198,Omeprazole 20mg
2025-05-04,201,Omeprazole 20mg
2025-05-05,202,Omeprazole 20mg
2025-05-06,187,Omeprazole 20mg
2025-05-07,195,Omeprazole 20mg
2025-05-08,217,Omeprazole 20mg
2025-05-09,214,Omeprazole 20mg
2025-05-10,185,Omeprazole 20mg
2025-05-11,191,Omeprazole 20mg
2025-05-12,207,Omeprazole 20mg
2025-05-13,220,Omeprazole 20mg
2025-05-14,231,Omeprazole 20mg
2025-05-15,216,Omeprazole 20mg
2025-05-16,205,Omeprazole 20mg
2025-05-17,200,Omeprazole 20mg
2025-05-18,197,Omeprazole 20mg
2025-05-19,214,Omeprazole 20mg
2025-05-20,201,Omeprazole 20mg
2025-05-21,198,Omeprazole 20mg
2025-05-22,199,Omeprazole 20mg
2025-05-23,227,Omeprazole 20mg
2025-05-24,201,Omeprazole 20mg
2025-05-25,196,Omeprazole 20mg
2025-05-26,204,Omeprazole 20mg
2025-05-27,214,Omeprazole 20mg
2025-05-28,204,Omeprazole 20mg
2025-05-29,223,Omeprazole 20mg
2025-05-30,207,Omeprazole 20mg
2025-05-31,199,Omeprazole 20mg
2025-06-01,199,Omeprazole 20mg
2025-06-02,201,Omeprazole 20mg
2025-06-03,211,Omeprazole 20mg
2025-06-04,197,Omeprazole 20mg
2025-06-05,210,Omeprazole 20mg
2025-06-06,230,Omeprazole 20mg
2025-06-07,174,Omeprazole 20mg
2025-06-08,180,Omeprazole 20mg
2025-06-09,203,Omeprazole 20mg
2025-06-10,200,Omeprazole 20mg
2025-06-11,199,Omeprazole 20mg
2025-06-12,197,Omeprazole 20mg
2025-06-13,206,Omeprazole 20mg
2025-06-14,180,Omeprazole 20mg
2025-06-15,186,Omeprazole 20mg
2025-06-16,216,Omeprazole 20mg
2025-06-17,203,Omeprazole 20mg
2025-06-18,227,Omeprazole 20mg
2025-06-19,211,Omeprazole 20mg
2025-06-20,206,Omeprazole 20mg
2025-06-21,196,Omeprazole 20mg
2025-06-22,205,Omeprazole 20mg
2025-06-23,199,Omeprazole 20mg
2025-06-24,220,Omeprazole 20mg
2025-06-25,211,Omeprazole 20mg
2025-06-26,225,Omeprazole 20mg
2025-06-27,211,Omeprazole 20mg
2025-06-28,198,Omeprazole 20mg
2025-06-29,191,Omeprazole 20mg
2025-06-30,207,Omeprazole 20mg
2025-07-01,187,Omeprazole 20mg
2025-07-02,209,Omeprazole 20mg
2025-07-03,213,Omeprazole 20mg
2025-07-04,214,Omeprazole 20mg
2025-07-05,175,Omeprazole 20mg
2025-07-06,206,Omeprazole 20mg
2025-07-07,218,Omeprazole 20mg
2025-07-08,215,Omeprazole 20mg
2025-07-09,215,Omeprazole 20mg
2025-07-10,218,Omeprazole 20mg
2025-07-11,205,Omeprazole 20mg
2025-07-12,193,Omeprazole 20mg
2025-07-13,199,Omeprazole 20mg
2025-07-14,222,Omeprazole 20mg
2025-07-15,213,Omeprazole 20mg
2025-07-16,221,Omeprazole 20mg
2025-07-17,211,Omeprazole 20mg
2025-07-18,219,Omeprazole 20mg
2025-07-19,195,Omeprazole 20mg
2025-07-20,195,Omeprazole 20mg
2025-07-21,206,Omeprazole 20mg
2025-07-22,208,Omeprazole 20mg
2025-07-23,214,Omeprazole 20mg
2025-07-24,224,Omeprazole 20mg
2025-07-25,193,Omeprazole 20mg
2025-07-26,189,Omeprazole 20mg
2025-07-27,186,Omeprazole 20mg
2025-07-28,223,Omeprazole 20mg
2025-07-29,218,Omeprazole 20mg
2025-07-30,204,Omeprazole 20mg
2025-07-31,208,Omeprazole 20mg
2025-08-01,189,Omeprazole 20mg
2025-08-02,177,Omeprazole 20mg
2025-08-03,202,Omeprazole 20mg
2025-08-04,216,Omeprazole 20mg
2025-08-05,215,Omeprazole 20mg
2025-08-06,218,Omeprazole 20mg
2025-08-07,191,Omeprazole 20mg
2025-08-08,209,Omeprazole 20mg
2025-08-09,184,Omeprazole 20mg
2025-08-10,196,Omeprazole 20mg
2025-08-11,205,Omeprazole 20mg
2025-08-12,204,Omeprazole 20mg
2025-08-13,227,Omeprazole 20mg
2025-08-14,190,Omeprazole 20mg
2025-08-15,212,Omeprazole 20mg
2025-08-16,189,Omeprazole 20mg
2025-08-17,195,Omeprazole 20mg
2025-08-18,222,Omeprazole 20mg
2025-08-19,217,Omeprazole 20mg
2025-08-20,219,Omeprazole 20mg
2025-08-21,216,Omeprazole 20mg
2025-08-22,213,Omeprazole 20mg
2025-08-23,185,Omeprazole 20mg
2025-08-24,225,Omeprazole 20mg
2025-08-25,215,Omeprazole 20mg
2025-08-26,203,Omeprazole 20mg
2025-08-27,217,Omeprazole 20mg
2025-08-28,234,Omeprazole 20mg
2025-08-29,204,Omeprazole 20mg
2025-08-30,201,Omeprazole 20mg
2025-08-31,171,Omeprazole 20mg
2025-09-01,226,Omeprazole 20mg
2025-09-02,200,Omeprazole 20mg
2025-09-03,228,Omeprazole 20mg
2025-09-04,197,Omeprazole 20mg
2025-09-05,229,Omeprazole 20mg
2025-09-06,190,Omeprazole 20mg
2025-09-07,194,Omeprazole 20mg
2025-09-08,223,Omeprazole 20mg
2025-09-09,228,Omeprazole 20mg
2025-09-10,221,Omeprazole 20mg
2025-09-11,205,Omeprazole 20mg
2025-09-12,226,Omeprazole 20mg
2025-09-13,182,Omeprazole 20mg
2025-09-14,205,Omeprazole 20mg
2025-09-15,208,Omeprazole 20mg
2025-09-16,228,Omeprazole 20mg
2025-09-17,226,Omeprazole 20mg
2025-09-18,209,Omeprazole 20mg
2025-09-19,217,Omeprazole 20mg
2025-09-20,210,Omeprazole 20mg
2025-09-21,185,Omeprazole 20mg
2025-09-22,215,Omeprazole 20mg
2025-09-23,218,Omeprazole 20mg
2025-09-24,206,Omeprazole 20mg
2025-09-25,214,Omeprazole 20mg
2025-09-26,192,Omeprazole 20mg
2025-09-27,179,Omeprazole 20mg
2025-09-28,177,Omeprazole 20mg
2025-09-29,218,Omeprazole 20mg
2025-09-30,229,Omeprazole 20mg
2025-10-01,225,Omeprazole 20mg
2025-10-02,226,Omeprazole 20mg
2025-10-03,210,Omeprazole 20mg
2025-10-04,201,Omeprazole 20mg
2025-10-05,182,Omeprazole 20mg
2025-10-06,212,Omeprazole 20mg
2025-10-07,233,Omeprazole 20mg
2025-10-08,212,Omeprazole 20mg
2025-10-09,225,Omeprazole 20mg
2025-10-10,221,Omeprazole 20mg
2025-10-11,212,Omeprazole 20mg
2025-10-12,192,Omeprazole 20mg
2025-10-13,246,Omeprazole 20mg
2025-10-14,210,Omeprazole 20mg
2025-10-15,219,Omeprazole 20mg
2025-10-16,187,Omeprazole 20mg
2025-10-17,230,Omeprazole 20mg
2025-10-18,203,Omeprazole 20mg
2025-10-19,179,Omeprazole 20mg
2025-10-20,219,Omeprazole 20mg
2025-10-21,227,Omeprazole 20mg
2025-10-22,212,Omeprazole 20mg
2025-10-23,216,Omeprazole 20mg
2025-10-24,212,Omeprazole 20mg
2025-10-25,181,Omeprazole 20mg
2025-10-26,203,Omeprazole 20mg
2025-10-27,211,Omeprazole 20mg
2025-10-28,232,Omeprazole 20mg
2025-10-29,212,Omeprazole 20mg
2025-10-30,210,Omeprazole 20mg
2025-10-31,222,Omeprazole 20mg
2025-11-01,197,Omeprazole 20mg
2025-11-02,193,Omeprazole 20mg
2025-11-03,219,Omeprazole 20mg
2025-11-04,219,Omeprazole 20mg
2025-11-05,226,Omeprazole 20mg
2025-11-06,213,Omeprazole 20mg
2025-11-07,228,Omeprazole 20mg
2025-11-08,183,Omeprazole 20mg
2025-11-09,190,Omeprazole 20mg
2025-11-10,239,Omeprazole 20mg
2025-11-11,217,Omeprazole 20mg
2025-11-12,209,Omeprazole 20mg
2025-11-13,220,Omeprazole 20mg
2025-11-14,219,Omeprazole 20mg
2025-11-15,194,Omeprazole 20mg
2025-11-16,184,Omeprazole 20mg
2025-11-17,231,Omeprazole 20mg
2025-11-18,206,Omeprazole 20mg
2025-11-19,220,Omeprazole 20mg
2025-11-20,227,Omeprazole 20mg
2025-11-21,219,Omeprazole 20mg
2025-11-22,204,Omeprazole 20mg
2025-11-23,189,Omeprazole 20mg
2025-11-24,213,Omeprazole 20mg
2025-11-25,223,Omeprazole 20mg
2025-11-26,217,Omeprazole 20mg
2025-11-27,218,Omeprazole 20mg
2025-11-28,216,Omeprazole 20mg
2025-11-29,196,Omeprazole 20mg
2025-11-30,195,Omeprazole 20mg
2025-12-01,222,Omeprazole 20mg
2025-12-02,206,Omeprazole 20mg
2025-12-03,218,Omeprazole 20mg
2025-12-04,210,Omeprazole 20mg
2025-12-05,219,Omeprazole 20mg
2025-12-06,205,Omeprazole 20mg
2025-12-07,198,Omeprazole 20mg
2025-12-08,225,Omeprazole 20mg
2025-12-09,219,Omeprazole 20mg
2025-12-10,238,Omeprazole 20mg
2025-12-11,224,Omeprazole 20mg
2025-12-12,222,Omeprazole 20mg
2025-12-13,220,Omeprazole 20mg
2025-12-14,195,Omeprazole 20mg
2025-12-15,216,Omeprazole 20mg
2025-12-16,207,Omeprazole 20mg
2025-12-17,190,Omeprazole 20mg
2025-12-18,209,Omeprazole 20mg
2025-12-19,222,Omeprazole 20mg
2025-12-20,213,Omeprazole 20mg
2025-12-21,194,Omeprazole 20mg
2025-12-22,230,Omeprazole 20mg
2025-12-23,207,Omeprazole 20mg
2025-12-24,240,Omeprazole 20mg
2025-12-25,211,Omeprazole 20mg
2025-12-26,235,Omeprazole 20mg
2025-12-27,189,Omeprazole 20mg
2025-12-28,197,Omeprazole 20mg
2025-12-29,225,Omeprazole 20mg
2025-12-30,220,Omeprazole 20mg
2025-12-31,222,Omeprazole 20mg
2026-01-01,222,Omeprazole 20mg
2026-01-02,212,Omeprazole 20mg
2026-01-03,194,Omeprazole 20mg
2026-01-04,195,Omeprazole 20mg
2026-01-05,220,Omeprazole 20mg
2026-01-06,225,Omeprazole 20mg
2026-01-07,221,Omeprazole 20mg
2026-01-08,228,Omeprazole 20mg
2026-01-09,210,Omeprazole 20mg
2026-01-10,202,Omeprazole 20mg
2026-01-11,202,Omeprazole 20mg
2026-01-12,224,Omeprazole 20mg
2026-01-13,216,Omeprazole 20mg
2026-01-14,230,Omeprazole 20mg
2026-01-15,224,Omeprazole 20mg
2026-01-16,224,Omeprazole 20mg
2026-01-17,200,Omeprazole 20mg
2026-01-18,198,Omeprazole 20mg
2026-01-19,223,Omeprazole 20mg
2026-01-20,221,Omeprazole 20mg
2026-01-21,210,Omeprazole 20mg
2026-01-22,228,Omeprazole 20mg
2026-01-23,201,Omeprazole 20mg
2026-01-24,215,Omeprazole 20mg
2026-01-25,202,Omeprazole 20mg
2026-01-26,223,Omeprazole 20mg
2026-01-27,226,Omeprazole 20mg
2026-01-28,237,Omeprazole 20mg
2026-01-29,213,Omeprazole 20mg
2024-01-30,124,Lisinopril 10mg
2024-01-31,130,Lisinopril 10mg
2024-02-01,136,Lisinopril 10mg
2024-02-02,139,Lisinopril 10mg
2024-02-03,109,Lisinopril 10mg
2024-02-04,122,Lisinopril 10mg
2024-02-05,123,Lisinopril 10mg
2024-02-06,128,Lisinopril 10mg
2024-02-07,131,Lisinopril 10mg
2024-02-08,127,Lisinopril 10mg
2024-02-09,121,Lisinopril 10mg
2024-02-10,123,Lisinopril 10mg
2024-02-11,118,Lisinopril 10mg
2024-02-12,126,Lisinopril 10mg
2024-02-13,131,Lisinopril 10mg
2024-02-14,122,Lisinopril 10mg
2024-02-15,118,Lisinopril 10mg
2024-02-16,142,Lisinopril 10mg
2024-02-17,104,Lisinopril 10mg
2024-02-18,113,Lisinopril 10mg
2024-02-19,132,Lisinopril 10mg
2024-02-20,130,Lisinopril 10mg
2024-02-21,132,Lisinopril 10mg
2024-02-22,154,Lisinopril 10mg
2024-02-23,139,Lisinopril 10mg
2024-02-24,118,Lisinopril 10mg
2024-02-25,116,Lisinopril 10mg
2024-02-26,128,Lisinopril 10mg
2024-02-27,132,Lisinopril 10mg
2024-02-28,119,Lisinopril 10mg
2024-02-29,131,Lisinopril 10mg
2024-03-01,154,Lisinopril 10mg
2024-03-02,112,Lisinopril 10mg
2024-03-03,124,Lisinopril 10mg
2024-03-04,134,Lisinopril 10mg
2024-03-05,122,Lisinopril 10mg
2024-03-06,110,Lisinopril 10mg
2024-03-07,133,Lisinopril 10mg
2024-03-08,128,Lisinopril 10mg
2024-03-09,108,Lisinopril 10mg
2024-03-10,123,Lisinopril 10mg
2024-03-11,141,Lisinopril 10mg
2024-03-12,118,Lisinopril 10mg
2024-03-13,132,Lisinopril 10mg
2024-03-14,138,Lisinopril 10mg
2024-03-15,137,Lisinopril 10mg
2024-03-16,110,Lisinopril 10mg
2024-03-17,124,Lisinopril 10mg
2024-03-18,132,Lisinopril 10mg
2024-03-19,135,Lisinopril 10mg
2024-03-20,132,Lisinopril 10mg
2024-03-21,129,Lisinopril 10mg
2024-03-22,123,Lisinopril 10mg
2024-03-23,115,Lisinopril 10mg
2024-03-24,95,Lisinopril 10mg
2024-03-25,124,Lisinopril 10mg
2024-03-26,158,Lisinopril 10mg
2024-03-27,143,Lisinopril 10mg
2024-03-28,143,Lisinopril 10mg
2024-03-29,159,Lisinopril 10mg
2024-03-30,106,Lisinopril 10mg
2024-03-31,113,Lisinopril 10mg
2024-04-01,124,Lisinopril 10mg
2024-04-02,140,Lisinopril 10mg
2024-04-03,150,Lisinopril 10mg
2024-04-04,141,Lisinopril 10mg
2024-04-05,124,Lisinopril 10mg
2024-04-06,117,Lisinopril 10mg
2024-04-07,103,Lisinopril 10mg
2024-04-08,133,Lisinopril 10mg
2024-04-09,139,Lisinopril 10mg
2024-04-10,153,Lisinopril 10mg
2024-04-11,141,Lisinopril 10mg
2024-04-12,122,Lisinopril 10mg
2024-04-13,125,Lisinopril 10mg
2024-04-14,105,Lisinopril 10mg
2024-04-15,130,Lisinopril 10mg
2024-04-16,119,Lisinopril 10mg
2024-04-17,149,Lisinopril 10mg
2024-04-18,137,Lisinopril 10mg
2024-04-19,134,Lisinopril 10mg
2024-04-20,110,Lisinopril 10mg
2024-04-21,107,Lisinopril 10mg
2024-04-22,140,Lisinopril 10mg
2024-04-23,140,Lisinopril 10mg
2024-04-24,133,Lisinopril 10mg
2024-04-25,138,Lisinopril 10mg
2024-04-26,123,Lisinopril 10mg
2024-04-27,119,Lisinopril 10mg
2024-04-28,121,Lisinopril 10mg
2024-04-29,138,Lisinopril 10mg
2024-04-30,152,Lisinopril 10mg
2024-05-01,126,Lisinopril 10mg
2024-05-02,139,Lisinopril 10mg
2024-05-03,139,Lisinopril 10mg
2024-05-04,117,Lisinopril 10mg
2024-05-05,114,Lisinopril 10mg
2024-05-06,141,Lisinopril 10mg
2024-05-07,135,Lisinopril 10mg
2024-05-08,140,Lisinopril 10mg
2024-05-09,138,Lisinopril 10mg
2024-05-10,125,Lisinopril 10mg
2024-05-11,110,Lisinopril 10mg
2024-05-12,125,Lisinopril 10mg
2024-05-13,140,Lisinopril 10mg
2024-05-14,137,Lisinopril 10mg
2024-05-15,133,Lisinopril 10mg
2024-05-16,122,Lisinopril 10mg
2024-05-17,135,Lisinopril 10mg
2024-05-18,105,Lisinopril 10mg
2024-05-19,106,Lisinopril 10mg
2024-05-20,129,Lisinopril 10mg
2024-05-21,145,Lisinopril 10mg
2024-05-22,146,Lisinopril 10mg
2024-05-23,146,Lisinopril 10mg
2024-05-24,140,Lisinopril 10mg
2024-05-25,120,Lisinopril 10mg
2024-05-26,118,Lisinopril 10mg
2024-05-27,122,Lisinopril 10mg
2024-05-28,138,Lisinopril 10mg
2024-05-29,116,Lisinopril 10mg
2024-05-30,153,Lisinopril 10mg
2024-05-31,158,Lisinopril 10mg
2024-06-01,120,Lisinopril 10mg
2024-06-02,113,Lisinopril 10mg
2024-06-03,123,Lisinopril 10mg
2024-06-04,122,Lisinopril 10mg
2024-06-05,147,Lisinopril 10mg
2024-06-06,123,Lisinopril 10mg
2024-06-07,120,Lisinopril 10mg
2024-06-08,137,Lisinopril 10mg
2024-06-09,101,Lisinopril 10mg
2024-06-10,122,Lisinopril 10mg
2024-06-11,143,Lisinopril 10mg
2024-06-12,129,Lisinopril 10mg
2024-06-13,131,Lisinopril 10mg
2024-06-14,124,Lisinopril 10mg
2024-06-15,117,Lisinopril 10mg
2024-06-16,115,Lisinopril 10mg
2024-06-17,133,Lisinopril 10mg
2024-06-18,144,Lisinopril 10mg
2024-06-19,125,Lisinopril 10mg
2024-06-20,141,Lisinopril 10mg
2024-06-21,124,Lisinopril 10mg
2024-06-22,106,Lisinopril 10mg
2024-06-23,138,Lisinopril 10mg
2024-06-24,144,Lisinopril 10mg
2024-06-25,140,Lisinopril 10mg
2024-06-26,140,Lisinopril 10mg
2024-06-27,145,Lisinopril 10mg
2024-06-28,128,Lisinopril 10mg
2024-06-29,109,Lisinopril 10mg
2024-06-30,113,Lisinopril 10mg
2024-07-01,156,Lisinopril 10mg
2024-07-02,154,Lisinopril 10mg
2024-07-03,117,Lisinopril 10mg
2024-07-04,123,Lisinopril 10mg
2024-07-05,139,Lisinopril 10mg
2024-07-06,124,Lisinopril 10mg
2024-07-07,126,Lisinopril 10mg
2024-07-08,157,Lisinopril 10mg
2024-07-09,141,Lisinopril 10mg
2024-07-10,135,Lisinopril 10mg
2024-07-11,135,Lisinopril 10mg
2024-07-12,144,Lisinopril 10mg
2024-07-13,125,Lisinopril 10mg
2024-07-14,131,Lisinopril 10mg
2024-07-15,144,Lisinopril 10mg
2024-07-16,130,Lisinopril 10mg
2024-07-17,134,Lisinopril 10mg
2024-07-18,133,Lisinopril 10mg
2024-07-19,131,Lisinopril 10mg
2024-07-20,118,Lisinopril 10mg
2024-07-21,102,Lisinopril 10mg
2024-07-22,135,Lisinopril 10mg
2024-07-23,144,Lisinopril 10mg
2024-07-24,145,Lisinopril 10mg
2024-07-25,127,Lisinopril 10mg
2024-07-26,145,Lisinopril 10mg
2024-07-27,111,Lisinopril 10mg
2024-07-28,127,Lisinopril 10mg
2024-07-29,135,Lisinopril 10mg
2024-07-30,129,Lisinopril 10mg
2024-07-31,134,Lisinopril 10mg
2024-08-01,141,Lisinopril 10mg
2024-08-02,171,Lisinopril 10mg
2024-08-03,121,Lisinopril 10mg
2024-08-04,95,Lisinopril 10mg
2024-08-05,142,Lisinopril 10mg
2024-08-06,144,Lisinopril 10mg
2024-08-07,144,Lisinopril 10mg
2024-08-08,123,Lisinopril 10mg
2024-08-09,140,Lisinopril 10mg
2024-08-10,97,Lisinopril 10mg
2024-08-11,137,Lisinopril 10mg
2024-08-12,140,Lisinopril 10mg
2024-08-13,143,Lisinopril 10mg
2024-08-14,143,Lisinopril 10mg
2024-08-15,136,Lisinopril 10mg
2024-08-16,140,Lisinopril 10mg
2024-08-17,122,Lisinopril 10mg
2024-08-18,119,Lisinopril 10mg
2024-08-19,137,Lisinopril 10mg
2024-08-20,135,Lisinopril 10mg
2024-08-21,156,Lisinopril 10mg
2024-08-22,116,Lisinopril 10mg
2024-08-23,138,Lisinopril 10mg
2024-08-24,111,Lisinopril 10mg
2024-08-25,106,Lisinopril 10mg
2024-08-26,136,Lisinopril 10mg
2024-08-27,134,Lisinopril 10mg
2024-08-28,134,Lisinopril 10mg
2024-08-29,143,Lisinopril 10mg
2024-08-30,136,Lisinopril 10mg
2024-08-31,121,Lisinopril 10mg
2024-09-01,135,Lisinopril 10mg
2024-09-02,131,Lisinopril 10mg
2024-09-03,151,Lisinopril 10mg
2024-09-04,150,Lisinopril 10mg
2024-09-05,119,Lisinopril 10mg
2024-09-06,147,Lisinopril 10mg
2024-09-07,136,Lisinopril 10mg
2024-09-08,130,Lisinopril 10mg
2024-09-09,124,Lisinopril 10mg
2024-09-10,145,Lisinopril 10mg
2024-09-11,133,Lisinopril 10mg
2024-09-12,140,Lisinopril 10mg
2024-09-13,146,Lisinopril 10mg
2024-09-14,128,Lisinopril 10mg
2024-09-15,117,Lisinopril 10mg
2024-09-16,126,Lisinopril 10mg
2024-09-17,150,Lisinopril 10mg
2024-09-18,128,Lisinopril 10mg
2024-09-19,138,Lisinopril 10mg
2024-09-20,162,Lisinopril 10mg
2024-09-21,132,Lisinopril 10mg
2024-09-22,120,Lisinopril 10mg
2024-09-23,142,Lisinopril 10mg
2024-09-24,140,Lisinopril 10mg
2024-09-25,150,Lisinopril 10mg
2024-09-26,145,Lisinopril 10mg
2024-09-27,154,Lisinopril 10mg
2024-09-28,116,Lisinopril 10mg
2024-09-29,101,Lisinopril 10mg
2024-09-30,142,Lisinopril 10mg
2024-10-01,132,Lisinopril 10mg
2024-10-02,133,Lisinopril 10mg
2024-10-03,141,Lisinopril 10mg
2024-10-04,141,Lisinopril 10mg
2024-10-05,133,Lisinopril 10mg
2024-10-06,133,Lisinopril 10mg
2024-10-07,138,Lisinopril 10mg
2024-10-08,157,Lisinopril 10mg
2024-10-09,119,Lisinopril 10mg
2024-10-10,138,Lisinopril 10mg
2024-10-11,146,Lisinopril 10mg
2024-10-12,99,Lisinopril 10mg
2024-10-13,123,Lisinopril 10mg
2024-10-14,143,Lisinopril 10mg
2024-10-15,146,Lisinopril 10mg
2024-10-16,154,Lisinopril 10mg
2024-10-17,133,Lisinopril 10mg
2024-10-18,135,Lisinopril 10mg
2024-10-19,132,Lisinopril 10mg
2024-10-20,109,Lisinopril 10mg
2024-10-21,132,Lisinopril 10mg
2024-10-22,141,Lisinopril 10mg
2024-10-23,153,Lisinopril 10mg
2024-10-24,148,Lisinopril 10mg
2024-10-25,153,Lisinopril 10mg
2024-10-26,135,Lisinopril 10mg
2024-10-27,127,Lisinopril 10mg
2024-10-28,154,Lisinopril 10mg
2024-10-29,146,Lisinopril 10mg
2024-10-30,154,Lisinopril 10mg
2024-10-31,129,Lisinopril 10mg
2024-11-01,149,Lisinopril 10mg
2024-11-02,130,Lisinopril 10mg
2024-11-03,126,Lisinopril 10mg
2024-11-04,143,Lisinopril 10mg
2024-11-05,157,Lisinopril 10mg
2024-11-06,140,Lisinopril 10mg
2024-11-07,142,Lisinopril 10mg
2024-11-08,154,Lisinopril 10mg
2024-11-09,128,Lisinopril 10mg
2024-11-10,124,Lisinopril 10mg
2024-11-11,147,Lisinopril 10mg
2024-11-12,140,Lisinopril 10mg
2024-11-13,150,Lisinopril 10mg
2024-11-14,139,Lisinopril 10mg
2024-11-15,141,Lisinopril 10mg
2024-11-16,143,Lisinopril 10mg
2024-11-17,139,Lisinopril 10mg
2024-11-18,136,Lisinopril 10mg
2024-11-19,153,Lisinopril 10mg
2024-11-20,136,Lisinopril 10mg
2024-11-21,147,Lisinopril 10mg
2024-11-22,148,Lisinopril 10mg
2024-11-23,128,Lisinopril 10mg
2024-11-24,114,Lisinopril 10mg
2024-11-25,146,Lisinopril 10mg
2024-11-26,129,Lisinopril 10mg
2024-11-27,156,Lisinopril 10mg
2024-11-28,162,Lisinopril 10mg
2024-11-29,152,Lisinopril 10mg
2024-11-30,126,Lisinopril 10mg
2024-12-01,128,Lisinopril 10mg
2024-12-02,152,Lisinopril 10mg
2024-12-03,132,Lisinopril 10mg
2024-12-04,166,Lisinopril 10mg
2024-12-05,142,Lisinopril 10mg
2024-12-06,152,Lisinopril 10mg
2024-12-07,111,Lisinopril 10mg
2024-12-08,124,Lisinopril 10mg
2024-12-09,149,Lisinopril 10mg
2024-12-10,140,Lisinopril 10mg
2024-12-11,137,Lisinopril 10mg
2024-12-12,151,Lisinopril 10mg
2024-12-13,138,Lisinopril 10mg
2024-12-14,135,Lisinopril 10mg
2024-12-15,115,Lisinopril 10mg
2024-12-16,139,Lisinopril 10mg
2024-12-17,140,Lisinopril 10mg
2024-12-18,132,Lisinopril 10mg
2024-12-19,160,Lisinopril 10mg
2024-12-20,148,Lisinopril 10mg
2024-12-21,131,Lisinopril 10mg
2024-12-22,120,Lisinopril 10mg
2024-12-23,164,Lisinopril 10mg
2024-12-24,164,Lisinopril 10mg
2024-12-25,169,Lisinopril 10mg
2024-12-26,147,Lisinopril 10mg
2024-12-27,150,Lisinopril 10mg
2024-12-28,115,Lisinopril 10mg
2024-12-29,129,Lisinopril 10mg
2024-12-30,144,Lisinopril 10mg
2024-12-31,141,Lisinopril 10mg
2025-01-01,141,Lisinopril 10mg
2025-01-02,137,Lisinopril 10mg
2025-01-03,157,Lisinopril 10mg
2025-01-04,116,Lisinopril 10mg
2025-01-05,144,Lisinopril 10mg
2025-01-06,140,Lisinopril 10mg
2025-01-07,151,Lisinopril 10mg
2025-01-08,140,Lisinopril 10mg
2025-01-09,153,Lisinopril 10mg
2025-01-10,139,Lisinopril 10mg
2025-01-11,120,Lisinopril 10mg
2025-01-12,108,Lisinopril 10mg
2025-01-13,138,Lisinopril 10mg
2025-01-14,150,Lisinopril 10mg
2025-01-15,157,Lisinopril 10mg
2025-01-16,138,Lisinopril 10mg
2025-01-17,160,Lisinopril 10mg
2025-01-18,136,Lisinopril 10mg
2025-01-19,117,Lisinopril 10mg
2025-01-20,149,Lisinopril 10mg
2025-01-21,132,Lisinopril 10mg
2025-01-22,152,Lisinopril 10mg
2025-01-23,151,Lisinopril 10mg
2025-01-24,143,Lisinopril 10mg
2025-01-25,133,Lisinopril 10mg
2025-01-26,140,Lisinopril 10mg
2025-01-27,152,Lisinopril 10mg
2025-01-28,130,Lisinopril 10mg
2025-01-29,165,Lisinopril 10mg
2025-01-30,157,Lisinopril 10mg
2025-01-31,140,Lisinopril 10mg
2025-02-01,141,Lisinopril 10mg
2025-02-02,117,Lisinopril 10mg
2025-02-03,140,Lisinopril 10mg
2025-02-04,153,Lisinopril 10mg
2025-02-05,162,Lisinopril 10mg
2025-02-06,131,Lisinopril 10mg
2025-02-07,157,Lisinopril 10mg
2025-02-08,137,Lisinopril 10mg
2025-02-09,138,Lisinopril 10mg
2025-02-10,146,Lisinopril 10mg
2025-02-11,160,Lisinopril 10mg
2025-02-12,161,Lisinopril 10mg
2025-02-13,149,Lisinopril 10mg
2025-02-14,145,Lisinopril 10mg
2025-02-15,130,Lisinopril 10mg
2025-02-16,125,Lisinopril 10mg
2025-02-17,151,Lisinopril 10mg
2025-02-18,145,Lisinopril 10mg
2025-02-19,147,Lisinopril 10mg
2025-02-20,163,Lisinopril 10mg
2025-02-21,142,Lisinopril 10mg
2025-02-22,137,Lisinopril 10mg
2025-02-23,126,Lisinopril 10mg
2025-02-24,147,Lisinopril 10mg
2025-02-25,155,Lisinopril 10mg
2025-02-26,129,Lisinopril 10mg
2025-02-27,158,Lisinopril 10mg
2025-02-28,167,Lisinopril 10mg
2025-03-01,126,Lisinopril 10mg
2025-03-02,112,Lisinopril 10mg
2025-03-03,129,Lisinopril 10mg
2025-03-04,170,Lisinopril 10mg
2025-03-05,147,Lisinopril 10mg
2025-03-06,165,Lisinopril 10mg
2025-03-07,131,Lisinopril 10mg
2025-03-08,142,Lisinopril 10mg
2025-03-09,128,Lisinopril 10mg
2025-03-10,155,Lisinopril 10mg
2025-03-11,151,Lisinopril 10mg
2025-03-12,144,Lisinopril 10mg
2025-03-13,156,Lisinopril 10mg
2025-03-14,152,Lisinopril 10mg
2025-03-15,129,Lisinopril 10mg
2025-03-16,146,Lisinopril 10mg
2025-03-17,161,Lisinopril 10mg
2025-03-18,155,Lisinopril 10mg
2025-03-19,144,Lisinopril 10mg
2025-03-20,149,Lisinopril 10mg
2025-03-21,140,Lisinopril 10mg
2025-03-22,106,Lisinopril 10mg
2025-03-23,125,Lisinopril 10mg
2025-03-24,154,Lisinopril 10mg
2025-03-25,157,Lisinopril 10mg
2025-03-26,174,Lisinopril 10mg
2025-03-27,172,Lisinopril 10mg
2025-03-28,146,Lisinopril 10mg
2025-03-29,131,Lisinopril 10mg
2025-03-30,145,Lisinopril 10mg
2025-03-31,163,Lisinopril 10mg
2025-04-01,141,Lisinopril 10mg
2025-04-02,146,Lisinopril 10mg
2025-04-03,142,Lisinopril 10mg
2025-04-04,148,Lisinopril 10mg
2025-04-05,136,Lisinopril 10mg
2025-04-06,122,Lisinopril 10mg
2025-04-07,150,Lisinopril 10mg
2025-04-08,162,Lisinopril 10mg
2025-04-09,139,Lisinopril 10mg
2025-04-10,146,Lisinopril 10mg
2025-04-11,149,Lisinopril 10mg
2025-04-12,119,Lisinopril 10mg
2025-04-13,121,Lisinopril 10mg
2025-04-14,150,Lisinopril 10mg
2025-04-15,148,Lisinopril 10mg
2025-04-16,166,Lisinopril 10mg
2025-04-17,158,Lisinopril 10mg
2025-04-18,158,Lisinopril 10mg
2025-04-19,126,Lisinopril 10mg
2025-04-20,128,Lisinopril 10mg
2025-04-21,166,Lisinopril 10mg
2025-04-22,151,Lisinopril 10mg
2025-04-23,158,Lisinopril 10mg
2025-04-24,158,Lisinopril 10mg
2025-04-25,152,Lisinopril 10mg
2025-04-26,129,Lisinopril 10mg
2025-04-27,132,Lisinopril 10mg
2025-04-28,159,Lisinopril 10mg
2025-04-29,170,Lisinopril 10mg
2025-04-30,149,Lisinopril 10mg
2025-05-01,146,Lisinopril 10mg
2025-05-02,170,Lisinopril 10mg
2025-05-03,121,Lisinopril 10mg
2025-05-04,122,Lisinopril 10mg
2025-05-05,140,Lisinopril 10mg
2025-05-06,156,Lisinopril 10mg
2025-05-07,162,Lisinopril 10mg
2025-05-08,137,Lisinopril 10mg
2025-05-09,156,Lisinopril 10mg
2025-05-10,127,Lisinopril 10mg
2025-05-11,115,Lisinopril 10mg
2025-05-12,152,Lisinopril 10mg
2025-05-13,156,Lisinopril 10mg
2025-05-14,169,Lisinopril 10mg
2025-05-15,153,Lisinopril 10mg
2025-05-16,155,Lisinopril 10mg
2025-05-17,140,Lisinopril 10mg
2025-05-18,152,Lisinopril 10mg
2025-05-19,151,Lisinopril 10mg
2025-05-20,144,Lisinopril 10mg
2025-05-21,149,Lisinopril 10mg
2025-05-22,156,Lisinopril 10mg
2025-05-23,156,Lisinopril 10mg
2025-05-24,139,Lisinopril 10mg
2025-05-25,157,Lisinopril 10mg
2025-05-26,159,Lisinopril 10mg
2025-05-27,164,Lisinopril 10mg
2025-05-28,159,Lisinopril 10mg
2025-05-29,154,Lisinopril 10mg
2025-05-30,152,Lisinopril 10mg
2025-05-31,138,Lisinopril 10mg
2025-06-01,127,Lisinopril 10mg
2025-06-02,164,Lisinopril 10mg
2025-06-03,160,Lisinopril 10mg
2025-06-04,153,Lisinopril 10mg
2025-06-05,172,Lisinopril 10mg
2025-06-06,161,Lisinopril 10mg
2025-06-07,116,Lisinopril 10mg
2025-06-08,149,Lisinopril 10mg
2025-06-09,147,Lisinopril 10mg
2025-06-10,169,Lisinopril 10mg
2025-06-11,138,Lisinopril 10mg
2025-06-12,156,Lisinopril 10mg
2025-06-13,154,Lisinopril 10mg
2025-06-14,138,Lisinopril 10mg
2025-06-15,128,Lisinopril 10mg
2025-06-16,151,Lisinopril 10mg
2025-06-17,171,Lisinopril 10mg
2025-06-18,143,Lisinopril 10mg
2025-06-19,136,Lisinopril 10mg
2025-06-20,139,Lisinopril 10mg
2025-06-21,165,Lisinopril 10mg
2025-06-22,131,Lisinopril 10mg
2025-06-23,156,Lisinopril 10mg
2025-06-24,160,Lisinopril 10mg
2025-06-25,148,Lisinopril 10mg
2025-06-26,160,Lisinopril 10mg
2025-06-27,154,Lisinopril 10mg
2025-06-28,134,Lisinopril 10mg
2025-06-29,130,Lisinopril 10mg
2025-06-30,147,Lisinopril 10mg
2025-07-01,162,Lisinopril 10mg
2025-07-02,151,Lisinopril 10mg
2025-07-03,177,Lisinopril 10mg
2025-07-04,170,Lisinopril 10mg
2025-07-05,145,Lisinopril 10mg
2025-07-06,143,Lisinopril 10mg
2025-07-07,142,Lisinopril 10mg
2025-07-08,167,Lisinopril 10mg
2025-07-09,177,Lisinopril 10mg
2025-07-10,160,Lisinopril 10mg
2025-07-11,176,Lisinopril 10mg
2025-07-12,135,Lisinopril 10mg
2025-07-13,120,Lisinopril 10mg
2025-07-14,155,Lisinopril 10mg
2025-07-15,156,Lisinopril 10mg
2025-07-16,172,Lisinopril 10mg
2025-07-17,155,Lisinopril 10mg
2025-07-18,167,Lisinopril 10mg
2025-07-19,121,Lisinopril 10mg
2025-07-20,143,Lisinopril 10mg
2025-07-21,159,Lisinopril 10mg
2025-07-22,145,Lisinopril 10mg
2025-07-23,147,Lisinopril 10mg
2025-07-24,161,Lisinopril 10mg
2025-07-25,162,Lisinopril 10mg
2025-07-26,144,Lisinopril 10mg
2025-07-27,128,Lisinopril 10mg
2025-07-28,145,Lisinopril 10mg
2025-07-29,158,Lisinopril 10mg
2025-07-30,155,Lisinopril 10mg
2025-07-31,133,Lisinopril 10mg
2025-08-01,146,Lisinopril 10mg
2025-08-02,145,Lisinopril 10mg
2025-08-03,136,Lisinopril 10mg
2025-08-04,177,Lisinopril 10mg
2025-08-05,137,Lisinopril 10mg
2025-08-06,144,Lisinopril 10mg
2025-08-07,165,Lisinopril 10mg
2025-08-08,159,Lisinopril 10mg
2025-08-09,137,Lisinopril 10mg
2025-08-10,148,Lisinopril 10mg
2025-08-11,147,Lisinopril 10mg
2025-08-12,171,Lisinopril 10mg
2025-08-13,153,Lisinopril 10mg
2025-08-14,167,Lisinopril 10mg
2025-08-15,161,Lisinopril 10mg
2025-08-16,138,Lisinopril 10mg
2025-08-17,118,Lisinopril 10mg
2025-08-18,156,Lisinopril 10mg
2025-08-19,183,Lisinopril 10mg
2025-08-20,156,Lisinopril 10mg
2025-08-21,157,Lisinopril 10mg
2025-08-22,177,Lisinopril 10mg
2025-08-23,145,Lisinopril 10mg
2025-08-24,143,Lisinopril 10mg
2025-08-25,149,Lisinopril 10mg
2025-08-26,156,Lisinopril 10mg
2025-08-27,166,Lisinopril 10mg
2025-08-28,152,Lisinopril 10mg
2025-08-29,144,Lisinopril 10mg
2025-08-30,129,Lisinopril 10mg
2025-08-31,132,Lisinopril 10mg
2025-09-01,149,Lisinopril 10mg
2025-09-02,147,Lisinopril 10mg
2025-09-03,154,Lisinopril 10mg
2025-09-04,167,Lisinopril 10mg
2025-09-05,152,Lisinopril 10mg
2025-09-06,131,Lisinopril 10mg
2025-09-07,151,Lisinopril 10mg
2025-09-08,159,Lisinopril 10mg
2025-09-09,168,Lisinopril 10mg
2025-09-10,140,Lisinopril 10mg
2025-09-11,166,Lisinopril 10mg
2025-09-12,160,Lisinopril 10mg
2025-09-13,150,Lisinopril 10mg
2025-09-14,154,Lisinopril 10mg
2025-09-15,161,Lisinopril 10mg
2025-09-16,173,Lisinopril 10mg
2025-09-17,164,Lisinopril 10mg
2025-09-18,163,Lisinopril 10mg
2025-09-19,170,Lisinopril 10mg
2025-09-20,134,Lisinopril 10mg
2025-09-21,150,Lisinopril 10mg
2025-09-22,159,Lisinopril 10mg
2025-09-23,159,Lisinopril 10mg
2025-09-24,152,Lisinopril 10mg
2025-09-25,150,Lisinopril 10mg
2025-09-26,168,Lisinopril 10mg
2025-09-27,136,Lisinopril 10mg
2025-09-28,149,Lisinopril 10mg
2025-09-29,146,Lisinopril 10mg
2025-09-30,163,Lisinopril 10mg
2025-10-01,159,Lisinopril 10mg
2025-10-02,173,Lisinopril 10mg
2025-10-03,160,Lisinopril 10mg
2025-10-04,146,Lisinopril 10mg
2025-10-05,147,Lisinopril 10mg
2025-10-06,140,Lisinopril 10mg
2025-10-07,159,Lisinopril 10mg
2025-10-08,169,Lisinopril 10mg
2025-10-09,156,Lisinopril 10mg
2025-10-10,156,Lisinopril 10mg
2025-10-11,136,Lisinopril 10mg
2025-10-12,136,Lisinopril 10mg
2025-10-13,179,Lisinopril 10mg
2025-10-14,166,Lisinopril 10mg
2025-10-15,165,Lisinopril 10mg
2025-10-16,159,Lisinopril 10mg
2025-10-17,162,Lisinopril 10mg
2025-10-18,149,Lisinopril 10mg
2025-10-19,153,Lisinopril 10mg
2025-10-20,165,Lisinopril 10mg
2025-10-21,158,Lisinopril 10mg
2025-10-22,151,Lisinopril 10mg
2025-10-23,157,Lisinopril 10mg
2025-10-24,157,Lisinopril 10mg
2025-10-25,140,Lisinopril 10mg
2025-10-26,151,Lisinopril 10mg
2025-10-27,167,Lisinopril 10mg
2025-10-28,157,Lisinopril 10mg
2025-10-29,166,Lisinopril 10mg
2025-10-30,170,Lisinopril 10mg
2025-10-31,159,Lisinopril 10mg
2025-11-01,137,Lisinopril 10mg
2025-11-02,142,Lisinopril 10mg
2025-11-03,170,Lisinopril 10mg
2025-11-04,160,Lisinopril 10mg
2025-11-05,157,Lisinopril 10mg
2025-11-06,151,Lisinopril 10mg
2025-11-07,166,Lisinopril 10mg
2025-11-08,139,Lisinopril 10mg
2025-11-09,141,Lisinopril 10mg
2025-11-10,162,Lisinopril 10mg
2025-11-11,166,Lisinopril 10mg
2025-11-12,150,Lisinopril 10mg
2025-11-13,151,Lisinopril 10mg
2025-11-14,168,Lisinopril 10mg
2025-11-15,156,Lisinopril 10mg
2025-11-16,149,Lisinopril 10mg
2025-11-17,159,Lisinopril 10mg
2025-11-18,176,Lisinopril 10mg
2025-11-19,163,Lisinopril 10mg
2025-11-20,169,Lisinopril 10mg
2025-11-21,172,Lisinopril 10mg
2025-11-22,139,Lisinopril 10mg
2025-11-23,135,Lisinopril 10mg
2025-11-24,163,Lisinopril 10mg
2025-11-25,176,Lisinopril 10mg
2025-11-26,171,Lisinopril 10mg
2025-11-27,168,Lisinopril 10mg
2025-11-28,165,Lisinopril 10mg
2025-11-29,141,Lisinopril 10mg
2025-11-30,132,Lisinopril 10mg
2025-12-01,168,Lisinopril 10mg
2025-12-02,152,Lisinopril 10mg
2025-12-03,172,Lisinopril 10mg
2025-12-04,170,Lisinopril 10mg
2025-12-05,165,Lisinopril 10mg
2025-12-06,157,Lisinopril 10mg
2025-12-07,163,Lisinopril 10mg
2025-12-08,162,Lisinopril 10mg
2025-12-09,189,Lisinopril 10mg
2025-12-10,156,Lisinopril 10mg
2025-12-11,155,Lisinopril 10mg
2025-12-12,177,Lisinopril 10mg
2025-12-13,141,Lisinopril 10mg
2025-12-14,159,Lisinopril 10mg
2025-12-15,147,Lisinopril 10mg
2025-12-16,155,Lisinopril 10mg
2025-12-17,181,Lisinopril 10mg
2025-12-18,172,Lisinopril 10mg
2025-12-19,171,Lisinopril 10mg
2025-12-20,151,Lisinopril 10mg
2025-12-21,138,Lisinopril 10mg
2025-12-22,155,Lisinopril 10mg
2025-12-23,182,Lisinopril 10mg
2025-12-24,162,Lisinopril 10mg
2025-12-25,180,Lisinopril 10mg
2025-12-26,165,Lisinopril 10mg
2025-12-27,140,Lisinopril 10mg
2025-12-28,128,Lisinopril 10mg
2025-12-29,164,Lisinopril 10mg
2025-12-30,173,Lisinopril 10mg
2025-12-31,156,Lisinopril 10mg
2026-01-01,171,Lisinopril 10mg
2026-01-02,176,Lisinopril 10mg
2026-01-03,135,Lisinopril 10mg
2026-01-04,140,Lisinopril 10mg
2026-01-05,169,Lisinopril 10mg
2026-01-06,173,Lisinopril 10mg
2026-01-07,199,Lisinopril 10mg
2026-01-08,146,Lisinopril 10mg
2026-01-09,172,Lisinopril 10mg
2026-01-10,140,Lisinopril 10mg
2026-01-11,139,Lisinopril 10mg
2026-01-12,175,Lisinopril 10mg
2026-01-13,173,Lisinopril 10mg
2026-01-14,172,Lisinopril 10mg
2026-01-15,176,Lisinopril 10mg
2026-01-16,158,Lisinopril 10mg
2026-01-17,162,Lisinopril 10mg
2026-01-18,146,Lisinopril 10mg
2026-01-19,179,Lisinopril 10mg
2026-01-20,177,Lisinopril 10mg
2026-01-21,192,Lisinopril 10mg
2026-01-22,166,Lisinopril 10mg
2026-01-23,158,Lisinopril 10mg
2026-01-24,167,Lisinopril 10mg
2026-01-25,145,Lisinopril 10mg
2026-01-26,171,Lisinopril 10mg
2026-01-27,167,Lisinopril 10mg
2026-01-28,161,Lisinopril 10mg
2026-01-29,156,Lisinopril 10mg
2024-01-30,66,Atorvastatin 40mg
2024-01-31,75,Atorvastatin 40mg
2024-02-01,74,Atorvastatin 40mg
2024-02-02,74,Atorvastatin 40mg
2024-02-03,63,Atorvastatin 40mg
2024-02-04,75,Atorvastatin 40mg
2024-02-05,68,Atorvastatin 40mg
2024-02-06,77,Atorvastatin 40mg
2024-02-07,88,Atorvastatin 40mg
2024-02-08,72,Atorvastatin 40mg
2024-02-09,74,Atorvastatin 40mg
2024-02-10,75,Atorvastatin 40mg
2024-02-11,67,Atorvastatin 40mg
2024-02-12,93,Atorvastatin 40mg
2024-02-13,76,Atorvastatin 40mg
2024-02-14,80,Atorvastatin 40mg
2024-02-15,78,Atorvastatin 40mg
2024-02-16,68,Atorvastatin 40mg
2024-02-17,59,Atorvastatin 40mg
2024-02-18,72,Atorvastatin 40mg
2024-02-19,61,Atorvastatin 40mg
2024-02-20,102,Atorvastatin 40mg
2024-02-21,79,Atorvastatin 40mg
2024-02-22,65,Atorvastatin 40mg
2024-02-23,69,Atorvastatin 40mg
2024-02-24,68,Atorvastatin 40mg
2024-02-25,49,Atorvastatin 40mg
2024-02-26,91,Atorvastatin 40mg
2024-02-27,81,Atorvastatin 40mg
2024-02-28,72,Atorvastatin 40mg
2024-02-29,88,Atorvastatin 40mg
2024-03-01,67,Atorvastatin 40mg
2024-03-02,57,Atorvastatin 40mg
2024-03-03,67,Atorvastatin 40mg
2024-03-04,71,Atorvastatin 40mg
2024-03-05,94,Atorvastatin 40mg
2024-03-06,106,Atorvastatin 40mg
2024-03-07,86,Atorvastatin 40mg
2024-03-08,83,Atorvastatin 40mg
2024-03-09,64,Atorvastatin 40mg
2024-03-10,57,Atorvastatin 40mg
2024-03-11,86,Atorvastatin 40mg
2024-03-12,69,Atorvastatin 40mg
2024-03-13,103,Atorvastatin 40mg
2024-03-14,69,Atorvastatin 40mg
2024-03-15,80,Atorvastatin 40mg
2024-03-16,59,Atorvastatin 40mg
2024-03-17,69,Atorvastatin 40mg
2024-03-18,86,Atorvastatin 40mg
2024-03-19,73,Atorvastatin 40mg
2024-03-20,75,Atorvastatin 40mg
2024-03-21,79,Atorvastatin 40mg
2024-03-22,79,Atorvastatin 40mg
2024-03-23,62,Atorvastatin 40mg
2024-03-24,43,Atorvastatin 40mg
2024-03-25,77,Atorvastatin 40mg
2024-03-26,78,Atorvastatin 40mg
2024-03-27,74,Atorvastatin 40mg
2024-03-28,79,Atorvastatin 40mg
2024-03-29,97,Atorvastatin 40mg
2024-03-30,62,Atorvastatin 40mg
2024-03-31,65,Atorvastatin 40mg
2024-04-01,89,Atorvastatin 40mg
2024-04-02,84,Atorvastatin 40mg
2024-04-03,103,Atorvastatin 40mg
2024-04-04,91,Atorvastatin 40mg
2024-04-05,77,Atorvastatin 40mg
2024-04-06,55,Atorvastatin 40mg
2024-04-07,55,Atorvastatin 40mg
2024-04-08,92,Atorvastatin 40mg
2024-04-09,71,Atorvastatin 40mg
2024-04-10,81,Atorvastatin 40mg
2024-04-11,100,Atorvastatin 40mg
2024-04-12,83,Atorvastatin 40mg
2024-04-13,78,Atorvastatin 40mg
2024-04-14,69,Atorvastatin 40mg
2024-04-15,78,Atorvastatin 40mg
2024-04-16,77,Atorvastatin 40mg
2024-04-17,95,Atorvastatin 40mg
2024-04-18,92,Atorvastatin 40mg
2024-04-19,98,Atorvastatin 40mg
2024-04-20,77,Atorvastatin 40mg
2024-04-21,58,Atorvastatin 40mg
2024-04-22,64,Atorvastatin 40mg
2024-04-23,96,Atorvastatin 40mg
2024-04-24,72,Atorvastatin 40mg
2024-04-25,72,Atorvastatin 40mg
2024-04-26,91,Atorvastatin 40mg
2024-04-27,52,Atorvastatin 40mg
2024-04-28,77,Atorvastatin 40mg
2024-04-29,68,Atorvastatin 40mg
2024-04-30,79,Atorvastatin 40mg
2024-05-01,92,Atorvastatin 40mg
2024-05-02,89,Atorvastatin 40mg
2024-05-03,96,Atorvastatin 40mg
2024-05-04,59,Atorvastatin 40mg
2024-05-05,73,Atorvastatin 40mg
2024-05-06,70,Atorvastatin 40mg
2024-05-07,94,Atorvastatin 40mg
2024-05-08,84,Atorvastatin 40mg
2024-05-09,100,Atorvastatin 40mg
2024-05-10,97,Atorvastatin 40mg
2024-05-11,68,Atorvastatin 40mg
2024-05-12,66,Atorvastatin 40mg
2024-05-13,86,Atorvastatin 40mg
2024-05-14,80,Atorvastatin 40mg
2024-05-15,86,Atorvastatin 40mg
2024-05-16,70,Atorvastatin 40mg
2024-05-17,81,Atorvastatin 40mg
2024-05-18,67,Atorvastatin 40mg
2024-05-19,66,Atorvastatin 40mg
2024-05-20,88,Atorvastatin 40mg
2024-05-21,86,Atorvastatin 40mg
2024-05-22,89,Atorvastatin 40mg
2024-05-23,89,Atorvastatin 40mg
2024-05-24,98,Atorvastatin 40mg
2024-05-25,68,Atorvastatin 40mg
2024-05-26,53,Atorvastatin 40mg
2024-05-27,78,Atorvastatin 40mg
2024-05-28,99,Atorvastatin 40mg
2024-05-29,74,Atorvastatin 40mg
2024-05-30,82,Atorvastatin 40mg
2024-05-31,93,Atorvastatin 40mg
2024-06-01,73,Atorvastatin 40mg
2024-06-02,75,Atorvastatin 40mg
2024-06-03,96,Atorvastatin 40mg
2024-06-04,90,Atorvastatin 40mg
2024-06-05,86,Atorvastatin 40mg
2024-06-06,75,Atorvastatin 40mg
2024-06-07,79,Atorvastatin 40mg
2024-06-08,62,Atorvastatin 40mg
2024-06-09,64,Atorvastatin 40mg
2024-06-10,86,Atorvastatin 40mg
2024-06-11,88,Atorvastatin 40mg
2024-06-12,96,Atorvastatin 40mg
2024-06-13,78,Atorvastatin 40mg
2024-06-14,96,Atorvastatin 40mg
2024-06-15,66,Atorvastatin 40mg
2024-06-16,59,Atorvastatin 40mg
2024-06-17,80,Atorvastatin 40mg
2024-06-18,87,Atorvastatin 40mg
2024-06-19,85,Atorvastatin 40mg
2024-06-20,78,Atorvastatin 40mg
2024-06-21,112,Atorvastatin 40mg
2024-06-22,77,Atorvastatin 40mg
2024-06-23,72,Atorvastatin 40mg
2024-06-24,98,Atorvastatin 40mg
2024-06-25,109,Atorvastatin 40mg
2024-06-26,73,Atorvastatin 40mg
2024-06-27,75,Atorvastatin 40mg
2024-06-28,96,Atorvastatin 40mg
2024-06-29,68,Atorvastatin 40mg
2024-06-30,58,Atorvastatin 40mg
2024-07-01,102,Atorvastatin 40mg
2024-07-02,80,Atorvastatin 40mg
2024-07-03,88,Atorvastatin 40mg
2024-07-04,103,Atorvastatin 40mg
2024-07-05,75,Atorvastatin 40mg
2024-07-06,65,Atorvastatin 40mg
2024-07-07,73,Atorvastatin 40mg
2024-07-08,81,Atorvastatin 40mg
2024-07-09,92,Atorvastatin 40mg
2024-07-10,89,Atorvastatin 40mg
2024-07-11,77,Atorvastatin 40mg
2024-07-12,74,Atorvastatin 40mg
2024-07-13,88,Atorvastatin 40mg
2024-07-14,64,Atorvastatin 40mg
2024-07-15,80,Atorvastatin 40mg
2024-07-16,93,Atorvastatin 40mg
2024-07-17,98,Atorvastatin 40mg
2024-07-18,81,Atorvastatin 40mg
2024-07-19,94,Atorvastatin 40mg
2024-07-20,79,Atorvastatin 40mg
2024-07-21,54,Atorvastatin 40mg
2024-07-22,92,Atorvastatin 40mg
2024-07-23,93,Atorvastatin 40mg
2024-07-24,108,Atorvastatin 40mg
2024-07-25,67,Atorvastatin 40mg
2024-07-26,96,Atorvastatin 40mg
2024-07-27,69,Atorvastatin 40mg
2024-07-28,79,Atorvastatin 40mg
2024-07-29,83,Atorvastatin 40mg
2024-07-30,90,Atorvastatin 40mg
2024-07-31,82,Atorvastatin 40mg
2024-08-01,94,Atorvastatin 40mg
2024-08-02,87,Atorvastatin 40mg
2024-08-03,88,Atorvastatin 40mg
2024-08-04,59,Atorvastatin 40mg
2024-08-05,83,Atorvastatin 40mg
2024-08-06,92,Atorvastatin 40mg
2024-08-07,84,Atorvastatin 40mg
2024-08-08,98,Atorvastatin 40mg
2024-08-09,94,Atorvastatin 40mg
2024-08-10,46,Atorvastatin 40mg
2024-08-11,74,Atorvastatin 40mg
2024-08-12,97,Atorvastatin 40mg
2024-08-13,91,Atorvastatin 40mg
2024-08-14,87,Atorvastatin 40mg
2024-08-15,90,Atorvastatin 40mg
2024-08-16,92,Atorvastatin 40mg
2024-08-17,77,Atorvastatin 40mg
2024-08-18,73,Atorvastatin 40mg
2024-08-19,90,Atorvastatin 40mg
2024-08-20,93,Atorvastatin 40mg
2024-08-21,92,Atorvastatin 40mg
2024-08-22,89,Atorvastatin 40mg
2024-08-23,105,Atorvastatin 40mg
2024-08-24,48,Atorvastatin 40mg
2024-08-25,76,Atorvastatin 40mg
2024-08-26,99,Atorvastatin 40mg
2024-08-27,90,Atorvastatin 40mg
2024-08-28,99,Atorvastatin 40mg
2024-08-29,90,Atorvastatin 40mg
2024-08-30,93,Atorvastatin 40mg
2024-08-31,79,Atorvastatin 40mg
2024-09-01,58,Atorvastatin 40mg
2024-09-02,92,Atorvastatin 40mg
2024-09-03,94,Atorvastatin 40mg
2024-09-04,101,Atorvastatin 40mg
2024-09-05,79,Atorvastatin 40mg
2024-09-06,105,Atorvastatin 40mg
2024-09-07,62,Atorvastatin 40mg
2024-09-08,69,Atorvastatin 40mg
2024-09-09,90,Atorvastatin 40mg
2024-09-10,95,Atorvastatin 40mg
2024-09-11,93,Atorvastatin 40mg
2024-09-12,81,Atorvastatin 40mg
2024-09-13,79,Atorvastatin 40mg
2024-09-14,71,Atorvastatin 40mg
2024-09-15,64,Atorvastatin 40mg
2024-09-16,75,Atorvastatin 40mg
2024-09-17,81,Atorvastatin 40mg
2024-09-18,93,Atorvastatin 40mg
2024-09-19,113,Atorvastatin 40mg
2024-09-20,84,Atorvastatin 40mg
2024-09-21,85,Atorvastatin 40mg
2024-09-22,79,Atorvastatin 40mg
2024-09-23,100,Atorvastatin 40mg
2024-09-24,88,Atorvastatin 40mg
2024-09-25,93,Atorvastatin 40mg
2024-09-26,83,Atorvastatin 40mg
2024-09-27,102,Atorvastatin 40mg
2024-09-28,93,Atorvastatin 40mg
2024-09-29,74,Atorvastatin 40mg
2024-09-30,93,Atorvastatin 40mg
2024-10-01,97,Atorvastatin 40mg
2024-10-02,91,Atorvastatin 40mg
2024-10-03,79,Atorvastatin 40mg
2024-10-04,99,Atorvastatin 40mg
2024-10-05,70,Atorvastatin 40mg
2024-10-06,88,Atorvastatin 40mg
2024-10-07,100,Atorvastatin 40mg
2024-10-08,92,Atorvastatin 40mg
2024-10-09,94,Atorvastatin 40mg
2024-10-10,87,Atorvastatin 40mg
2024-10-11,99,Atorvastatin 40mg
2024-10-12,71,Atorvastatin 40mg
2024-10-13,75,Atorvastatin 40mg
2024-10-14,90,Atorvastatin 40mg
2024-10-15,94,Atorvastatin 40mg
2024-10-16,102,Atorvastatin 40mg
2024-10-17,87,Atorvastatin 40mg
2024-10-18,80,Atorvastatin 40mg
2024-10-19,73,Atorvastatin 40mg
2024-10-20,83,Atorvastatin 40mg
2024-10-21,91,Atorvastatin 40mg
2024-10-22,90,Atorvastatin 40mg
2024-10-23,101,Atorvastatin 40mg
2024-10-24,95,Atorvastatin 40mg
2024-10-25,95,Atorvastatin 40mg
2024-10-26,80,Atorvastatin 40mg
2024-10-27,92,Atorvastatin 40mg
2024-10-28,90,Atorvastatin 40mg
2024-10-29,83,Atorvastatin 40mg
2024-10-30,100,Atorvastatin 40mg
2024-10-31,100,Atorvastatin 40mg
2024-11-01,87,Atorvastatin 40mg
2024-11-02,67,Atorvastatin 40mg
2024-11-03,74,Atorvastatin 40mg
2024-11-04,88,Atorvastatin 40mg
2024-11-05,84,Atorvastatin 40mg
2024-11-06,121,Atorvastatin 40mg
2024-11-07,93,Atorvastatin 40mg
2024-11-08,98,Atorvastatin 40mg
2024-11-09,67,Atorvastatin 40mg
2024-11-10,61,Atorvastatin 40mg
2024-11-11,100,Atorvastatin 40mg
2024-11-12,72,Atorvastatin 40mg
2024-11-13,88,Atorvastatin 40mg
2024-11-14,94,Atorvastatin 40mg
2024-11-15,83,Atorvastatin 40mg
2024-11-16,72,Atorvastatin 40mg
2024-11-17,80,Atorvastatin 40mg
2024-11-18,80,Atorvastatin 40mg
2024-11-19,80,Atorvastatin 40mg
2024-11-20,84,Atorvastatin 40mg
2024-11-21,86,Atorvastatin 40mg
2024-11-22,92,Atorvastatin 40mg
2024-11-23,80,Atorvastatin 40mg
2024-11-24,76,Atorvastatin 40mg
2024-11-25,104,Atorvastatin 40mg
2024-11-26,96,Atorvastatin 40mg
2024-11-27,112,Atorvastatin 40mg
2024-11-28,123,Atorvastatin 40mg
2024-11-29,102,Atorvastatin 40mg
2024-11-30,94,Atorvastatin 40mg
2024-12-01,72,Atorvastatin 40mg
2024-12-02,79,Atorvastatin 40mg
2024-12-03,88,Atorvastatin 40mg
2024-12-04,94,Atorvastatin 40mg
2024-12-05,87,Atorvastatin 40mg
2024-12-06,92,Atorvastatin 40mg
2024-12-07,67,Atorvastatin 40mg
2024-12-08,70,Atorvastatin 40mg
2024-12-09,94,Atorvastatin 40mg
2024-12-10,85,Atorvastatin 40mg
2024-12-11,97,Atorvastatin 40mg
2024-12-12,95,Atorvastatin 40mg
2024-12-13,91,Atorvastatin 40mg
2024-12-14,88,Atorvastatin 40mg
2024-12-15,63,Atorvastatin 40mg
2024-12-16,101,Atorvastatin 40mg
2024-12-17,95,Atorvastatin 40mg
2024-12-18,83,Atorvastatin 40mg
2024-12-19,101,Atorvastatin 40mg
2024-12-20,93,Atorvastatin 40mg
2024-12-21,76,Atorvastatin 40mg
2024-12-22,81,Atorvastatin 40mg
2024-12-23,97,Atorvastatin 40mg
2024-12-24,116,Atorvastatin 40mg
2024-12-25,83,Atorvastatin 40mg
2024-12-26,105,Atorvastatin 40mg
2024-12-27,106,Atorvastatin 40mg
2024-12-28,78,Atorvastatin 40mg
2024-12-29,63,Atorvastatin 40mg
2024-12-30,100,Atorvastatin 40mg
2024-12-31,81,Atorvastatin 40mg
2025-01-01,105,Atorvastatin 40mg
2025-01-02,98,Atorvastatin 40mg
2025-01-03,87,Atorvastatin 40mg
2025-01-04,63,Atorvastatin 40mg
2025-01-05,85,Atorvastatin 40mg
2025-01-06,89,Atorvastatin 40mg
2025-01-07,100,Atorvastatin 40mg
2025-01-08,104,Atorvastatin 40mg
2025-01-09,65,Atorvastatin 40mg
2025-01-10,90,Atorvastatin 40mg
2025-01-11,74,Atorvastatin 40mg
2025-01-12,86,Atorvastatin 40mg
2025-01-13,101,Atorvastatin 40mg
2025-01-14,94,Atorvastatin 40mg
2025-01-15,108,Atorvastatin 40mg
2025-01-16,83,Atorvastatin 40mg
2025-01-17,102,Atorvastatin 40mg
2025-01-18,82,Atorvastatin 40mg
2025-01-19,67,Atorvastatin 40mg
2025-01-20,102,Atorvastatin 40mg
2025-01-21,109,Atorvastatin 40mg
2025-01-22,79,Atorvastatin 40mg
2025-01-23,91,Atorvastatin 40mg
2025-01-24,94,Atorvastatin 40mg
2025-01-25,98,Atorvastatin 40mg
2025-01-26,78,Atorvastatin 40mg
2025-01-27,112,Atorvastatin 40mg
2025-01-28,85,Atorvastatin 40mg
2025-01-29,94,Atorvastatin 40mg
2025-01-30,90,Atorvastatin 40mg
2025-01-31,99,Atorvastatin 40mg
2025-02-01,88,Atorvastatin 40mg
2025-02-02,98,Atorvastatin 40mg
2025-02-03,100,Atorvastatin 40mg
2025-02-04,102,Atorvastatin 40mg
2025-02-05,92,Atorvastatin 40mg
2025-02-06,105,Atorvastatin 40mg
2025-02-07,94,Atorvastatin 40mg
2025-02-08,64,Atorvastatin 40mg
2025-02-09,67,Atorvastatin 40mg
2025-02-10,114,Atorvastatin 40mg
2025-02-11,97,Atorvastatin 40mg
2025-02-12,111,Atorvastatin 40mg
2025-02-13,116,Atorvastatin 40mg
2025-02-14,97,Atorvastatin 40mg
2025-02-15,98,Atorvastatin 40mg
2025-02-16,58,Atorvastatin 40mg
2025-02-17,101,Atorvastatin 40mg
2025-02-18,96,Atorvastatin 40mg
2025-02-19,108,Atorvastatin 40mg
2025-02-20,93,Atorvastatin 40mg
2025-02-21,104,Atorvastatin 40mg
2025-02-22,99,Atorvastatin 40mg
2025-02-23,81,Atorvastatin 40mg
2025-02-24,93,Atorvastatin 40mg
2025-02-25,97,Atorvastatin 40mg
2025-02-26,94,Atorvastatin 40mg
2025-02-27,97,Atorvastatin 40mg
2025-02-28,110,Atorvastatin 40mg
2025-03-01,86,Atorvastatin 40mg
2025-03-02,80,Atorvastatin 40mg
2025-03-03,95,Atorvastatin 40mg
2025-03-04,106,Atorvastatin 40mg
2025-03-05,118,Atorvastatin 40mg
2025-03-06,92,Atorvastatin 40mg
2025-03-07,116,Atorvastatin 40mg
2025-03-08,75,Atorvastatin 40mg
2025-03-09,72,Atorvastatin 40mg
2025-03-10,94,Atorvastatin 40mg
2025-03-11,95,Atorvastatin 40mg
2025-03-12,103,Atorvastatin 40mg
2025-03-13,114,Atorvastatin 40mg
2025-03-14,100,Atorvastatin 40mg
2025-03-15,73,Atorvastatin 40mg
2025-03-16,72,Atorvastatin 40mg
2025-03-17,94,Atorvastatin 40mg
2025-03-18,105,Atorvastatin 40mg
2025-03-19,101,Atorvastatin 40mg
2025-03-20,99,Atorvastatin 40mg
2025-03-21,98,Atorvastatin 40mg
2025-03-22,81,Atorvastatin 40mg
2025-03-23,77,Atorvastatin 40mg
2025-03-24,104,Atorvastatin 40mg
2025-03-25,93,Atorvastatin 40mg
2025-03-26,104,Atorvastatin 40mg
2025-03-27,87,Atorvastatin 40mg
2025-03-28,102,Atorvastatin 40mg
2025-03-29,81,Atorvastatin 40mg
2025-03-30,95,Atorvastatin 40mg
2025-03-31,96,Atorvastatin 40mg
2025-04-01,96,Atorvastatin 40mg
2025-04-02,89,Atorvastatin 40mg
2025-04-03,97,Atorvastatin 40mg
2025-04-04,86,Atorvastatin 40mg
2025-04-05,80,Atorvastatin 40mg
2025-04-06,74,Atorvastatin 40mg
2025-04-07,105,Atorvastatin 40mg
2025-04-08,92,Atorvastatin 40mg
2025-04-09,106,Atorvastatin 40mg
2025-04-10,103,Atorvastatin 40mg
2025-04-11,116,Atorvastatin 40mg
2025-04-12,74,Atorvastatin 40mg
2025-04-13,56,Atorvastatin 40mg
2025-04-14,99,Atorvastatin 40mg
2025-04-15,103,Atorvastatin 40mg
2025-04-16,116,Atorvastatin 40mg
2025-04-17,79,Atorvastatin 40mg
2025-04-18,106,Atorvastatin 40mg
2025-04-19,80,Atorvastatin 40mg
2025-04-20,80,Atorvastatin 40mg
2025-04-21,102,Atorvastatin 40mg
2025-04-22,114,Atorvastatin 40mg
2025-04-23,101,Atorvastatin 40mg
2025-04-24,103,Atorvastatin 40mg
2025-04-25,100,Atorvastatin 40mg
2025-04-26,92,Atorvastatin 40mg
2025-04-27,65,Atorvastatin 40mg
2025-04-28,107,Atorvastatin 40mg
2025-04-29,92,Atorvastatin 40mg
2025-04-30,86,Atorvastatin 40mg
2025-05-01,112,Atorvastatin 40mg
2025-05-02,101,Atorvastatin 40mg
2025-05-03,80,Atorvastatin 40mg
2025-05-04,74,Atorvastatin 40mg
2025-05-05,101,Atorvastatin 40mg
2025-05-06,110,Atorvastatin 40mg
2025-05-07,101,Atorvastatin 40mg
2025-05-08,104,Atorvastatin 40mg
2025-05-09,100,Atorvastatin 40mg
2025-05-10,92,Atorvastatin 40mg
2025-05-11,71,Atorvastatin 40mg
2025-05-12,96,Atorvastatin 40mg
2025-05-13,102,Atorvastatin 40mg
2025-05-14,109,Atorvastatin 40mg
2025-05-15,94,Atorvastatin 40mg
2025-05-16,100,Atorvastatin 40mg
2025-05-17,95,Atorvastatin 40mg
2025-05-18,74,Atorvastatin 40mg
2025-05-19,108,Atorvastatin 40mg
2025-05-20,101,Atorvastatin 40mg
2025-05-21,107,Atorvastatin 40mg
2025-05-22,87,Atorvastatin 40mg
2025-05-23,111,Atorvastatin 40mg
2025-05-24,76,Atorvastatin 40mg
2025-05-25,93,Atorvastatin 40mg
2025-05-26,100,Atorvastatin 40mg
2025-05-27,112,Atorvastatin 40mg
2025-05-28,97,Atorvastatin 40mg
2025-05-29,114,Atorvastatin 40mg
2025-05-30,107,Atorvastatin 40mg
2025-05-31,80,Atorvastatin 40mg
2025-06-01,84,Atorvastatin 40mg
2025-06-02,113,Atorvastatin 40mg
2025-06-03,103,Atorvastatin 40mg
2025-06-04,95,Atorvastatin 40mg
2025-06-05,108,Atorvastatin 40mg
2025-06-06,108,Atorvastatin 40mg
2025-06-07,81,Atorvastatin 40mg
2025-06-08,69,Atorvastatin 40mg
2025-06-09,113,Atorvastatin 40mg
2025-06-10,112,Atorvastatin 40mg
2025-06-11,105,Atorvastatin 40mg
2025-06-12,120,Atorvastatin 40mg
2025-06-13,101,Atorvastatin 40mg
2025-06-14,88,Atorvastatin 40mg
2025-06-15,95,Atorvastatin 40mg
2025-06-16,107,Atorvastatin 40mg
2025-06-17,115,Atorvastatin 40mg
2025-06-18,107,Atorvastatin 40mg
2025-06-19,125,Atorvastatin 40mg
2025-06-20,99,Atorvastatin 40mg
2025-06-21,93,Atorvastatin 40mg
2025-06-22,102,Atorvastatin 40mg
2025-06-23,112,Atorvastatin 40mg
2025-06-24,108,Atorvastatin 40mg
2025-06-25,101,Atorvastatin 40mg
2025-06-26,112,Atorvastatin 40mg
2025-06-27,102,Atorvastatin 40mg
2025-06-28,74,Atorvastatin 40mg
2025-06-29,68,Atorvastatin 40mg
2025-06-30,110,Atorvastatin 40mg
2025-07-01,86,Atorvastatin 40mg
2025-07-02,94,Atorvastatin 40mg
2025-07-03,100,Atorvastatin 40mg
2025-07-04,113,Atorvastatin 40mg
2025-07-05,90,Atorvastatin 40mg
2025-07-06,66,Atorvastatin 40mg
2025-07-07,94,Atorvastatin 40mg
2025-07-08,105,Atorvastatin 40mg
2025-07-09,103,Atorvastatin 40mg
2025-07-10,106,Atorvastatin 40mg
2025-07-11,104,Atorvastatin 40mg
2025-07-12,83,Atorvastatin 40mg
2025-07-13,91,Atorvastatin 40mg
2025-07-14,103,Atorvastatin 40mg
2025-07-15,125,Atorvastatin 40mg
2025-07-16,111,Atorvastatin 40mg
2025-07-17,109,Atorvastatin 40mg
2025-07-18,109,Atorvastatin 40mg
2025-07-19,73,Atorvastatin 40mg
2025-07-20,92,Atorvastatin 40mg
2025-07-21,111,Atorvastatin 40mg
2025-07-22,103,Atorvastatin 40mg
2025-07-23,112,Atorvastatin 40mg
2025-07-24,108,Atorvastatin 40mg
2025-07-25,123,Atorvastatin 40mg
2025-07-26,72,Atorvastatin 40mg
2025-07-27,94,Atorvastatin 40mg
2025-07-28,95,Atorvastatin 40mg
2025-07-29,101,Atorvastatin 40mg
2025-07-30,106,Atorvastatin 40mg
2025-07-31,110,Atorvastatin 40mg
2025-08-01,109,Atorvastatin 40mg
2025-08-02,92,Atorvastatin 40mg
2025-08-03,80,Atorvastatin 40mg
2025-08-04,116,Atorvastatin 40mg
2025-08-05,103,Atorvastatin 40mg
2025-08-06,104,Atorvastatin 40mg
2025-08-07,100,Atorvastatin 40mg
2025-08-08,101,Atorvastatin 40mg
2025-08-09,89,Atorvastatin 40mg
2025-08-10,82,Atorvastatin 40mg
2025-08-11,109,Atorvastatin 40mg
2025-08-12,83,Atorvastatin 40mg
2025-08-13,115,Atorvastatin 40mg
2025-08-14,111,Atorvastatin 40mg
2025-08-15,119,Atorvastatin 40mg
2025-08-16,87,Atorvastatin 40mg
2025-08-17,77,Atorvastatin 40mg
2025-08-18,120,Atorvastatin 40mg
2025-08-19,116,Atorvastatin 40mg
2025-08-20,102,Atorvastatin 40mg
2025-08-21,105,Atorvastatin 40mg
2025-08-22,103,Atorvastatin 40mg
2025-08-23,92,Atorvastatin 40mg
2025-08-24,85,Atorvastatin 40mg
2025-08-25,111,Atorvastatin 40mg
2025-08-26,118,Atorvastatin 40mg
2025-08-27,110,Atorvastatin 40mg
2025-08-28,119,Atorvastatin 40mg
2025-08-29,104,Atorvastatin 40mg
2025-08-30,85,Atorvastatin 40mg
2025-08-31,88,Atorvastatin 40mg
2025-09-01,106,Atorvastatin 40mg
2025-09-02,106,Atorvastatin 40mg
2025-09-03,113,Atorvastatin 40mg
2025-09-04,109,Atorvastatin 40mg
2025-09-05,111,Atorvastatin 40mg
2025-09-06,82,Atorvastatin 40mg
2025-09-07,85,Atorvastatin 40mg
2025-09-08,103,Atorvastatin 40mg
2025-09-09,115,Atorvastatin 40mg
2025-09-10,116,Atorvastatin 40mg
2025-09-11,88,Atorvastatin 40mg
2025-09-12,115,Atorvastatin 40mg
2025-09-13,73,Atorvastatin 40mg
2025-09-14,67,Atorvastatin 40mg
2025-09-15,86,Atorvastatin 40mg
2025-09-16,105,Atorvastatin 40mg
2025-09-17,107,Atorvastatin 40mg
2025-09-18,105,Atorvastatin 40mg
2025-09-19,115,Atorvastatin 40mg
2025-09-20,84,Atorvastatin 40mg
2025-09-21,84,Atorvastatin 40mg
2025-09-22,106,Atorvastatin 40mg
2025-09-23,93,Atorvastatin 40mg
2025-09-24,118,Atorvastatin 40mg
2025-09-25,111,Atorvastatin 40mg
2025-09-26,123,Atorvastatin 40mg
2025-09-27,91,Atorvastatin 40mg
2025-09-28,101,Atorvastatin 40mg
2025-09-29,126,Atorvastatin 40mg
2025-09-30,110,Atorvastatin 40mg
2025-10-01,108,Atorvastatin 40mg
2025-10-02,112,Atorvastatin 40mg
2025-10-03,104,Atorvastatin 40mg
2025-10-04,96,Atorvastatin 40mg
2025-10-05,83,Atorvastatin 40mg
2025-10-06,130,Atorvastatin 40mg
2025-10-07,113,Atorvastatin 40mg
2025-10-08,138,Atorvastatin 40mg
2025-10-09,123,Atorvastatin 40mg
2025-10-10,118,Atorvastatin 40mg
2025-10-11,104,Atorvastatin 40mg
2025-10-12,92,Atorvastatin 40mg
2025-10-13,105,Atorvastatin 40mg
2025-10-14,120,Atorvastatin 40mg
2025-10-15,115,Atorvastatin 40mg
2025-10-16,120,Atorvastatin 40mg
2025-10-17,100,Atorvastatin 40mg
2025-10-18,90,Atorvastatin 40mg
2025-10-19,75,Atorvastatin 40mg
2025-10-20,104,Atorvastatin 40mg
2025-10-21,107,Atorvastatin 40mg
2025-10-22,109,Atorvastatin 40mg
2025-10-23,119,Atorvastatin 40mg
2025-10-24,116,Atorvastatin 40mg
2025-10-25,90,Atorvastatin 40mg
2025-10-26,98,Atorvastatin 40mg
2025-10-27,136,Atorvastatin 40mg
2025-10-28,118,Atorvastatin 40mg
2025-10-29,115,Atorvastatin 40mg
2025-10-30,106,Atorvastatin 40mg
2025-10-31,103,Atorvastatin 40mg
2025-11-01,74,Atorvastatin 40mg
2025-11-02,98,Atorvastatin 40mg
2025-11-03,112,Atorvastatin 40mg
2025-11-04,106,Atorvastatin 40mg
2025-11-05,101,Atorvastatin 40mg
2025-11-06,114,Atorvastatin 40mg
2025-11-07,92,Atorvastatin 40mg
2025-11-08,96,Atorvastatin 40mg
2025-11-09,102,Atorvastatin 40mg
2025-11-10,107,Atorvastatin 40mg
2025-11-11,110,Atorvastatin 40mg
2025-11-12,97,Atorvastatin 40mg
2025-11-13,102,Atorvastatin 40mg
2025-11-14,125,Atorvastatin 40mg
2025-11-15,96,Atorvastatin 40mg
2025-11-16,90,Atorvastatin 40mg
2025-11-17,115,Atorvastatin 40mg
2025-11-18,100,Atorvastatin 40mg
2025-11-19,124,Atorvastatin 40mg
2025-11-20,126,Atorvastatin 40mg
2025-11-21,99,Atorvastatin 40mg
2025-11-22,94,Atorvastatin 40mg
2025-11-23,84,Atorvastatin 40mg
2025-11-24,111,Atorvastatin 40mg
2025-11-25,116,Atorvastatin 40mg
2025-11-26,110,Atorvastatin 40mg
2025-11-27,110,Atorvastatin 40mg
2025-11-28,95,Atorvastatin 40mg
2025-11-29,85,Atorvastatin 40mg
2025-11-30,91,Atorvastatin 40mg
2025-12-01,113,Atorvastatin 40mg
2025-12-02,113,Atorvastatin 40mg
2025-12-03,97,Atorvastatin 40mg
2025-12-04,95,Atorvastatin 40mg
2025-12-05,107,Atorvastatin 40mg
2025-12-06,81,Atorvastatin 40mg
2025-12-07,97,Atorvastatin 40mg
2025-12-08,119,Atorvastatin 40mg
2025-12-09,116,Atorvastatin 40mg
2025-12-10,112,Atorvastatin 40mg
2025-12-11,116,Atorvastatin 40mg
2025-12-12,107,Atorvastatin 40mg
2025-12-13,91,Atorvastatin 40mg
2025-12-14,96,Atorvastatin 40mg
2025-12-15,118,Atorvastatin 40mg
2025-12-16,117,Atorvastatin 40mg
2025-12-17,121,Atorvastatin 40mg
2025-12-18,105,Atorvastatin 40mg
2025-12-19,90,Atorvastatin 40mg
2025-12-20,89,Atorvastatin 40mg
2025-12-21,92,Atorvastatin 40mg
2025-12-22,104,Atorvastatin 40mg
2025-12-23,113,Atorvastatin 40mg
2025-12-24,110,Atorvastatin 40mg
2025-12-25,101,Atorvastatin 40mg
2025-12-26,120,Atorvastatin 40mg
2025-12-27,91,Atorvastatin 40mg
2025-12-28,89,Atorvastatin 40mg
2025-12-29,109,Atorvastatin 40mg
2025-12-30,113,Atorvastatin 40mg
2025-12-31,112,Atorvastatin 40mg
2026-01-01,117,Atorvastatin 40mg
2026-01-02,124,Atorvastatin 40mg
2026-01-03,84,Atorvastatin 40mg
2026-01-04,88,Atorvastatin 40mg
2026-01-05,131,Atorvastatin 40mg
2026-01-06,125,Atorvastatin 40mg
2026-01-07,118,Atorvastatin 40mg
2026-01-08,128,Atorvastatin 40mg
2026-01-09,111,Atorvastatin 40mg
2026-01-10,100,Atorvastatin 40mg
2026-01-11,69,Atorvastatin 40mg
2026-01-12,129,Atorvastatin 40mg
2026-01-13,116,Atorvastatin 40mg
2026-01-14,120,Atorvastatin 40mg
2026-01-15,125,Atorvastatin 40mg
2026-01-16,117,Atorvastatin 40mg
2026-01-17,85,Atorvastatin 40mg
2026-01-18,96,Atorvastatin 40mg
2026-01-19,117,Atorvastatin 40mg
2026-01-20,132,Atorvastatin 40mg
2026-01-21,125,Atorvastatin 40mg
2026-01-22,112,Atorvastatin 40mg
2026-01-23,126,Atorvastatin 40mg
2026-01-24,98,Atorvastatin 40mg
2026-01-25,96,Atorvastatin 40mg
2026-01-26,106,Atorvastatin 40mg
2026-01-27,103,Atorvastatin 40mg
2026-01-28,109,Atorvastatin 40mg
2026-01-29,104,Atorvastatin 40mg
