product_id,location,stock_level,daily_sales,expiry_days,lead_time_days,timestamp
PCM001,Central_Warehouse,897,97,96,7,2024-01-01
AMX500,Central_Warehouse,127,60,88,7,2024-01-01
IBU400,Central_Warehouse,526,64,101,7,2024-01-01
MET850,Central_Warehouse,865,65,44,7,2024-01-01
CTZ010,Central_Warehouse,851,60,190,7,2024-01-01
OMP020,Central_Warehouse,235,64,39,7,2024-01-01
AZI250,Central_Warehouse,160,65,32,7,2024-01-01
DOL650,Central_Warehouse,916,99,71,7,2024-01-01
PAN040,Central_Warehouse,978,65,57,7,2024-01-01
ASP075,Central_Warehouse,876,65,40,7,2024-01-01
PCM001,Central_Warehouse,321,116,335,7,2024-01-02
AMX500,Central_Warehouse,427,68,31,7,2024-01-02
IBU400,Central_Warehouse,606,70,359,7,2024-01-02
MET850,Central_Warehouse,154,71,125,7,2024-01-02
CTZ010,Central_Warehouse,417,68,37,7,2024-01-02
OMP020,Central_Warehouse,236,72,54,7,2024-01-02
AZI250,Central_Warehouse,558,67,38,7,2024-01-02
DOL650,Central_Warehouse,344,112,195,7,2024-01-02
PAN040,Central_Warehouse,438,71,228,7,2024-01-02
ASP075,Central_Warehouse,136,66,353,7,2024-01-02
PCM001,Central_Warehouse,352,109,66,7,2024-01-03
AMX500,Central_Warehouse,378,68,303,7,2024-01-03
IBU400,Central_Warehouse,362,72,279,7,2024-01-03
MET850,Central_Warehouse,468,66,272,7,2024-01-03
CTZ010,Central_Warehouse,253,70,211,7,2024-01-03
OMP020,Central_Warehouse,407,73,107,7,2024-01-03
AZI250,Central_Warehouse,231,72,197,7,2024-01-03
DOL650,Central_Warehouse,845,109,204,7,2024-01-03
PAN040,Central_Warehouse,175,68,296,7,2024-01-03
ASP075,Central_Warehouse,626,69,297,7,2024-01-03
PCM001,Central_Warehouse,715,112,364,7,2024-01-04
AMX500,Central_Warehouse,629,71,52,7,2024-01-04
IBU400,Central_Warehouse,949,66,234,7,2024-01-04
MET850,Central_Warehouse,553,69,251,7,2024-01-04
CTZ010,Central_Warehouse,470,70,172,7,2024-01-04
OMP020,Central_Warehouse,179,71,44,7,2024-01-04
AZI250,Central_Warehouse,776,69,233,7,2024-01-04
DOL650,Central_Warehouse,518,114,182,7,2024-01-04
PAN040,Central_Warehouse,402,67,271,7,2024-01-04
ASP075,Central_Warehouse,376,69,139,7,2024-01-04
PCM001,Central_Warehouse,814,116,36,7,2024-01-05
AMX500,Central_Warehouse,810,70,30,7,2024-01-05
IBU400,Central_Warehouse,244,66,302,7,2024-01-05
MET850,Central_Warehouse,102,71,71,7,2024-01-05
CTZ010,Central_Warehouse,444,71,233,7,2024-01-05
OMP020,Central_Warehouse,430,67,226,7,2024-01-05
AZI250,Central_Warehouse,530,70,80,7,2024-01-05
DOL650,Central_Warehouse,965,109,80,7,2024-01-05
PAN040,Central_Warehouse,502,71,58,7,2024-01-05
ASP075,Central_Warehouse,501,70,260,7,2024-01-05
PCM001,Central_Warehouse,484,131,127,7,2024-01-06
AMX500,Central_Warehouse,664,81,306,7,2024-01-06
IBU400,Central_Warehouse,715,81,56,7,2024-01-06
MET850,Central_Warehouse,689,84,348,7,2024-01-06
CTZ010,Central_Warehouse,283,84,313,7,2024-01-06
OMP020,Central_Warehouse,538,87,275,7,2024-01-06
AZI250,Central_Warehouse,950,87,209,7,2024-01-06
DOL650,Central_Warehouse,848,140,289,7,2024-01-06
PAN040,Central_Warehouse,120,83,346,7,2024-01-06
ASP075,Central_Warehouse,155,88,235,7,2024-01-06
PCM001,Central_Warehouse,498,136,308,7,2024-01-07
AMX500,Central_Warehouse,290,80,102,7,2024-01-07
IBU400,Central_Warehouse,544,83,290,7,2024-01-07
MET850,Central_Warehouse,720,83,218,7,2024-01-07
CTZ010,Central_Warehouse,259,80,229,7,2024-01-07
OMP020,Central_Warehouse,737,83,135,7,2024-01-07
AZI250,Central_Warehouse,132,84,117,7,2024-01-07
DOL650,Central_Warehouse,262,128,347,7,2024-01-07
PAN040,Central_Warehouse,719,81,159,7,2024-01-07
ASP075,Central_Warehouse,759,87,222,7,2024-01-07
PCM001,Central_Warehouse,188,104,142,7,2024-01-08
AMX500,Central_Warehouse,172,61,204,7,2024-01-08
IBU400,Central_Warehouse,788,61,223,7,2024-01-08
MET850,Central_Warehouse,114,64,47,7,2024-01-08
CTZ010,Central_Warehouse,294,61,336,7,2024-01-08
OMP020,Central_Warehouse,627,60,322,7,2024-01-08
AZI250,Central_Warehouse,403,61,207,7,2024-01-08
DOL650,Central_Warehouse,602,97,49,7,2024-01-08
PAN040,Central_Warehouse,546,60,363,7,2024-01-08
ASP075,Central_Warehouse,677,65,211,7,2024-01-08
PCM001,Central_Warehouse,200,114,259,7,2024-01-09
AMX500,Central_Warehouse,795,71,174,7,2024-01-09
IBU400,Central_Warehouse,654,72,108,7,2024-01-09
MET850,Central_Warehouse,884,70,185,7,2024-01-09
CTZ010,Central_Warehouse,614,72,288,7,2024-01-09
OMP020,Central_Warehouse,632,66,174,7,2024-01-09
AZI250,Central_Warehouse,697,71,225,7,2024-01-09
DOL650,Central_Warehouse,345,110,290,7,2024-01-09
PAN040,Central_Warehouse,644,73,31,7,2024-01-09
ASP075,Central_Warehouse,148,72,350,7,2024-01-09
PCM001,Central_Warehouse,653,114,362,7,2024-01-10
AMX500,Central_Warehouse,560,71,114,7,2024-01-10
IBU400,Central_Warehouse,321,73,207,7,2024-01-10
MET850,Central_Warehouse,606,71,54,7,2024-01-10
CTZ010,Central_Warehouse,256,70,93,7,2024-01-10
OMP020,Central_Warehouse,245,69,191,7,2024-01-10
AZI250,Central_Warehouse,110,69,67,7,2024-01-10
DOL650,Central_Warehouse,680,117,66,7,2024-01-10
PAN040,Central_Warehouse,767,69,285,7,2024-01-10
ASP075,Central_Warehouse,957,71,348,7,2024-01-10
PCM001,Central_Warehouse,458,114,246,7,2024-01-11
AMX500,Central_Warehouse,541,72,282,7,2024-01-11
IBU400,Central_Warehouse,997,72,260,7,2024-01-11
MET850,Central_Warehouse,565,69,114,7,2024-01-11
CTZ010,Central_Warehouse,459,68,103,7,2024-01-11
OMP020,Central_Warehouse,366,72,363,7,2024-01-11
AZI250,Central_Warehouse,707,73,357,7,2024-01-11
DOL650,Central_Warehouse,415,117,135,7,2024-01-11
PAN040,Central_Warehouse,695,73,254,7,2024-01-11
ASP075,Central_Warehouse,704,71,239,7,2024-01-11
PCM001,Central_Warehouse,547,112,117,7,2024-01-12
AMX500,Central_Warehouse,976,70,106,7,2024-01-12
IBU400,Central_Warehouse,210,68,177,7,2024-01-12
MET850,Central_Warehouse,105,72,271,7,2024-01-12
CTZ010,Central_Warehouse,245,71,118,7,2024-01-12
OMP020,Central_Warehouse,592,69,192,7,2024-01-12
AZI250,Central_Warehouse,773,70,314,7,2024-01-12
DOL650,Central_Warehouse,383,115,354,7,2024-01-12
PAN040,Central_Warehouse,908,71,193,7,2024-01-12
ASP075,Central_Warehouse,519,72,105,7,2024-01-12
PCM001,Central_Warehouse,660,129,252,7,2024-01-13
AMX500,Central_Warehouse,856,84,80,7,2024-01-13
IBU400,Central_Warehouse,221,80,189,7,2024-01-13
MET850,Central_Warehouse,519,86,170,7,2024-01-13
CTZ010,Central_Warehouse,419,85,302,7,2024-01-13
OMP020,Central_Warehouse,996,86,95,7,2024-01-13
AZI250,Central_Warehouse,531,83,129,7,2024-01-13
DOL650,Central_Warehouse,157,132,272,7,2024-01-13
PAN040,Central_Warehouse,127,82,365,7,2024-01-13
ASP075,Central_Warehouse,330,88,157,7,2024-01-13
PCM001,Central_Warehouse,783,141,179,7,2024-01-14
AMX500,Central_Warehouse,861,86,248,7,2024-01-14
IBU400,Central_Warehouse,411,89,234,7,2024-01-14
MET850,Central_Warehouse,897,85,82,7,2024-01-14
CTZ010,Central_Warehouse,672,84,190,7,2024-01-14
OMP020,Central_Warehouse,815,87,136,7,2024-01-14
AZI250,Central_Warehouse,627,88,357,7,2024-01-14
DOL650,Central_Warehouse,952,137,57,7,2024-01-14
PAN040,Central_Warehouse,501,88,213,7,2024-01-14
ASP075,Central_Warehouse,908,81,293,7,2024-01-14
PCM001,Central_Warehouse,225,103,346,7,2024-01-15
AMX500,Central_Warehouse,383,65,146,7,2024-01-15
IBU400,Central_Warehouse,949,61,169,7,2024-01-15
MET850,Central_Warehouse,954,62,319,7,2024-01-15
CTZ010,Central_Warehouse,569,63,137,7,2024-01-15
OMP020,Central_Warehouse,974,63,82,7,2024-01-15
AZI250,Central_Warehouse,545,65,39,7,2024-01-15
DOL650,Central_Warehouse,544,99,230,7,2024-01-15
PAN040,Central_Warehouse,408,66,95,7,2024-01-15
ASP075,Central_Warehouse,391,63,365,7,2024-01-15
PCM001,Central_Warehouse,738,117,261,7,2024-01-16
AMX500,Central_Warehouse,239,73,51,7,2024-01-16
IBU400,Central_Warehouse,402,68,35,7,2024-01-16
MET850,Central_Warehouse,747,71,84,7,2024-01-16
CTZ010,Central_Warehouse,446,69,300,7,2024-01-16
OMP020,Central_Warehouse,229,72,63,7,2024-01-16
AZI250,Central_Warehouse,686,69,31,7,2024-01-16
DOL650,Central_Warehouse,144,116,195,7,2024-01-16
PAN040,Central_Warehouse,714,71,177,7,2024-01-16
ASP075,Central_Warehouse,758,70,345,7,2024-01-16
PCM001,Central_Warehouse,594,118,214,7,2024-01-17
AMX500,Central_Warehouse,102,70,193,7,2024-01-17
IBU400,Central_Warehouse,892,72,236,7,2024-01-17
MET850,Central_Warehouse,363,69,335,7,2024-01-17
CTZ010,Central_Warehouse,704,72,40,7,2024-01-17
OMP020,Central_Warehouse,367,69,187,7,2024-01-17
AZI250,Central_Warehouse,776,70,249,7,2024-01-17
DOL650,Central_Warehouse,467,111,262,7,2024-01-17
PAN040,Central_Warehouse,334,69,357,7,2024-01-17
ASP075,Central_Warehouse,418,74,105,7,2024-01-17
PCM001,Central_Warehouse,965,110,223,7,2024-01-18
AMX500,Central_Warehouse,811,70,45,7,2024-01-18
IBU400,Central_Warehouse,874,71,327,7,2024-01-18
MET850,Central_Warehouse,216,72,303,7,2024-01-18
CTZ010,Central_Warehouse,572,74,87,7,2024-01-18
OMP020,Central_Warehouse,141,67,293,7,2024-01-18
AZI250,Central_Warehouse,699,68,271,7,2024-01-18
DOL650,Central_Warehouse,197,108,147,7,2024-01-18
PAN040,Central_Warehouse,185,73,334,7,2024-01-18
ASP075,Central_Warehouse,671,71,169,7,2024-01-18
PCM001,Central_Warehouse,264,111,327,7,2024-01-19
AMX500,Central_Warehouse,338,69,321,7,2024-01-19
IBU400,Central_Warehouse,249,73,185,7,2024-01-19
MET850,Central_Warehouse,870,72,136,7,2024-01-19
CTZ010,Central_Warehouse,134,71,67,7,2024-01-19
OMP020,Central_Warehouse,111,72,192,7,2024-01-19
AZI250,Central_Warehouse,728,71,341,7,2024-01-19
DOL650,Central_Warehouse,610,118,344,7,2024-01-19
PAN040,Central_Warehouse,484,73,100,7,2024-01-19
ASP075,Central_Warehouse,149,67,196,7,2024-01-19
PCM001,Central_Warehouse,400,142,227,7,2024-01-20
AMX500,Central_Warehouse,543,83,215,7,2024-01-20
IBU400,Central_Warehouse,482,87,110,7,2024-01-20
MET850,Central_Warehouse,529,81,355,7,2024-01-20
CTZ010,Central_Warehouse,391,82,217,7,2024-01-20
OMP020,Central_Warehouse,335,81,231,7,2024-01-20
AZI250,Central_Warehouse,347,88,111,7,2024-01-20
DOL650,Central_Warehouse,183,135,204,7,2024-01-20
PAN040,Central_Warehouse,722,83,53,7,2024-01-20
ASP075,Central_Warehouse,905,81,248,7,2024-01-20
PCM001,Central_Warehouse,526,136,39,7,2024-01-21
AMX500,Central_Warehouse,352,86,96,7,2024-01-21
IBU400,Central_Warehouse,846,81,117,7,2024-01-21
MET850,Central_Warehouse,194,83,87,7,2024-01-21
CTZ010,Central_Warehouse,451,85,149,7,2024-01-21
OMP020,Central_Warehouse,375,88,172,7,2024-01-21
AZI250,Central_Warehouse,263,81,269,7,2024-01-21
DOL650,Central_Warehouse,119,134,205,7,2024-01-21
PAN040,Central_Warehouse,806,86,49,7,2024-01-21
ASP075,Central_Warehouse,271,81,298,7,2024-01-21
PCM001,Central_Warehouse,801,101,294,7,2024-01-22
AMX500,Central_Warehouse,165,64,156,7,2024-01-22
IBU400,Central_Warehouse,1000,62,299,7,2024-01-22
MET850,Central_Warehouse,702,64,351,7,2024-01-22
CTZ010,Central_Warehouse,432,62,307,7,2024-01-22
OMP020,Central_Warehouse,533,66,180,7,2024-01-22
AZI250,Central_Warehouse,870,66,122,7,2024-01-22
DOL650,Central_Warehouse,850,100,39,7,2024-01-22
PAN040,Central_Warehouse,961,63,197,7,2024-01-22
ASP075,Central_Warehouse,909,62,63,7,2024-01-22
PCM001,Central_Warehouse,428,119,99,7,2024-01-23
AMX500,Central_Warehouse,320,74,289,7,2024-01-23
IBU400,Central_Warehouse,387,72,349,7,2024-01-23
MET850,Central_Warehouse,947,74,253,7,2024-01-23
CTZ010,Central_Warehouse,206,73,144,7,2024-01-23
OMP020,Central_Warehouse,453,74,68,7,2024-01-23
AZI250,Central_Warehouse,510,68,43,7,2024-01-23
DOL650,Central_Warehouse,724,110,33,7,2024-01-23
PAN040,Central_Warehouse,145,73,232,7,2024-01-23
ASP075,Central_Warehouse,151,68,138,7,2024-01-23
PCM001,Central_Warehouse,400,109,83,7,2024-01-24
AMX500,Central_Warehouse,349,70,336,7,2024-01-24
IBU400,Central_Warehouse,212,72,312,7,2024-01-24
MET850,Central_Warehouse,642,73,148,7,2024-01-24
CTZ010,Central_Warehouse,422,71,57,7,2024-01-24
OMP020,Central_Warehouse,238,71,352,7,2024-01-24
AZI250,Central_Warehouse,762,69,346,7,2024-01-24
DOL650,Central_Warehouse,555,117,302,7,2024-01-24
PAN040,Central_Warehouse,107,70,360,7,2024-01-24
ASP075,Central_Warehouse,158,69,114,7,2024-01-24
PCM001,Central_Warehouse,524,116,194,7,2024-01-25
AMX500,Central_Warehouse,867,70,328,7,2024-01-25
IBU400,Central_Warehouse,255,68,258,7,2024-01-25
MET850,Central_Warehouse,877,74,82,7,2024-01-25
CTZ010,Central_Warehouse,108,73,290,7,2024-01-25
OMP020,Central_Warehouse,908,70,36,7,2024-01-25
AZI250,Central_Warehouse,332,69,176,7,2024-01-25
DOL650,Central_Warehouse,681,110,274,7,2024-01-25
PAN040,Central_Warehouse,111,70,255,7,2024-01-25
ASP075,Central_Warehouse,524,74,39,7,2024-01-25
PCM001,Central_Warehouse,550,109,43,7,2024-01-26
AMX500,Central_Warehouse,387,72,239,7,2024-01-26
IBU400,Central_Warehouse,897,74,94,7,2024-01-26
MET850,Central_Warehouse,168,74,297,7,2024-01-26
CTZ010,Central_Warehouse,845,68,160,7,2024-01-26
OMP020,Central_Warehouse,237,69,230,7,2024-01-26
AZI250,Central_Warehouse,175,71,254,7,2024-01-26
DOL650,Central_Warehouse,294,111,132,7,2024-01-26
PAN040,Central_Warehouse,514,69,240,7,2024-01-26
ASP075,Central_Warehouse,792,68,212,7,2024-01-26
PCM001,Central_Warehouse,113,132,354,7,2024-01-27
AMX500,Central_Warehouse,236,87,282,7,2024-01-27
IBU400,Central_Warehouse,629,86,283,7,2024-01-27
MET850,Central_Warehouse,964,87,74,7,2024-01-27
CTZ010,Central_Warehouse,245,83,240,7,2024-01-27
OMP020,Central_Warehouse,586,84,47,7,2024-01-27
AZI250,Central_Warehouse,605,82,123,7,2024-01-27
DOL650,Central_Warehouse,645,133,153,7,2024-01-27
PAN040,Central_Warehouse,973,86,106,7,2024-01-27
ASP075,Central_Warehouse,163,83,277,7,2024-01-27
PCM001,Central_Warehouse,661,135,247,7,2024-01-28
AMX500,Central_Warehouse,540,85,313,7,2024-01-28
IBU400,Central_Warehouse,347,82,297,7,2024-01-28
MET850,Central_Warehouse,775,89,364,7,2024-01-28
CTZ010,Central_Warehouse,874,83,325,7,2024-01-28
OMP020,Central_Warehouse,427,84,336,7,2024-01-28
AZI250,Central_Warehouse,971,81,321,7,2024-01-28
DOL650,Central_Warehouse,447,143,52,7,2024-01-28
PAN040,Central_Warehouse,179,83,308,7,2024-01-28
ASP075,Central_Warehouse,705,82,206,7,2024-01-28
PCM001,Central_Warehouse,802,99,263,7,2024-01-29
AMX500,Central_Warehouse,312,65,109,7,2024-01-29
IBU400,Central_Warehouse,923,61,344,7,2024-01-29
MET850,Central_Warehouse,761,62,95,7,2024-01-29
CTZ010,Central_Warehouse,803,64,199,7,2024-01-29
OMP020,Central_Warehouse,900,67,164,7,2024-01-29
AZI250,Central_Warehouse,846,62,44,7,2024-01-29
DOL650,Central_Warehouse,969,107,260,7,2024-01-29
PAN040,Central_Warehouse,133,65,247,7,2024-01-29
ASP075,Central_Warehouse,752,65,325,7,2024-01-29
PCM001,Central_Warehouse,973,113,241,7,2024-01-30
AMX500,Central_Warehouse,848,70,317,7,2024-01-30
IBU400,Central_Warehouse,239,73,363,7,2024-01-30
MET850,Central_Warehouse,772,75,341,7,2024-01-30
CTZ010,Central_Warehouse,609,74,128,7,2024-01-30
OMP020,Central_Warehouse,542,74,249,7,2024-01-30
AZI250,Central_Warehouse,972,71,88,7,2024-01-30
DOL650,Central_Warehouse,924,117,213,7,2024-01-30
PAN040,Central_Warehouse,208,73,78,7,2024-01-30
ASP075,Central_Warehouse,828,71,288,7,2024-01-30
PCM001,Central_Warehouse,256,120,185,7,2024-01-31
AMX500,Central_Warehouse,314,75,247,7,2024-01-31
IBU400,Central_Warehouse,985,72,311,7,2024-01-31
MET850,Central_Warehouse,904,73,343,7,2024-01-31
CTZ010,Central_Warehouse,265,72,181,7,2024-01-31
OMP020,Central_Warehouse,575,69,31,7,2024-01-31
AZI250,Central_Warehouse,828,71,297,7,2024-01-31
DOL650,Central_Warehouse,971,117,223,7,2024-01-31
PAN040,Central_Warehouse,925,70,229,7,2024-01-31
ASP075,Central_Warehouse,780,70,170,7,2024-01-31
PCM001,Central_Warehouse,958,78,305,7,2024-02-01
AMX500,Central_Warehouse,939,50,158,7,2024-02-01
IBU400,Central_Warehouse,852,50,358,7,2024-02-01
MET850,Central_Warehouse,209,50,300,7,2024-02-01
CTZ010,Central_Warehouse,641,48,310,7,2024-02-01
OMP020,Central_Warehouse,544,51,317,7,2024-02-01
AZI250,Central_Warehouse,817,49,362,7,2024-02-01
DOL650,Central_Warehouse,144,78,91,7,2024-02-01
PAN040,Central_Warehouse,601,49,113,7,2024-02-01
ASP075,Central_Warehouse,635,53,85,7,2024-02-01
PCM001,Central_Warehouse,270,83,241,7,2024-02-02
AMX500,Central_Warehouse,660,50,53,7,2024-02-02
IBU400,Central_Warehouse,482,49,348,7,2024-02-02
MET850,Central_Warehouse,708,53,365,7,2024-02-02
CTZ010,Central_Warehouse,581,49,46,7,2024-02-02
OMP020,Central_Warehouse,196,50,285,7,2024-02-02
AZI250,Central_Warehouse,775,49,47,7,2024-02-02
DOL650,Central_Warehouse,728,78,335,7,2024-02-02
PAN040,Central_Warehouse,804,51,231,7,2024-02-02
ASP075,Central_Warehouse,891,53,95,7,2024-02-02
PCM001,Central_Warehouse,773,102,250,7,2024-02-03
AMX500,Central_Warehouse,761,62,352,7,2024-02-03
IBU400,Central_Warehouse,924,58,52,7,2024-02-03
MET850,Central_Warehouse,863,63,182,7,2024-02-03
CTZ010,Central_Warehouse,375,58,83,7,2024-02-03
OMP020,Central_Warehouse,262,62,65,7,2024-02-03
AZI250,Central_Warehouse,129,58,171,7,2024-02-03
DOL650,Central_Warehouse,906,98,98,7,2024-02-03
PAN040,Central_Warehouse,855,61,54,7,2024-02-03
ASP075,Central_Warehouse,868,62,151,7,2024-02-03
PCM001,Central_Warehouse,419,94,342,7,2024-02-04
AMX500,Central_Warehouse,337,63,134,7,2024-02-04
IBU400,Central_Warehouse,322,61,326,7,2024-02-04
MET850,Central_Warehouse,121,59,255,7,2024-02-04
CTZ010,Central_Warehouse,624,60,330,7,2024-02-04
OMP020,Central_Warehouse,439,58,59,7,2024-02-04
AZI250,Central_Warehouse,996,63,292,7,2024-02-04
DOL650,Central_Warehouse,494,100,170,7,2024-02-04
PAN040,Central_Warehouse,466,64,291,7,2024-02-04
ASP075,Central_Warehouse,554,62,151,7,2024-02-04
PCM001,Central_Warehouse,254,75,279,7,2024-02-05
AMX500,Central_Warehouse,731,46,330,7,2024-02-05
IBU400,Central_Warehouse,659,44,170,7,2024-02-05
MET850,Central_Warehouse,977,46,119,7,2024-02-05
CTZ010,Central_Warehouse,943,47,107,7,2024-02-05
OMP020,Central_Warehouse,306,44,212,7,2024-02-05
AZI250,Central_Warehouse,393,45,187,7,2024-02-05
DOL650,Central_Warehouse,758,74,325,7,2024-02-05
PAN040,Central_Warehouse,310,45,234,7,2024-02-05
ASP075,Central_Warehouse,992,45,34,7,2024-02-05
PCM001,Central_Warehouse,789,83,308,7,2024-02-06
AMX500,Central_Warehouse,923,54,204,7,2024-02-06
IBU400,Central_Warehouse,630,50,238,7,2024-02-06
MET850,Central_Warehouse,963,53,46,7,2024-02-06
CTZ010,Central_Warehouse,853,51,143,7,2024-02-06
OMP020,Central_Warehouse,773,49,58,7,2024-02-06
AZI250,Central_Warehouse,150,49,235,7,2024-02-06
DOL650,Central_Warehouse,318,85,351,7,2024-02-06
PAN040,Central_Warehouse,274,52,202,7,2024-02-06
ASP075,Central_Warehouse,534,53,254,7,2024-02-06
PCM001,Central_Warehouse,166,81,95,7,2024-02-07
AMX500,Central_Warehouse,721,49,231,7,2024-02-07
IBU400,Central_Warehouse,445,53,105,7,2024-02-07
MET850,Central_Warehouse,400,49,132,7,2024-02-07
CTZ010,Central_Warehouse,679,51,135,7,2024-02-07
OMP020,Central_Warehouse,611,50,66,7,2024-02-07
AZI250,Central_Warehouse,759,50,105,7,2024-02-07
DOL650,Central_Warehouse,886,81,114,7,2024-02-07
PAN040,Central_Warehouse,284,50,124,7,2024-02-07
ASP075,Central_Warehouse,200,51,318,7,2024-02-07
PCM001,Central_Warehouse,801,79,357,7,2024-02-08
AMX500,Central_Warehouse,862,52,352,7,2024-02-08
IBU400,Central_Warehouse,504,50,286,7,2024-02-08
MET850,Central_Warehouse,674,51,75,7,2024-02-08
CTZ010,Central_Warehouse,292,52,320,7,2024-02-08
OMP020,Central_Warehouse,498,53,186,7,2024-02-08
AZI250,Central_Warehouse,264,51,152,7,2024-02-08
DOL650,Central_Warehouse,817,81,317,7,2024-02-08
PAN040,Central_Warehouse,263,50,90,7,2024-02-08
ASP075,Central_Warehouse,152,49,57,7,2024-02-08
PCM001,Central_Warehouse,993,83,161,7,2024-02-09
AMX500,Central_Warehouse,493,49,349,7,2024-02-09
IBU400,Central_Warehouse,278,52,181,7,2024-02-09
MET850,Central_Warehouse,729,49,249,7,2024-02-09
CTZ010,Central_Warehouse,108,51,190,7,2024-02-09
OMP020,Central_Warehouse,625,51,358,7,2024-02-09
AZI250,Central_Warehouse,917,49,254,7,2024-02-09
DOL650,Central_Warehouse,110,79,184,7,2024-02-09
PAN040,Central_Warehouse,739,53,277,7,2024-02-09
ASP075,Central_Warehouse,740,50,148,7,2024-02-09
PCM001,Central_Warehouse,850,100,68,7,2024-02-10
AMX500,Central_Warehouse,830,62,42,7,2024-02-10
IBU400,Central_Warehouse,425,63,63,7,2024-02-10
MET850,Central_Warehouse,177,64,338,7,2024-02-10
CTZ010,Central_Warehouse,458,61,73,7,2024-02-10
OMP020,Central_Warehouse,453,60,180,7,2024-02-10
AZI250,Central_Warehouse,747,59,196,7,2024-02-10
DOL650,Central_Warehouse,147,96,111,7,2024-02-10
PAN040,Central_Warehouse,226,62,148,7,2024-02-10
ASP075,Central_Warehouse,840,62,263,7,2024-02-10
PCM001,Central_Warehouse,725,96,259,7,2024-02-11
AMX500,Central_Warehouse,523,60,214,7,2024-02-11
IBU400,Central_Warehouse,339,63,62,7,2024-02-11
MET850,Central_Warehouse,328,64,31,7,2024-02-11
CTZ010,Central_Warehouse,784,59,236,7,2024-02-11
OMP020,Central_Warehouse,303,64,128,7,2024-02-11
AZI250,Central_Warehouse,152,62,250,7,2024-02-11
DOL650,Central_Warehouse,785,95,41,7,2024-02-11
PAN040,Central_Warehouse,440,61,84,7,2024-02-11
ASP075,Central_Warehouse,407,60,314,7,2024-02-11
PCM001,Central_Warehouse,926,71,66,7,2024-02-12
AMX500,Central_Warehouse,421,48,71,7,2024-02-12
IBU400,Central_Warehouse,184,47,92,7,2024-02-12
MET850,Central_Warehouse,739,44,101,7,2024-02-12
CTZ010,Central_Warehouse,682,48,196,7,2024-02-12
OMP020,Central_Warehouse,192,48,302,7,2024-02-12
AZI250,Central_Warehouse,562,46,327,7,2024-02-12
DOL650,Central_Warehouse,873,71,301,7,2024-02-12
PAN040,Central_Warehouse,900,45,96,7,2024-02-12
ASP075,Central_Warehouse,232,46,188,7,2024-02-12
PCM001,Central_Warehouse,205,81,225,7,2024-02-13
AMX500,Central_Warehouse,700,49,270,7,2024-02-13
IBU400,Central_Warehouse,132,50,210,7,2024-02-13
MET850,Central_Warehouse,705,53,171,7,2024-02-13
CTZ010,Central_Warehouse,761,51,61,7,2024-02-13
OMP020,Central_Warehouse,313,54,86,7,2024-02-13
AZI250,Central_Warehouse,809,52,56,7,2024-02-13
DOL650,Central_Warehouse,191,85,141,7,2024-02-13
PAN040,Central_Warehouse,686,50,281,7,2024-02-13
ASP075,Central_Warehouse,281,54,270,7,2024-02-13
PCM001,Central_Warehouse,735,87,131,7,2024-02-14
AMX500,Central_Warehouse,256,51,89,7,2024-02-14
IBU400,Central_Warehouse,635,53,251,7,2024-02-14
MET850,Central_Warehouse,730,51,328,7,2024-02-14
CTZ010,Central_Warehouse,871,50,121,7,2024-02-14
OMP020,Central_Warehouse,500,53,356,7,2024-02-14
AZI250,Central_Warehouse,772,50,76,7,2024-02-14
DOL650,Central_Warehouse,894,80,330,7,2024-02-14
PAN040,Central_Warehouse,839,50,71,7,2024-02-14
ASP075,Central_Warehouse,733,51,141,7,2024-02-14
PCM001,Central_Warehouse,718,83,136,7,2024-02-15
AMX500,Central_Warehouse,857,52,350,7,2024-02-15
IBU400,Central_Warehouse,842,53,279,7,2024-02-15
MET850,Central_Warehouse,116,53,94,7,2024-02-15
CTZ010,Central_Warehouse,900,52,361,7,2024-02-15
OMP020,Central_Warehouse,926,52,290,7,2024-02-15
AZI250,Central_Warehouse,181,50,90,7,2024-02-15
DOL650,Central_Warehouse,407,86,61,7,2024-02-15
PAN040,Central_Warehouse,843,51,202,7,2024-02-15
ASP075,Central_Warehouse,366,49,81,7,2024-02-15
PCM001,Central_Warehouse,789,81,94,7,2024-02-16
AMX500,Central_Warehouse,415,54,354,7,2024-02-16
IBU400,Central_Warehouse,439,49,114,7,2024-02-16
MET850,Central_Warehouse,220,52,93,7,2024-02-16
CTZ010,Central_Warehouse,955,52,356,7,2024-02-16
OMP020,Central_Warehouse,451,50,100,7,2024-02-16
AZI250,Central_Warehouse,279,50,198,7,2024-02-16
DOL650,Central_Warehouse,217,79,103,7,2024-02-16
PAN040,Central_Warehouse,377,49,51,7,2024-02-16
ASP075,Central_Warehouse,388,53,290,7,2024-02-16
PCM001,Central_Warehouse,754,96,253,7,2024-02-17
AMX500,Central_Warehouse,412,60,359,7,2024-02-17
IBU400,Central_Warehouse,529,64,111,7,2024-02-17
MET850,Central_Warehouse,368,59,230,7,2024-02-17
CTZ010,Central_Warehouse,956,61,229,7,2024-02-17
OMP020,Central_Warehouse,727,64,174,7,2024-02-17
AZI250,Central_Warehouse,796,64,306,7,2024-02-17
DOL650,Central_Warehouse,446,98,88,7,2024-02-17
PAN040,Central_Warehouse,494,61,45,7,2024-02-17
ASP075,Central_Warehouse,367,60,96,7,2024-02-17
PCM001,Central_Warehouse,419,100,107,7,2024-02-18
AMX500,Central_Warehouse,456,63,103,7,2024-02-18
IBU400,Central_Warehouse,700,61,111,7,2024-02-18
MET850,Central_Warehouse,376,62,364,7,2024-02-18
CTZ010,Central_Warehouse,978,64,87,7,2024-02-18
OMP020,Central_Warehouse,198,62,350,7,2024-02-18
AZI250,Central_Warehouse,156,60,152,7,2024-02-18
DOL650,Central_Warehouse,871,97,298,7,2024-02-18
PAN040,Central_Warehouse,730,64,224,7,2024-02-18
ASP075,Central_Warehouse,401,62,333,7,2024-02-18
PCM001,Central_Warehouse,662,77,171,7,2024-02-19
AMX500,Central_Warehouse,417,46,46,7,2024-02-19
IBU400,Central_Warehouse,295,48,172,7,2024-02-19
MET850,Central_Warehouse,621,45,212,7,2024-02-19
CTZ010,Central_Warehouse,364,48,325,7,2024-02-19
OMP020,Central_Warehouse,386,48,39,7,2024-02-19
AZI250,Central_Warehouse,202,46,116,7,2024-02-19
DOL650,Central_Warehouse,538,72,308,7,2024-02-19
PAN040,Central_Warehouse,594,48,233,7,2024-02-19
ASP075,Central_Warehouse,107,46,250,7,2024-02-19
PCM001,Central_Warehouse,986,82,232,7,2024-02-20
AMX500,Central_Warehouse,541,50,238,7,2024-02-20
IBU400,Central_Warehouse,976,49,67,7,2024-02-20
MET850,Central_Warehouse,657,50,128,7,2024-02-20
CTZ010,Central_Warehouse,975,49,335,7,2024-02-20
OMP020,Central_Warehouse,484,49,68,7,2024-02-20
AZI250,Central_Warehouse,843,50,327,7,2024-02-20
DOL650,Central_Warehouse,483,79,215,7,2024-02-20
PAN040,Central_Warehouse,712,53,159,7,2024-02-20
ASP075,Central_Warehouse,779,52,93,7,2024-02-20
PCM001,Central_Warehouse,506,87,96,7,2024-02-21
AMX500,Central_Warehouse,923,52,268,7,2024-02-21
IBU400,Central_Warehouse,509,50,276,7,2024-02-21
MET850,Central_Warehouse,443,51,192,7,2024-02-21
CTZ010,Central_Warehouse,416,53,57,7,2024-02-21
OMP020,Central_Warehouse,289,50,233,7,2024-02-21
AZI250,Central_Warehouse,720,53,121,7,2024-02-21
DOL650,Central_Warehouse,795,87,191,7,2024-02-21
PAN040,Central_Warehouse,961,54,75,7,2024-02-21
ASP075,Central_Warehouse,446,50,291,7,2024-02-21
PCM001,Central_Warehouse,832,79,204,7,2024-02-22
AMX500,Central_Warehouse,997,52,60,7,2024-02-22
IBU400,Central_Warehouse,936,52,163,7,2024-02-22
MET850,Central_Warehouse,807,53,94,7,2024-02-22
CTZ010,Central_Warehouse,715,52,213,7,2024-02-22
OMP020,Central_Warehouse,477,51,231,7,2024-02-22
AZI250,Central_Warehouse,422,50,351,7,2024-02-22
DOL650,Central_Warehouse,617,86,350,7,2024-02-22
PAN040,Central_Warehouse,201,54,52,7,2024-02-22
ASP075,Central_Warehouse,113,53,98,7,2024-02-22
PCM001,Central_Warehouse,631,84,356,7,2024-02-23
AMX500,Central_Warehouse,803,50,320,7,2024-02-23
IBU400,Central_Warehouse,315,51,102,7,2024-02-23
MET850,Central_Warehouse,465,54,217,7,2024-02-23
CTZ010,Central_Warehouse,232,51,250,7,2024-02-23
OMP020,Central_Warehouse,301,52,90,7,2024-02-23
AZI250,Central_Warehouse,700,54,323,7,2024-02-23
DOL650,Central_Warehouse,692,83,151,7,2024-02-23
PAN040,Central_Warehouse,729,49,240,7,2024-02-23
ASP075,Central_Warehouse,934,51,84,7,2024-02-23
PCM001,Central_Warehouse,422,98,215,7,2024-02-24
AMX500,Central_Warehouse,143,64,103,7,2024-02-24
IBU400,Central_Warehouse,757,65,49,7,2024-02-24
MET850,Central_Warehouse,649,61,226,7,2024-02-24
CTZ010,Central_Warehouse,257,65,96,7,2024-02-24
OMP020,Central_Warehouse,525,62,76,7,2024-02-24
AZI250,Central_Warehouse,713,63,322,7,2024-02-24
DOL650,Central_Warehouse,363,102,39,7,2024-02-24
PAN040,Central_Warehouse,175,61,30,7,2024-02-24
ASP075,Central_Warehouse,734,62,156,7,2024-02-24
PCM001,Central_Warehouse,416,104,51,7,2024-02-25
AMX500,Central_Warehouse,295,64,286,7,2024-02-25
IBU400,Central_Warehouse,149,65,96,7,2024-02-25
MET850,Central_Warehouse,946,65,67,7,2024-02-25
CTZ010,Central_Warehouse,564,60,141,7,2024-02-25
OMP020,Central_Warehouse,424,59,183,7,2024-02-25
AZI250,Central_Warehouse,500,64,228,7,2024-02-25
DOL650,Central_Warehouse,258,96,114,7,2024-02-25
PAN040,Central_Warehouse,393,63,313,7,2024-02-25
ASP075,Central_Warehouse,166,59,151,7,2024-02-25
PCM001,Central_Warehouse,756,72,291,7,2024-02-26
AMX500,Central_Warehouse,588,49,95,7,2024-02-26
IBU400,Central_Warehouse,217,47,173,7,2024-02-26
MET850,Central_Warehouse,296,47,119,7,2024-02-26
CTZ010,Central_Warehouse,503,45,220,7,2024-02-26
OMP020,Central_Warehouse,906,47,177,7,2024-02-26
AZI250,Central_Warehouse,659,47,89,7,2024-02-26
DOL650,Central_Warehouse,590,74,169,7,2024-02-26
PAN040,Central_Warehouse,198,45,302,7,2024-02-26
ASP075,Central_Warehouse,221,47,355,7,2024-02-26
PCM001,Central_Warehouse,356,86,251,7,2024-02-27
AMX500,Central_Warehouse,538,54,93,7,2024-02-27
IBU400,Central_Warehouse,714,54,126,7,2024-02-27
MET850,Central_Warehouse,493,54,198,7,2024-02-27
CTZ010,Central_Warehouse,823,51,170,7,2024-02-27
OMP020,Central_Warehouse,166,50,270,7,2024-02-27
AZI250,Central_Warehouse,142,54,188,7,2024-02-27
DOL650,Central_Warehouse,721,86,238,7,2024-02-27
PAN040,Central_Warehouse,106,50,264,7,2024-02-27
ASP075,Central_Warehouse,946,53,263,7,2024-02-27
PCM001,Central_Warehouse,600,80,195,7,2024-02-28
AMX500,Central_Warehouse,678,50,58,7,2024-02-28
IBU400,Central_Warehouse,843,50,343,7,2024-02-28
MET850,Central_Warehouse,736,54,124,7,2024-02-28
CTZ010,Central_Warehouse,127,52,37,7,2024-02-28
OMP020,Central_Warehouse,332,51,141,7,2024-02-28
AZI250,Central_Warehouse,786,51,154,7,2024-02-28
DOL650,Central_Warehouse,596,87,344,7,2024-02-28
PAN040,Central_Warehouse,427,51,253,7,2024-02-28
ASP075,Central_Warehouse,793,51,207,7,2024-02-28
PCM001,Central_Warehouse,812,86,254,7,2024-02-29
AMX500,Central_Warehouse,625,54,293,7,2024-02-29
IBU400,Central_Warehouse,769,50,61,7,2024-02-29
MET850,Central_Warehouse,864,53,97,7,2024-02-29
CTZ010,Central_Warehouse,227,53,245,7,2024-02-29
OMP020,Central_Warehouse,503,49,33,7,2024-02-29
AZI250,Central_Warehouse,528,54,362,7,2024-02-29
DOL650,Central_Warehouse,646,81,30,7,2024-02-29
PAN040,Central_Warehouse,405,52,213,7,2024-02-29
ASP075,Central_Warehouse,472,51,73,7,2024-02-29
PCM001,Central_Warehouse,626,82,193,7,2024-03-01
AMX500,Central_Warehouse,848,52,30,7,2024-03-01
IBU400,Central_Warehouse,867,52,212,7,2024-03-01
MET850,Central_Warehouse,155,51,103,7,2024-03-01
CTZ010,Central_Warehouse,815,50,185,7,2024-03-01
OMP020,Central_Warehouse,970,52,324,7,2024-03-01
AZI250,Central_Warehouse,918,51,359,7,2024-03-01
DOL650,Central_Warehouse,692,84,77,7,2024-03-01
PAN040,Central_Warehouse,510,51,252,7,2024-03-01
ASP075,Central_Warehouse,226,54,204,7,2024-03-01
PCM001,Central_Warehouse,840,100,250,7,2024-03-02
AMX500,Central_Warehouse,897,64,225,7,2024-03-02
IBU400,Central_Warehouse,222,65,110,7,2024-03-02
MET850,Central_Warehouse,422,65,311,7,2024-03-02
CTZ010,Central_Warehouse,453,64,80,7,2024-03-02
OMP020,Central_Warehouse,304,65,87,7,2024-03-02
AZI250,Central_Warehouse,253,65,122,7,2024-03-02
DOL650,Central_Warehouse,546,98,225,7,2024-03-02
PAN040,Central_Warehouse,417,64,155,7,2024-03-02
ASP075,Central_Warehouse,822,63,217,7,2024-03-02
PCM001,Central_Warehouse,758,97,222,7,2024-03-03
AMX500,Central_Warehouse,461,60,213,7,2024-03-03
IBU400,Central_Warehouse,339,61,342,7,2024-03-03
MET850,Central_Warehouse,849,64,308,7,2024-03-03
CTZ010,Central_Warehouse,125,62,139,7,2024-03-03
OMP020,Central_Warehouse,438,60,166,7,2024-03-03
AZI250,Central_Warehouse,830,63,68,7,2024-03-03
DOL650,Central_Warehouse,452,100,349,7,2024-03-03
PAN040,Central_Warehouse,985,63,39,7,2024-03-03
ASP075,Central_Warehouse,216,60,270,7,2024-03-03
PCM001,Central_Warehouse,901,73,186,7,2024-03-04
AMX500,Central_Warehouse,525,47,305,7,2024-03-04
IBU400,Central_Warehouse,473,49,233,7,2024-03-04
MET850,Central_Warehouse,779,45,286,7,2024-03-04
CTZ010,Central_Warehouse,310,46,179,7,2024-03-04
OMP020,Central_Warehouse,759,48,233,7,2024-03-04
AZI250,Central_Warehouse,411,49,189,7,2024-03-04
DOL650,Central_Warehouse,618,78,101,7,2024-03-04
PAN040,Central_Warehouse,925,45,122,7,2024-03-04
ASP075,Central_Warehouse,253,49,275,7,2024-03-04
PCM001,Central_Warehouse,519,88,201,7,2024-03-05
AMX500,Central_Warehouse,634,51,299,7,2024-03-05
IBU400,Central_Warehouse,607,54,269,7,2024-03-05
MET850,Central_Warehouse,801,54,118,7,2024-03-05
CTZ010,Central_Warehouse,312,54,54,7,2024-03-05
OMP020,Central_Warehouse,931,51,242,7,2024-03-05
AZI250,Central_Warehouse,423,51,54,7,2024-03-05
DOL650,Central_Warehouse,954,81,60,7,2024-03-05
PAN040,Central_Warehouse,709,51,310,7,2024-03-05
ASP075,Central_Warehouse,770,53,297,7,2024-03-05
PCM001,Central_Warehouse,723,86,276,7,2024-03-06
AMX500,Central_Warehouse,934,52,194,7,2024-03-06
IBU400,Central_Warehouse,498,51,77,7,2024-03-06
MET850,Central_Warehouse,824,54,312,7,2024-03-06
CTZ010,Central_Warehouse,381,54,323,7,2024-03-06
OMP020,Central_Warehouse,392,52,86,7,2024-03-06
AZI250,Central_Warehouse,941,52,226,7,2024-03-06
DOL650,Central_Warehouse,676,80,335,7,2024-03-06
PAN040,Central_Warehouse,406,53,65,7,2024-03-06
ASP075,Central_Warehouse,543,50,283,7,2024-03-06
PCM001,Central_Warehouse,797,86,217,7,2024-03-07
AMX500,Central_Warehouse,753,52,344,7,2024-03-07
IBU400,Central_Warehouse,578,51,267,7,2024-03-07
MET850,Central_Warehouse,879,52,354,7,2024-03-07
CTZ010,Central_Warehouse,888,53,338,7,2024-03-07
OMP020,Central_Warehouse,899,55,50,7,2024-03-07
AZI250,Central_Warehouse,741,52,195,7,2024-03-07
DOL650,Central_Warehouse,832,84,72,7,2024-03-07
PAN040,Central_Warehouse,713,52,65,7,2024-03-07
ASP075,Central_Warehouse,584,55,185,7,2024-03-07
PCM001,Central_Warehouse,165,87,135,7,2024-03-08
AMX500,Central_Warehouse,354,51,158,7,2024-03-08
IBU400,Central_Warehouse,664,51,174,7,2024-03-08
MET850,Central_Warehouse,281,52,280,7,2024-03-08
CTZ010,Central_Warehouse,340,51,77,7,2024-03-08
OMP020,Central_Warehouse,689,52,306,7,2024-03-08
AZI250,Central_Warehouse,611,54,50,7,2024-03-08
DOL650,Central_Warehouse,331,84,140,7,2024-03-08
PAN040,Central_Warehouse,776,54,222,7,2024-03-08
ASP075,Central_Warehouse,389,53,158,7,2024-03-08
PCM001,Central_Warehouse,439,102,346,7,2024-03-09
AMX500,Central_Warehouse,523,61,119,7,2024-03-09
IBU400,Central_Warehouse,457,64,300,7,2024-03-09
MET850,Central_Warehouse,680,63,227,7,2024-03-09
CTZ010,Central_Warehouse,843,60,114,7,2024-03-09
OMP020,Central_Warehouse,887,63,253,7,2024-03-09
AZI250,Central_Warehouse,903,60,253,7,2024-03-09
DOL650,Central_Warehouse,450,98,303,7,2024-03-09
PAN040,Central_Warehouse,672,60,42,7,2024-03-09
ASP075,Central_Warehouse,336,65,329,7,2024-03-09
PCM001,Central_Warehouse,116,97,112,7,2024-03-10
AMX500,Central_Warehouse,559,64,205,7,2024-03-10
IBU400,Central_Warehouse,403,63,249,7,2024-03-10
MET850,Central_Warehouse,472,60,161,7,2024-03-10
CTZ010,Central_Warehouse,536,63,154,7,2024-03-10
OMP020,Central_Warehouse,899,62,234,7,2024-03-10
AZI250,Central_Warehouse,544,64,127,7,2024-03-10
DOL650,Central_Warehouse,965,101,237,7,2024-03-10
PAN040,Central_Warehouse,543,62,44,7,2024-03-10
ASP075,Central_Warehouse,855,61,364,7,2024-03-10
PCM001,Central_Warehouse,577,72,279,7,2024-03-11
AMX500,Central_Warehouse,969,45,153,7,2024-03-11
IBU400,Central_Warehouse,226,45,142,7,2024-03-11
MET850,Central_Warehouse,114,47,203,7,2024-03-11
CTZ010,Central_Warehouse,464,47,149,7,2024-03-11
OMP020,Central_Warehouse,820,48,295,7,2024-03-11
AZI250,Central_Warehouse,768,46,135,7,2024-03-11
DOL650,Central_Warehouse,245,79,266,7,2024-03-11
PAN040,Central_Warehouse,474,47,278,7,2024-03-11
ASP075,Central_Warehouse,482,45,354,7,2024-03-11
PCM001,Central_Warehouse,721,88,107,7,2024-03-12
AMX500,Central_Warehouse,547,54,56,7,2024-03-12
IBU400,Central_Warehouse,146,55,133,7,2024-03-12
MET850,Central_Warehouse,184,52,145,7,2024-03-12
CTZ010,Central_Warehouse,628,53,104,7,2024-03-12
OMP020,Central_Warehouse,276,52,199,7,2024-03-12
AZI250,Central_Warehouse,950,52,268,7,2024-03-12
DOL650,Central_Warehouse,108,82,47,7,2024-03-12
PAN040,Central_Warehouse,103,51,352,7,2024-03-12
ASP075,Central_Warehouse,823,54,30,7,2024-03-12
PCM001,Central_Warehouse,138,88,296,7,2024-03-13
AMX500,Central_Warehouse,992,50,275,7,2024-03-13
IBU400,Central_Warehouse,271,55,146,7,2024-03-13
MET850,Central_Warehouse,851,54,61,7,2024-03-13
CTZ010,Central_Warehouse,282,51,96,7,2024-03-13
OMP020,Central_Warehouse,789,55,122,7,2024-03-13
AZI250,Central_Warehouse,378,50,345,7,2024-03-13
DOL650,Central_Warehouse,617,85,182,7,2024-03-13
PAN040,Central_Warehouse,126,52,288,7,2024-03-13
ASP075,Central_Warehouse,374,51,236,7,2024-03-13
PCM001,Central_Warehouse,483,80,102,7,2024-03-14
AMX500,Central_Warehouse,653,50,233,7,2024-03-14
IBU400,Central_Warehouse,955,52,313,7,2024-03-14
MET850,Central_Warehouse,581,55,192,7,2024-03-14
CTZ010,Central_Warehouse,986,55,245,7,2024-03-14
OMP020,Central_Warehouse,703,53,323,7,2024-03-14
AZI250,Central_Warehouse,611,55,244,7,2024-03-14
DOL650,Central_Warehouse,661,86,103,7,2024-03-14
PAN040,Central_Warehouse,560,51,344,7,2024-03-14
ASP075,Central_Warehouse,989,52,215,7,2024-03-14
PCM001,Central_Warehouse,609,87,47,7,2024-03-15
AMX500,Central_Warehouse,744,54,352,7,2024-03-15
IBU400,Central_Warehouse,358,53,346,7,2024-03-15
MET850,Central_Warehouse,683,52,317,7,2024-03-15
CTZ010,Central_Warehouse,383,53,189,7,2024-03-15
OMP020,Central_Warehouse,361,50,239,7,2024-03-15
AZI250,Central_Warehouse,204,50,96,7,2024-03-15
DOL650,Central_Warehouse,182,82,174,7,2024-03-15
PAN040,Central_Warehouse,926,50,331,7,2024-03-15
ASP075,Central_Warehouse,357,55,36,7,2024-03-15
PCM001,Central_Warehouse,541,100,342,7,2024-03-16
AMX500,Central_Warehouse,308,61,173,7,2024-03-16
IBU400,Central_Warehouse,482,64,214,7,2024-03-16
MET850,Central_Warehouse,144,62,40,7,2024-03-16
CTZ010,Central_Warehouse,106,61,125,7,2024-03-16
OMP020,Central_Warehouse,433,64,127,7,2024-03-16
AZI250,Central_Warehouse,441,65,147,7,2024-03-16
DOL650,Central_Warehouse,693,99,50,7,2024-03-16
PAN040,Central_Warehouse,929,63,157,7,2024-03-16
ASP075,Central_Warehouse,303,61,303,7,2024-03-16
PCM001,Central_Warehouse,793,102,63,7,2024-03-17
AMX500,Central_Warehouse,541,65,352,7,2024-03-17
IBU400,Central_Warehouse,854,66,173,7,2024-03-17
MET850,Central_Warehouse,118,64,344,7,2024-03-17
CTZ010,Central_Warehouse,852,62,253,7,2024-03-17
OMP020,Central_Warehouse,850,61,30,7,2024-03-17
AZI250,Central_Warehouse,147,66,262,7,2024-03-17
DOL650,Central_Warehouse,288,101,109,7,2024-03-17
PAN040,Central_Warehouse,889,66,257,7,2024-03-17
ASP075,Central_Warehouse,337,64,291,7,2024-03-17
PCM001,Central_Warehouse,910,80,359,7,2024-03-18
AMX500,Central_Warehouse,397,47,107,7,2024-03-18
IBU400,Central_Warehouse,274,49,306,7,2024-03-18
MET850,Central_Warehouse,546,48,243,7,2024-03-18
CTZ010,Central_Warehouse,688,46,88,7,2024-03-18
OMP020,Central_Warehouse,180,49,105,7,2024-03-18
AZI250,Central_Warehouse,734,48,280,7,2024-03-18
DOL650,Central_Warehouse,958,78,254,7,2024-03-18
PAN040,Central_Warehouse,652,45,207,7,2024-03-18
ASP075,Central_Warehouse,599,47,54,7,2024-03-18
PCM001,Central_Warehouse,229,88,252,7,2024-03-19
AMX500,Central_Warehouse,557,54,77,7,2024-03-19
IBU400,Central_Warehouse,834,55,349,7,2024-03-19
MET850,Central_Warehouse,412,55,100,7,2024-03-19
CTZ010,Central_Warehouse,410,53,275,7,2024-03-19
OMP020,Central_Warehouse,181,54,114,7,2024-03-19
AZI250,Central_Warehouse,988,52,364,7,2024-03-19
DOL650,Central_Warehouse,870,86,265,7,2024-03-19
PAN040,Central_Warehouse,220,54,173,7,2024-03-19
ASP075,Central_Warehouse,944,52,221,7,2024-03-19
PCM001,Central_Warehouse,243,88,357,7,2024-03-20
AMX500,Central_Warehouse,288,54,161,7,2024-03-20
IBU400,Central_Warehouse,393,51,347,7,2024-03-20
MET850,Central_Warehouse,731,52,69,7,2024-03-20
CTZ010,Central_Warehouse,901,55,294,7,2024-03-20
OMP020,Central_Warehouse,968,52,232,7,2024-03-20
AZI250,Central_Warehouse,652,51,285,7,2024-03-20
DOL650,Central_Warehouse,247,87,193,7,2024-03-20
PAN040,Central_Warehouse,818,50,209,7,2024-03-20
ASP075,Central_Warehouse,745,52,34,7,2024-03-20
PCM001,Central_Warehouse,636,84,218,7,2024-03-21
AMX500,Central_Warehouse,421,53,73,7,2024-03-21
IBU400,Central_Warehouse,466,51,344,7,2024-03-21
MET850,Central_Warehouse,951,52,273,7,2024-03-21
CTZ010,Central_Warehouse,677,52,85,7,2024-03-21
OMP020,Central_Warehouse,242,54,65,7,2024-03-21
AZI250,Central_Warehouse,851,53,168,7,2024-03-21
DOL650,Central_Warehouse,439,87,320,7,2024-03-21
PAN040,Central_Warehouse,182,51,195,7,2024-03-21
ASP075,Central_Warehouse,885,54,189,7,2024-03-21
PCM001,Central_Warehouse,305,83,60,7,2024-03-22
AMX500,Central_Warehouse,100,53,262,7,2024-03-22
IBU400,Central_Warehouse,869,51,101,7,2024-03-22
MET850,Central_Warehouse,437,51,310,7,2024-03-22
CTZ010,Central_Warehouse,626,53,353,7,2024-03-22
OMP020,Central_Warehouse,985,53,339,7,2024-03-22
AZI250,Central_Warehouse,873,53,148,7,2024-03-22
DOL650,Central_Warehouse,891,85,131,7,2024-03-22
PAN040,Central_Warehouse,537,52,55,7,2024-03-22
ASP075,Central_Warehouse,968,52,109,7,2024-03-22
PCM001,Central_Warehouse,260,99,312,7,2024-03-23
AMX500,Central_Warehouse,139,67,288,7,2024-03-23
IBU400,Central_Warehouse,529,64,233,7,2024-03-23
MET850,Central_Warehouse,918,61,354,7,2024-03-23
CTZ010,Central_Warehouse,986,65,195,7,2024-03-23
OMP020,Central_Warehouse,588,65,234,7,2024-03-23
AZI250,Central_Warehouse,464,63,103,7,2024-03-23
DOL650,Central_Warehouse,713,103,360,7,2024-03-23
PAN040,Central_Warehouse,912,64,114,7,2024-03-23
ASP075,Central_Warehouse,445,66,62,7,2024-03-23
PCM001,Central_Warehouse,810,97,239,7,2024-03-24
AMX500,Central_Warehouse,276,62,280,7,2024-03-24
IBU400,Central_Warehouse,865,62,233,7,2024-03-24
MET850,Central_Warehouse,604,65,345,7,2024-03-24
CTZ010,Central_Warehouse,324,61,105,7,2024-03-24
OMP020,Central_Warehouse,974,61,140,7,2024-03-24
AZI250,Central_Warehouse,232,65,135,7,2024-03-24
DOL650,Central_Warehouse,691,101,336,7,2024-03-24
PAN040,Central_Warehouse,470,62,59,7,2024-03-24
ASP075,Central_Warehouse,369,64,304,7,2024-03-24
PCM001,Central_Warehouse,521,74,41,7,2024-03-25
AMX500,Central_Warehouse,560,48,255,7,2024-03-25
IBU400,Central_Warehouse,570,45,124,7,2024-03-25
MET850,Central_Warehouse,774,45,220,7,2024-03-25
CTZ010,Central_Warehouse,106,46,32,7,2024-03-25
OMP020,Central_Warehouse,272,47,272,7,2024-03-25
AZI250,Central_Warehouse,241,46,333,7,2024-03-25
DOL650,Central_Warehouse,419,75,108,7,2024-03-25
PAN040,Central_Warehouse,650,49,129,7,2024-03-25
ASP075,Central_Warehouse,798,48,160,7,2024-03-25
PCM001,Central_Warehouse,565,81,221,7,2024-03-26
AMX500,Central_Warehouse,484,55,149,7,2024-03-26
IBU400,Central_Warehouse,704,54,170,7,2024-03-26
MET850,Central_Warehouse,749,52,332,7,2024-03-26
CTZ010,Central_Warehouse,856,55,258,7,2024-03-26
OMP020,Central_Warehouse,664,55,172,7,2024-03-26
AZI250,Central_Warehouse,810,53,72,7,2024-03-26
DOL650,Central_Warehouse,887,89,79,7,2024-03-26
PAN040,Central_Warehouse,312,53,175,7,2024-03-26
ASP075,Central_Warehouse,134,52,108,7,2024-03-26
PCM001,Central_Warehouse,787,87,41,7,2024-03-27
AMX500,Central_Warehouse,104,53,303,7,2024-03-27
IBU400,Central_Warehouse,320,54,199,7,2024-03-27
MET850,Central_Warehouse,957,52,298,7,2024-03-27
CTZ010,Central_Warehouse,447,56,146,7,2024-03-27
OMP020,Central_Warehouse,845,52,198,7,2024-03-27
AZI250,Central_Warehouse,233,55,74,7,2024-03-27
DOL650,Central_Warehouse,192,86,292,7,2024-03-27
PAN040,Central_Warehouse,134,53,323,7,2024-03-27
ASP075,Central_Warehouse,449,51,305,7,2024-03-27
PCM001,Central_Warehouse,125,89,259,7,2024-03-28
AMX500,Central_Warehouse,551,51,222,7,2024-03-28
IBU400,Central_Warehouse,484,53,233,7,2024-03-28
MET850,Central_Warehouse,116,53,166,7,2024-03-28
CTZ010,Central_Warehouse,224,54,278,7,2024-03-28
OMP020,Central_Warehouse,122,54,238,7,2024-03-28
AZI250,Central_Warehouse,457,53,109,7,2024-03-28
DOL650,Central_Warehouse,686,81,240,7,2024-03-28
PAN040,Central_Warehouse,598,52,337,7,2024-03-28
ASP075,Central_Warehouse,657,55,98,7,2024-03-28
PCM001,Central_Warehouse,117,83,125,7,2024-03-29
AMX500,Central_Warehouse,277,53,88,7,2024-03-29
IBU400,Central_Warehouse,393,51,334,7,2024-03-29
MET850,Central_Warehouse,518,53,163,7,2024-03-29
CTZ010,Central_Warehouse,117,52,152,7,2024-03-29
OMP020,Central_Warehouse,801,54,255,7,2024-03-29
AZI250,Central_Warehouse,1000,54,171,7,2024-03-29
DOL650,Central_Warehouse,401,87,326,7,2024-03-29
PAN040,Central_Warehouse,279,52,93,7,2024-03-29
ASP075,Central_Warehouse,961,51,252,7,2024-03-29
PCM001,Central_Warehouse,369,101,75,7,2024-03-30
AMX500,Central_Warehouse,968,61,331,7,2024-03-30
IBU400,Central_Warehouse,459,64,190,7,2024-03-30
MET850,Central_Warehouse,122,65,260,7,2024-03-30
CTZ010,Central_Warehouse,457,67,308,7,2024-03-30
OMP020,Central_Warehouse,388,62,207,7,2024-03-30
AZI250,Central_Warehouse,862,65,329,7,2024-03-30
DOL650,Central_Warehouse,793,100,176,7,2024-03-30
PAN040,Central_Warehouse,872,66,305,7,2024-03-30
ASP075,Central_Warehouse,711,65,178,7,2024-03-30
PCM001,Central_Warehouse,522,105,351,7,2024-03-31
AMX500,Central_Warehouse,177,66,296,7,2024-03-31
IBU400,Central_Warehouse,795,65,78,7,2024-03-31
MET850,Central_Warehouse,374,66,253,7,2024-03-31
CTZ010,Central_Warehouse,522,62,111,7,2024-03-31
OMP020,Central_Warehouse,228,62,294,7,2024-03-31
AZI250,Central_Warehouse,661,65,181,7,2024-03-31
DOL650,Central_Warehouse,928,107,105,7,2024-03-31
PAN040,Central_Warehouse,868,63,229,7,2024-03-31
ASP075,Central_Warehouse,294,66,193,7,2024-03-31
PCM001,Central_Warehouse,850,77,247,7,2024-04-01
AMX500,Central_Warehouse,312,50,151,7,2024-04-01
IBU400,Central_Warehouse,650,49,345,7,2024-04-01
MET850,Central_Warehouse,691,50,236,7,2024-04-01
CTZ010,Central_Warehouse,988,47,160,7,2024-04-01
OMP020,Central_Warehouse,194,49,157,7,2024-04-01
AZI250,Central_Warehouse,961,46,363,7,2024-04-01
DOL650,Central_Warehouse,591,75,284,7,2024-04-01
PAN040,Central_Warehouse,316,48,70,7,2024-04-01
ASP075,Central_Warehouse,839,47,195,7,2024-04-01
PCM001,Central_Warehouse,259,84,339,7,2024-04-02
AMX500,Central_Warehouse,440,54,77,7,2024-04-02
IBU400,Central_Warehouse,421,54,266,7,2024-04-02
MET850,Central_Warehouse,596,51,361,7,2024-04-02
CTZ010,Central_Warehouse,913,53,293,7,2024-04-02
OMP020,Central_Warehouse,408,53,77,7,2024-04-02
AZI250,Central_Warehouse,528,55,300,7,2024-04-02
DOL650,Central_Warehouse,687,89,261,7,2024-04-02
PAN040,Central_Warehouse,941,55,85,7,2024-04-02
ASP075,Central_Warehouse,272,52,264,7,2024-04-02
PCM001,Central_Warehouse,521,82,280,7,2024-04-03
AMX500,Central_Warehouse,508,52,150,7,2024-04-03
IBU400,Central_Warehouse,395,53,252,7,2024-04-03
MET850,Central_Warehouse,490,55,75,7,2024-04-03
CTZ010,Central_Warehouse,923,55,124,7,2024-04-03
OMP020,Central_Warehouse,729,54,267,7,2024-04-03
AZI250,Central_Warehouse,259,52,256,7,2024-04-03
DOL650,Central_Warehouse,220,83,82,7,2024-04-03
PAN040,Central_Warehouse,958,52,156,7,2024-04-03
ASP075,Central_Warehouse,157,54,92,7,2024-04-03
PCM001,Central_Warehouse,249,88,152,7,2024-04-04
AMX500,Central_Warehouse,149,52,133,7,2024-04-04
IBU400,Central_Warehouse,113,51,269,7,2024-04-04
MET850,Central_Warehouse,602,53,197,7,2024-04-04
CTZ010,Central_Warehouse,918,51,113,7,2024-04-04
OMP020,Central_Warehouse,620,56,177,7,2024-04-04
AZI250,Central_Warehouse,659,56,236,7,2024-04-04
DOL650,Central_Warehouse,637,83,232,7,2024-04-04
PAN040,Central_Warehouse,641,55,273,7,2024-04-04
ASP075,Central_Warehouse,512,53,229,7,2024-04-04
PCM001,Central_Warehouse,637,90,117,7,2024-04-05
AMX500,Central_Warehouse,637,52,143,7,2024-04-05
IBU400,Central_Warehouse,698,51,306,7,2024-04-05
MET850,Central_Warehouse,473,56,185,7,2024-04-05
CTZ010,Central_Warehouse,919,54,220,7,2024-04-05
OMP020,Central_Warehouse,206,54,229,7,2024-04-05
AZI250,Central_Warehouse,123,54,75,7,2024-04-05
DOL650,Central_Warehouse,462,82,183,7,2024-04-05
PAN040,Central_Warehouse,986,56,107,7,2024-04-05
ASP075,Central_Warehouse,203,56,159,7,2024-04-05
PCM001,Central_Warehouse,527,98,105,7,2024-04-06
AMX500,Central_Warehouse,425,67,110,7,2024-04-06
IBU400,Central_Warehouse,972,62,74,7,2024-04-06
MET850,Central_Warehouse,824,67,355,7,2024-04-06
CTZ010,Central_Warehouse,773,67,337,7,2024-04-06
OMP020,Central_Warehouse,376,65,318,7,2024-04-06
AZI250,Central_Warehouse,700,62,77,7,2024-04-06
DOL650,Central_Warehouse,432,107,309,7,2024-04-06
PAN040,Central_Warehouse,368,63,208,7,2024-04-06
ASP075,Central_Warehouse,998,61,83,7,2024-04-06
PCM001,Central_Warehouse,825,99,220,7,2024-04-07
AMX500,Central_Warehouse,749,66,334,7,2024-04-07
IBU400,Central_Warehouse,394,67,98,7,2024-04-07
MET850,Central_Warehouse,770,61,266,7,2024-04-07
CTZ010,Central_Warehouse,545,64,356,7,2024-04-07
OMP020,Central_Warehouse,560,66,79,7,2024-04-07
AZI250,Central_Warehouse,619,64,347,7,2024-04-07
DOL650,Central_Warehouse,112,106,233,7,2024-04-07
PAN040,Central_Warehouse,553,66,348,7,2024-04-07
ASP075,Central_Warehouse,929,63,115,7,2024-04-07
PCM001,Central_Warehouse,687,81,188,7,2024-04-08
AMX500,Central_Warehouse,815,47,89,7,2024-04-08
IBU400,Central_Warehouse,806,47,94,7,2024-04-08
MET850,Central_Warehouse,406,50,94,7,2024-04-08
CTZ010,Central_Warehouse,982,49,177,7,2024-04-08
OMP020,Central_Warehouse,812,49,134,7,2024-04-08
AZI250,Central_Warehouse,950,50,234,7,2024-04-08
DOL650,Central_Warehouse,375,75,135,7,2024-04-08
PAN040,Central_Warehouse,750,49,132,7,2024-04-08
ASP075,Central_Warehouse,746,47,310,7,2024-04-08
PCM001,Central_Warehouse,541,89,151,7,2024-04-09
AMX500,Central_Warehouse,215,56,286,7,2024-04-09
IBU400,Central_Warehouse,521,54,33,7,2024-04-09
MET850,Central_Warehouse,117,52,176,7,2024-04-09
CTZ010,Central_Warehouse,959,54,302,7,2024-04-09
OMP020,Central_Warehouse,303,55,334,7,2024-04-09
AZI250,Central_Warehouse,919,53,132,7,2024-04-09
DOL650,Central_Warehouse,445,83,195,7,2024-04-09
PAN040,Central_Warehouse,423,54,163,7,2024-04-09
ASP075,Central_Warehouse,469,55,356,7,2024-04-09
PCM001,Central_Warehouse,532,88,149,7,2024-04-10
AMX500,Central_Warehouse,563,55,229,7,2024-04-10
IBU400,Central_Warehouse,358,56,241,7,2024-04-10
MET850,Central_Warehouse,545,55,60,7,2024-04-10
CTZ010,Central_Warehouse,815,56,278,7,2024-04-10
OMP020,Central_Warehouse,527,53,323,7,2024-04-10
AZI250,Central_Warehouse,295,56,341,7,2024-04-10
DOL650,Central_Warehouse,480,85,100,7,2024-04-10
PAN040,Central_Warehouse,283,54,216,7,2024-04-10
ASP075,Central_Warehouse,250,54,327,7,2024-04-10
PCM001,Central_Warehouse,970,90,325,7,2024-04-11
AMX500,Central_Warehouse,800,54,322,7,2024-04-11
IBU400,Central_Warehouse,189,55,287,7,2024-04-11
MET850,Central_Warehouse,250,56,154,7,2024-04-11
CTZ010,Central_Warehouse,188,52,264,7,2024-04-11
OMP020,Central_Warehouse,583,52,77,7,2024-04-11
AZI250,Central_Warehouse,126,55,31,7,2024-04-11
DOL650,Central_Warehouse,146,86,336,7,2024-04-11
PAN040,Central_Warehouse,659,54,309,7,2024-04-11
ASP075,Central_Warehouse,828,53,241,7,2024-04-11
PCM001,Central_Warehouse,407,83,263,7,2024-04-12
AMX500,Central_Warehouse,566,56,100,7,2024-04-12
IBU400,Central_Warehouse,503,55,212,7,2024-04-12
MET850,Central_Warehouse,948,55,117,7,2024-04-12
CTZ010,Central_Warehouse,556,52,98,7,2024-04-12
OMP020,Central_Warehouse,670,53,296,7,2024-04-12
AZI250,Central_Warehouse,538,54,33,7,2024-04-12
DOL650,Central_Warehouse,214,85,275,7,2024-04-12
PAN040,Central_Warehouse,215,53,201,7,2024-04-12
ASP075,Central_Warehouse,546,55,133,7,2024-04-12
PCM001,Central_Warehouse,316,99,102,7,2024-04-13
AMX500,Central_Warehouse,994,64,252,7,2024-04-13
IBU400,Central_Warehouse,189,65,180,7,2024-04-13
MET850,Central_Warehouse,111,63,205,7,2024-04-13
CTZ010,Central_Warehouse,140,63,302,7,2024-04-13
OMP020,Central_Warehouse,825,62,161,7,2024-04-13
AZI250,Central_Warehouse,331,64,36,7,2024-04-13
DOL650,Central_Warehouse,440,100,247,7,2024-04-13
PAN040,Central_Warehouse,500,62,35,7,2024-04-13
ASP075,Central_Warehouse,499,62,100,7,2024-04-13
PCM001,Central_Warehouse,523,100,175,7,2024-04-14
AMX500,Central_Warehouse,361,61,126,7,2024-04-14
IBU400,Central_Warehouse,344,65,258,7,2024-04-14
MET850,Central_Warehouse,986,63,183,7,2024-04-14
CTZ010,Central_Warehouse,664,63,314,7,2024-04-14
OMP020,Central_Warehouse,224,63,56,7,2024-04-14
AZI250,Central_Warehouse,296,63,31,7,2024-04-14
DOL650,Central_Warehouse,210,100,95,7,2024-04-14
PAN040,Central_Warehouse,526,67,280,7,2024-04-14
ASP075,Central_Warehouse,326,64,182,7,2024-04-14
PCM001,Central_Warehouse,225,79,48,7,2024-04-15
AMX500,Central_Warehouse,204,47,339,7,2024-04-15
IBU400,Central_Warehouse,528,46,151,7,2024-04-15
MET850,Central_Warehouse,212,49,261,7,2024-04-15
CTZ010,Central_Warehouse,221,49,187,7,2024-04-15
OMP020,Central_Warehouse,896,49,214,7,2024-04-15
AZI250,Central_Warehouse,330,47,108,7,2024-04-15
DOL650,Central_Warehouse,668,80,250,7,2024-04-15
PAN040,Central_Warehouse,467,47,295,7,2024-04-15
ASP075,Central_Warehouse,754,48,98,7,2024-04-15
PCM001,Central_Warehouse,290,87,350,7,2024-04-16
AMX500,Central_Warehouse,927,51,241,7,2024-04-16
IBU400,Central_Warehouse,143,54,76,7,2024-04-16
MET850,Central_Warehouse,556,55,253,7,2024-04-16
CTZ010,Central_Warehouse,903,56,280,7,2024-04-16
OMP020,Central_Warehouse,749,56,160,7,2024-04-16
AZI250,Central_Warehouse,216,56,117,7,2024-04-16
DOL650,Central_Warehouse,666,89,99,7,2024-04-16
PAN040,Central_Warehouse,948,53,197,7,2024-04-16
ASP075,Central_Warehouse,663,56,230,7,2024-04-16
PCM001,Central_Warehouse,203,87,321,7,2024-04-17
AMX500,Central_Warehouse,353,53,96,7,2024-04-17
IBU400,Central_Warehouse,637,53,324,7,2024-04-17
MET850,Central_Warehouse,984,54,327,7,2024-04-17
CTZ010,Central_Warehouse,905,54,296,7,2024-04-17
OMP020,Central_Warehouse,411,53,346,7,2024-04-17
AZI250,Central_Warehouse,791,56,285,7,2024-04-17
DOL650,Central_Warehouse,533,84,224,7,2024-04-17
PAN040,Central_Warehouse,767,53,172,7,2024-04-17
ASP075,Central_Warehouse,214,52,203,7,2024-04-17
PCM001,Central_Warehouse,300,84,164,7,2024-04-18
AMX500,Central_Warehouse,549,54,133,7,2024-04-18
IBU400,Central_Warehouse,839,52,149,7,2024-04-18
MET850,Central_Warehouse,229,53,277,7,2024-04-18
CTZ010,Central_Warehouse,891,56,272,7,2024-04-18
OMP020,Central_Warehouse,363,57,331,7,2024-04-18
AZI250,Central_Warehouse,626,53,220,7,2024-04-18
DOL650,Central_Warehouse,509,85,147,7,2024-04-18
PAN040,Central_Warehouse,647,55,319,7,2024-04-18
ASP075,Central_Warehouse,525,55,319,7,2024-04-18
PCM001,Central_Warehouse,414,87,67,7,2024-04-19
AMX500,Central_Warehouse,175,51,341,7,2024-04-19
IBU400,Central_Warehouse,322,51,91,7,2024-04-19
MET850,Central_Warehouse,972,55,219,7,2024-04-19
CTZ010,Central_Warehouse,742,54,76,7,2024-04-19
OMP020,Central_Warehouse,891,55,321,7,2024-04-19
AZI250,Central_Warehouse,617,54,216,7,2024-04-19
DOL650,Central_Warehouse,869,87,42,7,2024-04-19
PAN040,Central_Warehouse,926,55,208,7,2024-04-19
ASP075,Central_Warehouse,940,55,320,7,2024-04-19
PCM001,Central_Warehouse,354,99,184,7,2024-04-20
AMX500,Central_Warehouse,831,63,191,7,2024-04-20
IBU400,Central_Warehouse,409,67,293,7,2024-04-20
MET850,Central_Warehouse,629,66,330,7,2024-04-20
CTZ010,Central_Warehouse,428,66,77,7,2024-04-20
OMP020,Central_Warehouse,815,66,31,7,2024-04-20
AZI250,Central_Warehouse,986,66,82,7,2024-04-20
DOL650,Central_Warehouse,410,103,41,7,2024-04-20
PAN040,Central_Warehouse,858,64,307,7,2024-04-20
ASP075,Central_Warehouse,898,68,300,7,2024-04-20
PCM001,Central_Warehouse,114,101,187,7,2024-04-21
AMX500,Central_Warehouse,349,67,65,7,2024-04-21
IBU400,Central_Warehouse,205,64,330,7,2024-04-21
MET850,Central_Warehouse,144,63,308,7,2024-04-21
CTZ010,Central_Warehouse,652,65,46,7,2024-04-21
OMP020,Central_Warehouse,537,64,293,7,2024-04-21
AZI250,Central_Warehouse,859,65,270,7,2024-04-21
DOL650,Central_Warehouse,770,104,263,7,2024-04-21
PAN040,Central_Warehouse,755,65,154,7,2024-04-21
ASP075,Central_Warehouse,814,64,147,7,2024-04-21
PCM001,Central_Warehouse,210,75,233,7,2024-04-22
AMX500,Central_Warehouse,978,48,254,7,2024-04-22
IBU400,Central_Warehouse,356,47,287,7,2024-04-22
MET850,Central_Warehouse,914,47,60,7,2024-04-22
CTZ010,Central_Warehouse,330,47,205,7,2024-04-22
OMP020,Central_Warehouse,295,49,155,7,2024-04-22
AZI250,Central_Warehouse,255,49,207,7,2024-04-22
DOL650,Central_Warehouse,524,78,145,7,2024-04-22
PAN040,Central_Warehouse,742,50,345,7,2024-04-22
ASP075,Central_Warehouse,629,51,96,7,2024-04-22
PCM001,Central_Warehouse,992,83,237,7,2024-04-23
AMX500,Central_Warehouse,716,57,105,7,2024-04-23
IBU400,Central_Warehouse,427,52,127,7,2024-04-23
MET850,Central_Warehouse,870,52,255,7,2024-04-23
CTZ010,Central_Warehouse,620,52,264,7,2024-04-23
OMP020,Central_Warehouse,211,57,69,7,2024-04-23
AZI250,Central_Warehouse,241,52,130,7,2024-04-23
DOL650,Central_Warehouse,880,88,277,7,2024-04-23
PAN040,Central_Warehouse,205,56,303,7,2024-04-23
ASP075,Central_Warehouse,220,53,161,7,2024-04-23
PCM001,Central_Warehouse,610,88,348,7,2024-04-24
AMX500,Central_Warehouse,826,55,218,7,2024-04-24
IBU400,Central_Warehouse,727,55,125,7,2024-04-24
MET850,Central_Warehouse,735,54,291,7,2024-04-24
CTZ010,Central_Warehouse,228,52,54,7,2024-04-24
OMP020,Central_Warehouse,128,57,222,7,2024-04-24
AZI250,Central_Warehouse,652,52,173,7,2024-04-24
DOL650,Central_Warehouse,930,84,266,7,2024-04-24
PAN040,Central_Warehouse,326,55,364,7,2024-04-24
ASP075,Central_Warehouse,100,53,348,7,2024-04-24
PCM001,Central_Warehouse,910,89,137,7,2024-04-25
AMX500,Central_Warehouse,703,56,269,7,2024-04-25
IBU400,Central_Warehouse,204,53,237,7,2024-04-25
MET850,Central_Warehouse,367,57,145,7,2024-04-25
CTZ010,Central_Warehouse,226,56,30,7,2024-04-25
OMP020,Central_Warehouse,442,53,201,7,2024-04-25
AZI250,Central_Warehouse,652,57,275,7,2024-04-25
DOL650,Central_Warehouse,266,89,101,7,2024-04-25
PAN040,Central_Warehouse,918,54,275,7,2024-04-25
ASP075,Central_Warehouse,971,56,304,7,2024-04-25
PCM001,Central_Warehouse,134,88,353,7,2024-04-26
AMX500,Central_Warehouse,399,53,335,7,2024-04-26
IBU400,Central_Warehouse,275,54,83,7,2024-04-26
MET850,Central_Warehouse,746,55,334,7,2024-04-26
CTZ010,Central_Warehouse,590,53,132,7,2024-04-26
OMP020,Central_Warehouse,378,53,254,7,2024-04-26
AZI250,Central_Warehouse,721,53,187,7,2024-04-26
DOL650,Central_Warehouse,120,91,264,7,2024-04-26
PAN040,Central_Warehouse,378,55,103,7,2024-04-26
ASP075,Central_Warehouse,361,53,321,7,2024-04-26
PCM001,Central_Warehouse,312,104,236,7,2024-04-27
AMX500,Central_Warehouse,125,67,258,7,2024-04-27
IBU400,Central_Warehouse,763,68,232,7,2024-04-27
MET850,Central_Warehouse,759,65,153,7,2024-04-27
CTZ010,Central_Warehouse,875,66,263,7,2024-04-27
OMP020,Central_Warehouse,241,63,324,7,2024-04-27
AZI250,Central_Warehouse,927,66,211,7,2024-04-27
DOL650,Central_Warehouse,195,102,274,7,2024-04-27
PAN040,Central_Warehouse,713,65,81,7,2024-04-27
ASP075,Central_Warehouse,298,68,200,7,2024-04-27
PCM001,Central_Warehouse,863,101,71,7,2024-04-28
AMX500,Central_Warehouse,978,63,112,7,2024-04-28
IBU400,Central_Warehouse,454,66,285,7,2024-04-28
MET850,Central_Warehouse,636,66,40,7,2024-04-28
CTZ010,Central_Warehouse,263,67,351,7,2024-04-28
OMP020,Central_Warehouse,985,69,70,7,2024-04-28
AZI250,Central_Warehouse,526,67,292,7,2024-04-28
DOL650,Central_Warehouse,761,107,81,7,2024-04-28
PAN040,Central_Warehouse,573,64,135,7,2024-04-28
ASP075,Central_Warehouse,291,65,354,7,2024-04-28
PCM001,Central_Warehouse,231,75,89,7,2024-04-29
AMX500,Central_Warehouse,164,50,90,7,2024-04-29
IBU400,Central_Warehouse,416,50,217,7,2024-04-29
MET850,Central_Warehouse,920,50,284,7,2024-04-29
CTZ010,Central_Warehouse,288,51,94,7,2024-04-29
OMP020,Central_Warehouse,681,51,85,7,2024-04-29
AZI250,Central_Warehouse,548,50,347,7,2024-04-29
DOL650,Central_Warehouse,491,76,67,7,2024-04-29
PAN040,Central_Warehouse,690,50,188,7,2024-04-29
ASP075,Central_Warehouse,563,49,45,7,2024-04-29
PCM001,Central_Warehouse,922,91,211,7,2024-04-30
AMX500,Central_Warehouse,903,56,241,7,2024-04-30
IBU400,Central_Warehouse,137,57,167,7,2024-04-30
MET850,Central_Warehouse,965,57,207,7,2024-04-30
CTZ010,Central_Warehouse,695,53,181,7,2024-04-30
OMP020,Central_Warehouse,290,53,217,7,2024-04-30
AZI250,Central_Warehouse,128,55,329,7,2024-04-30
DOL650,Central_Warehouse,139,90,213,7,2024-04-30
PAN040,Central_Warehouse,448,57,197,7,2024-04-30
ASP075,Central_Warehouse,936,53,263,7,2024-04-30
PCM001,Central_Warehouse,851,88,56,7,2024-05-01
AMX500,Central_Warehouse,788,54,215,7,2024-05-01
IBU400,Central_Warehouse,280,53,75,7,2024-05-01
MET850,Central_Warehouse,142,54,360,7,2024-05-01
CTZ010,Central_Warehouse,900,56,359,7,2024-05-01
OMP020,Central_Warehouse,839,57,280,7,2024-05-01
AZI250,Central_Warehouse,163,53,187,7,2024-05-01
DOL650,Central_Warehouse,395,84,336,7,2024-05-01
PAN040,Central_Warehouse,427,54,232,7,2024-05-01
ASP075,Central_Warehouse,564,54,206,7,2024-05-01
PCM001,Central_Warehouse,186,89,53,7,2024-05-02
AMX500,Central_Warehouse,107,55,82,7,2024-05-02
IBU400,Central_Warehouse,675,52,285,7,2024-05-02
MET850,Central_Warehouse,358,54,289,7,2024-05-02
CTZ010,Central_Warehouse,422,57,119,7,2024-05-02
OMP020,Central_Warehouse,694,52,290,7,2024-05-02
AZI250,Central_Warehouse,593,54,115,7,2024-05-02
DOL650,Central_Warehouse,650,89,110,7,2024-05-02
PAN040,Central_Warehouse,526,52,107,7,2024-05-02
ASP075,Central_Warehouse,424,53,198,7,2024-05-02
PCM001,Central_Warehouse,470,86,336,7,2024-05-03
AMX500,Central_Warehouse,684,55,44,7,2024-05-03
IBU400,Central_Warehouse,230,56,120,7,2024-05-03
MET850,Central_Warehouse,739,55,176,7,2024-05-03
CTZ010,Central_Warehouse,755,56,98,7,2024-05-03
OMP020,Central_Warehouse,171,57,195,7,2024-05-03
AZI250,Central_Warehouse,900,52,118,7,2024-05-03
DOL650,Central_Warehouse,787,86,350,7,2024-05-03
PAN040,Central_Warehouse,692,55,282,7,2024-05-03
ASP075,Central_Warehouse,775,52,114,7,2024-05-03
PCM001,Central_Warehouse,801,104,301,7,2024-05-04
AMX500,Central_Warehouse,327,66,216,7,2024-05-04
IBU400,Central_Warehouse,434,68,156,7,2024-05-04
MET850,Central_Warehouse,710,68,254,7,2024-05-04
CTZ010,Central_Warehouse,769,67,170,7,2024-05-04
OMP020,Central_Warehouse,487,69,67,7,2024-05-04
AZI250,Central_Warehouse,775,66,355,7,2024-05-04
DOL650,Central_Warehouse,569,107,347,7,2024-05-04
PAN040,Central_Warehouse,279,64,81,7,2024-05-04
ASP075,Central_Warehouse,338,67,238,7,2024-05-04
PCM001,Central_Warehouse,964,103,333,7,2024-05-05
AMX500,Central_Warehouse,549,69,290,7,2024-05-05
IBU400,Central_Warehouse,689,63,53,7,2024-05-05
MET850,Central_Warehouse,824,63,34,7,2024-05-05
CTZ010,Central_Warehouse,402,66,89,7,2024-05-05
OMP020,Central_Warehouse,785,66,104,7,2024-05-05
AZI250,Central_Warehouse,990,62,323,7,2024-05-05
DOL650,Central_Warehouse,924,104,137,7,2024-05-05
PAN040,Central_Warehouse,716,63,313,7,2024-05-05
ASP075,Central_Warehouse,580,63,85,7,2024-05-05
PCM001,Central_Warehouse,148,77,320,7,2024-05-06
AMX500,Central_Warehouse,522,51,41,7,2024-05-06
IBU400,Central_Warehouse,517,49,334,7,2024-05-06
MET850,Central_Warehouse,455,47,251,7,2024-05-06
CTZ010,Central_Warehouse,333,50,228,7,2024-05-06
OMP020,Central_Warehouse,142,50,353,7,2024-05-06
AZI250,Central_Warehouse,857,50,271,7,2024-05-06
DOL650,Central_Warehouse,429,81,326,7,2024-05-06
PAN040,Central_Warehouse,727,49,318,7,2024-05-06
ASP075,Central_Warehouse,561,51,182,7,2024-05-06
PCM001,Central_Warehouse,500,88,163,7,2024-05-07
AMX500,Central_Warehouse,280,53,194,7,2024-05-07
IBU400,Central_Warehouse,631,56,211,7,2024-05-07
MET850,Central_Warehouse,679,57,257,7,2024-05-07
CTZ010,Central_Warehouse,156,57,162,7,2024-05-07
OMP020,Central_Warehouse,332,55,293,7,2024-05-07
AZI250,Central_Warehouse,685,56,240,7,2024-05-07
DOL650,Central_Warehouse,575,87,86,7,2024-05-07
PAN040,Central_Warehouse,496,57,348,7,2024-05-07
ASP075,Central_Warehouse,868,55,263,7,2024-05-07
PCM001,Central_Warehouse,554,89,62,7,2024-05-08
AMX500,Central_Warehouse,148,55,220,7,2024-05-08
IBU400,Central_Warehouse,683,55,230,7,2024-05-08
MET850,Central_Warehouse,655,57,170,7,2024-05-08
CTZ010,Central_Warehouse,912,54,250,7,2024-05-08
OMP020,Central_Warehouse,676,54,155,7,2024-05-08
AZI250,Central_Warehouse,232,53,318,7,2024-05-08
DOL650,Central_Warehouse,673,92,153,7,2024-05-08
PAN040,Central_Warehouse,457,55,336,7,2024-05-08
ASP075,Central_Warehouse,302,57,272,7,2024-05-08
PCM001,Central_Warehouse,684,90,179,7,2024-05-09
AMX500,Central_Warehouse,450,54,79,7,2024-05-09
IBU400,Central_Warehouse,762,57,287,7,2024-05-09
MET850,Central_Warehouse,715,52,297,7,2024-05-09
CTZ010,Central_Warehouse,858,56,52,7,2024-05-09
OMP020,Central_Warehouse,466,58,139,7,2024-05-09
AZI250,Central_Warehouse,172,57,329,7,2024-05-09
DOL650,Central_Warehouse,970,90,338,7,2024-05-09
PAN040,Central_Warehouse,445,55,184,7,2024-05-09
ASP075,Central_Warehouse,888,56,317,7,2024-05-09
PCM001,Central_Warehouse,654,89,148,7,2024-05-10
AMX500,Central_Warehouse,681,53,157,7,2024-05-10
IBU400,Central_Warehouse,883,53,262,7,2024-05-10
MET850,Central_Warehouse,192,57,358,7,2024-05-10
CTZ010,Central_Warehouse,250,57,251,7,2024-05-10
OMP020,Central_Warehouse,126,53,306,7,2024-05-10
AZI250,Central_Warehouse,504,53,63,7,2024-05-10
DOL650,Central_Warehouse,713,85,104,7,2024-05-10
PAN040,Central_Warehouse,444,53,159,7,2024-05-10
ASP075,Central_Warehouse,491,56,183,7,2024-05-10
PCM001,Central_Warehouse,213,106,102,7,2024-05-11
AMX500,Central_Warehouse,200,68,265,7,2024-05-11
IBU400,Central_Warehouse,559,67,98,7,2024-05-11
MET850,Central_Warehouse,984,68,162,7,2024-05-11
CTZ010,Central_Warehouse,414,65,310,7,2024-05-11
OMP020,Central_Warehouse,951,69,287,7,2024-05-11
AZI250,Central_Warehouse,627,65,201,7,2024-05-11
DOL650,Central_Warehouse,895,102,319,7,2024-05-11
PAN040,Central_Warehouse,479,65,127,7,2024-05-11
ASP075,Central_Warehouse,157,63,119,7,2024-05-11
PCM001,Central_Warehouse,469,108,102,7,2024-05-12
AMX500,Central_Warehouse,890,67,183,7,2024-05-12
IBU400,Central_Warehouse,943,68,268,7,2024-05-12
MET850,Central_Warehouse,568,63,147,7,2024-05-12
CTZ010,Central_Warehouse,188,69,295,7,2024-05-12
OMP020,Central_Warehouse,379,64,231,7,2024-05-12
AZI250,Central_Warehouse,656,68,216,7,2024-05-12
DOL650,Central_Warehouse,578,108,210,7,2024-05-12
PAN040,Central_Warehouse,906,67,176,7,2024-05-12
ASP075,Central_Warehouse,550,64,352,7,2024-05-12
PCM001,Central_Warehouse,100,76,258,7,2024-05-13
AMX500,Central_Warehouse,610,51,313,7,2024-05-13
IBU400,Central_Warehouse,310,47,213,7,2024-05-13
MET850,Central_Warehouse,850,49,360,7,2024-05-13
CTZ010,Central_Warehouse,830,47,71,7,2024-05-13
OMP020,Central_Warehouse,223,49,239,7,2024-05-13
AZI250,Central_Warehouse,788,47,37,7,2024-05-13
DOL650,Central_Warehouse,922,76,281,7,2024-05-13
PAN040,Central_Warehouse,345,49,292,7,2024-05-13
ASP075,Central_Warehouse,470,47,223,7,2024-05-13
PCM001,Central_Warehouse,944,85,63,7,2024-05-14
AMX500,Central_Warehouse,294,57,120,7,2024-05-14
IBU400,Central_Warehouse,103,54,55,7,2024-05-14
MET850,Central_Warehouse,433,56,172,7,2024-05-14
CTZ010,Central_Warehouse,868,56,84,7,2024-05-14
OMP020,Central_Warehouse,779,53,243,7,2024-05-14
AZI250,Central_Warehouse,511,57,337,7,2024-05-14
DOL650,Central_Warehouse,861,85,219,7,2024-05-14
PAN040,Central_Warehouse,848,53,91,7,2024-05-14
ASP075,Central_Warehouse,772,53,59,7,2024-05-14
PCM001,Central_Warehouse,568,92,170,7,2024-05-15
AMX500,Central_Warehouse,724,53,149,7,2024-05-15
IBU400,Central_Warehouse,568,55,351,7,2024-05-15
MET850,Central_Warehouse,222,56,95,7,2024-05-15
CTZ010,Central_Warehouse,954,54,336,7,2024-05-15
OMP020,Central_Warehouse,269,58,88,7,2024-05-15
AZI250,Central_Warehouse,198,53,61,7,2024-05-15
DOL650,Central_Warehouse,738,92,254,7,2024-05-15
PAN040,Central_Warehouse,542,54,174,7,2024-05-15
ASP075,Central_Warehouse,777,57,152,7,2024-05-15
PCM001,Central_Warehouse,522,87,274,7,2024-05-16
AMX500,Central_Warehouse,548,57,50,7,2024-05-16
IBU400,Central_Warehouse,666,55,205,7,2024-05-16
MET850,Central_Warehouse,209,56,50,7,2024-05-16
CTZ010,Central_Warehouse,690,53,365,7,2024-05-16
OMP020,Central_Warehouse,421,57,156,7,2024-05-16
AZI250,Central_Warehouse,184,56,60,7,2024-05-16
DOL650,Central_Warehouse,848,93,81,7,2024-05-16
PAN040,Central_Warehouse,618,53,328,7,2024-05-16
ASP075,Central_Warehouse,282,56,149,7,2024-05-16
PCM001,Central_Warehouse,582,86,75,7,2024-05-17
AMX500,Central_Warehouse,523,57,33,7,2024-05-17
IBU400,Central_Warehouse,926,56,216,7,2024-05-17
MET850,Central_Warehouse,133,52,32,7,2024-05-17
CTZ010,Central_Warehouse,492,57,119,7,2024-05-17
OMP020,Central_Warehouse,964,53,249,7,2024-05-17
AZI250,Central_Warehouse,395,54,165,7,2024-05-17
DOL650,Central_Warehouse,761,86,222,7,2024-05-17
PAN040,Central_Warehouse,500,53,250,7,2024-05-17
ASP075,Central_Warehouse,937,56,172,7,2024-05-17
PCM001,Central_Warehouse,458,111,58,7,2024-05-18
AMX500,Central_Warehouse,453,67,50,7,2024-05-18
IBU400,Central_Warehouse,268,67,112,7,2024-05-18
MET850,Central_Warehouse,571,66,168,7,2024-05-18
CTZ010,Central_Warehouse,427,69,120,7,2024-05-18
OMP020,Central_Warehouse,927,64,46,7,2024-05-18
AZI250,Central_Warehouse,682,65,98,7,2024-05-18
DOL650,Central_Warehouse,239,102,75,7,2024-05-18
PAN040,Central_Warehouse,100,69,330,7,2024-05-18
ASP075,Central_Warehouse,867,67,57,7,2024-05-18
PCM001,Central_Warehouse,672,108,142,7,2024-05-19
AMX500,Central_Warehouse,995,63,243,7,2024-05-19
IBU400,Central_Warehouse,357,69,204,7,2024-05-19
MET850,Central_Warehouse,437,66,342,7,2024-05-19
CTZ010,Central_Warehouse,485,69,184,7,2024-05-19
OMP020,Central_Warehouse,247,65,312,7,2024-05-19
AZI250,Central_Warehouse,589,65,89,7,2024-05-19
DOL650,Central_Warehouse,272,105,207,7,2024-05-19
PAN040,Central_Warehouse,504,68,144,7,2024-05-19
ASP075,Central_Warehouse,393,66,221,7,2024-05-19
PCM001,Central_Warehouse,351,82,289,7,2024-05-20
AMX500,Central_Warehouse,369,49,287,7,2024-05-20
IBU400,Central_Warehouse,716,49,188,7,2024-05-20
MET850,Central_Warehouse,552,52,100,7,2024-05-20
CTZ010,Central_Warehouse,210,52,314,7,2024-05-20
OMP020,Central_Warehouse,829,51,268,7,2024-05-20
AZI250,Central_Warehouse,333,50,189,7,2024-05-20
DOL650,Central_Warehouse,986,79,102,7,2024-05-20
PAN040,Central_Warehouse,123,48,348,7,2024-05-20
ASP075,Central_Warehouse,940,50,235,7,2024-05-20
PCM001,Central_Warehouse,836,86,142,7,2024-05-21
AMX500,Central_Warehouse,872,54,232,7,2024-05-21
IBU400,Central_Warehouse,131,57,222,7,2024-05-21
MET850,Central_Warehouse,364,57,301,7,2024-05-21
CTZ010,Central_Warehouse,291,56,346,7,2024-05-21
OMP020,Central_Warehouse,748,54,226,7,2024-05-21
AZI250,Central_Warehouse,565,53,327,7,2024-05-21
DOL650,Central_Warehouse,575,85,281,7,2024-05-21
PAN040,Central_Warehouse,593,57,165,7,2024-05-21
ASP075,Central_Warehouse,239,53,346,7,2024-05-21
PCM001,Central_Warehouse,136,85,58,7,2024-05-22
AMX500,Central_Warehouse,554,55,90,7,2024-05-22
IBU400,Central_Warehouse,332,54,175,7,2024-05-22
MET850,Central_Warehouse,216,57,82,7,2024-05-22
CTZ010,Central_Warehouse,651,58,122,7,2024-05-22
OMP020,Central_Warehouse,590,56,298,7,2024-05-22
AZI250,Central_Warehouse,448,53,142,7,2024-05-22
DOL650,Central_Warehouse,887,87,264,7,2024-05-22
PAN040,Central_Warehouse,384,54,154,7,2024-05-22
ASP075,Central_Warehouse,169,53,32,7,2024-05-22
PCM001,Central_Warehouse,961,87,59,7,2024-05-23
AMX500,Central_Warehouse,848,57,110,7,2024-05-23
IBU400,Central_Warehouse,210,57,343,7,2024-05-23
MET850,Central_Warehouse,390,53,130,7,2024-05-23
CTZ010,Central_Warehouse,547,58,139,7,2024-05-23
OMP020,Central_Warehouse,473,55,295,7,2024-05-23
AZI250,Central_Warehouse,715,53,155,7,2024-05-23
DOL650,Central_Warehouse,219,89,222,7,2024-05-23
PAN040,Central_Warehouse,635,58,321,7,2024-05-23
ASP075,Central_Warehouse,462,55,202,7,2024-05-23
PCM001,Central_Warehouse,879,89,250,7,2024-05-24
AMX500,Central_Warehouse,688,56,312,7,2024-05-24
IBU400,Central_Warehouse,864,57,44,7,2024-05-24
MET850,Central_Warehouse,598,54,76,7,2024-05-24
CTZ010,Central_Warehouse,495,53,358,7,2024-05-24
OMP020,Central_Warehouse,338,54,352,7,2024-05-24
AZI250,Central_Warehouse,577,55,232,7,2024-05-24
DOL650,Central_Warehouse,531,88,52,7,2024-05-24
PAN040,Central_Warehouse,377,55,87,7,2024-05-24
ASP075,Central_Warehouse,871,54,208,7,2024-05-24
PCM001,Central_Warehouse,916,107,228,7,2024-05-25
AMX500,Central_Warehouse,289,65,165,7,2024-05-25
IBU400,Central_Warehouse,229,64,312,7,2024-05-25
MET850,Central_Warehouse,806,69,43,7,2024-05-25
CTZ010,Central_Warehouse,403,65,119,7,2024-05-25
OMP020,Central_Warehouse,312,66,239,7,2024-05-25
AZI250,Central_Warehouse,870,67,220,7,2024-05-25
DOL650,Central_Warehouse,896,106,150,7,2024-05-25
PAN040,Central_Warehouse,411,68,213,7,2024-05-25
ASP075,Central_Warehouse,156,67,360,7,2024-05-25
PCM001,Central_Warehouse,640,112,332,7,2024-05-26
AMX500,Central_Warehouse,380,63,293,7,2024-05-26
IBU400,Central_Warehouse,236,65,265,7,2024-05-26
MET850,Central_Warehouse,852,68,217,7,2024-05-26
CTZ010,Central_Warehouse,526,65,277,7,2024-05-26
OMP020,Central_Warehouse,325,64,122,7,2024-05-26
AZI250,Central_Warehouse,133,68,242,7,2024-05-26
DOL650,Central_Warehouse,550,110,154,7,2024-05-26
PAN040,Central_Warehouse,576,64,168,7,2024-05-26
ASP075,Central_Warehouse,857,68,106,7,2024-05-26
PCM001,Central_Warehouse,108,84,271,7,2024-05-27
AMX500,Central_Warehouse,762,48,318,7,2024-05-27
IBU400,Central_Warehouse,745,51,326,7,2024-05-27
MET850,Central_Warehouse,430,49,148,7,2024-05-27
CTZ010,Central_Warehouse,386,48,280,7,2024-05-27
OMP020,Central_Warehouse,645,51,42,7,2024-05-27
AZI250,Central_Warehouse,537,49,255,7,2024-05-27
DOL650,Central_Warehouse,616,79,206,7,2024-05-27
PAN040,Central_Warehouse,169,49,187,7,2024-05-27
ASP075,Central_Warehouse,471,48,286,7,2024-05-27
PCM001,Central_Warehouse,646,86,365,7,2024-05-28
AMX500,Central_Warehouse,765,57,200,7,2024-05-28
IBU400,Central_Warehouse,384,55,153,7,2024-05-28
MET850,Central_Warehouse,556,53,164,7,2024-05-28
CTZ010,Central_Warehouse,976,57,199,7,2024-05-28
OMP020,Central_Warehouse,649,53,251,7,2024-05-28
AZI250,Central_Warehouse,785,58,186,7,2024-05-28
DOL650,Central_Warehouse,719,89,221,7,2024-05-28
PAN040,Central_Warehouse,383,58,84,7,2024-05-28
ASP075,Central_Warehouse,606,55,271,7,2024-05-28
PCM001,Central_Warehouse,742,92,323,7,2024-05-29
AMX500,Central_Warehouse,906,57,256,7,2024-05-29
IBU400,Central_Warehouse,541,56,178,7,2024-05-29
MET850,Central_Warehouse,716,57,233,7,2024-05-29
CTZ010,Central_Warehouse,447,57,258,7,2024-05-29
OMP020,Central_Warehouse,437,54,57,7,2024-05-29
AZI250,Central_Warehouse,945,55,139,7,2024-05-29
DOL650,Central_Warehouse,296,91,242,7,2024-05-29
PAN040,Central_Warehouse,996,54,300,7,2024-05-29
ASP075,Central_Warehouse,529,54,204,7,2024-05-29
PCM001,Central_Warehouse,422,94,96,7,2024-05-30
AMX500,Central_Warehouse,221,58,333,7,2024-05-30
IBU400,Central_Warehouse,817,55,191,7,2024-05-30
MET850,Central_Warehouse,359,54,57,7,2024-05-30
CTZ010,Central_Warehouse,791,53,318,7,2024-05-30
OMP020,Central_Warehouse,269,54,62,7,2024-05-30
AZI250,Central_Warehouse,743,55,134,7,2024-05-30
DOL650,Central_Warehouse,183,89,360,7,2024-05-30
PAN040,Central_Warehouse,366,58,33,7,2024-05-30
ASP075,Central_Warehouse,288,57,259,7,2024-05-30
PCM001,Central_Warehouse,346,85,319,7,2024-05-31
AMX500,Central_Warehouse,102,53,226,7,2024-05-31
IBU400,Central_Warehouse,483,55,271,7,2024-05-31
MET850,Central_Warehouse,415,56,363,7,2024-05-31
CTZ010,Central_Warehouse,563,57,100,7,2024-05-31
OMP020,Central_Warehouse,380,57,253,7,2024-05-31
AZI250,Central_Warehouse,829,58,230,7,2024-05-31
DOL650,Central_Warehouse,874,92,273,7,2024-05-31
PAN040,Central_Warehouse,156,56,141,7,2024-05-31
ASP075,Central_Warehouse,917,55,43,7,2024-05-31
PCM001,Central_Warehouse,401,132,365,7,2024-06-01
AMX500,Central_Warehouse,100,83,57,7,2024-06-01
IBU400,Central_Warehouse,415,84,122,7,2024-06-01
MET850,Central_Warehouse,123,82,270,7,2024-06-01
CTZ010,Central_Warehouse,304,80,152,7,2024-06-01
OMP020,Central_Warehouse,232,79,280,7,2024-06-01
AZI250,Central_Warehouse,593,78,259,7,2024-06-01
DOL650,Central_Warehouse,483,129,145,7,2024-06-01
PAN040,Central_Warehouse,832,79,45,7,2024-06-01
ASP075,Central_Warehouse,504,79,212,7,2024-06-01
PCM001,Central_Warehouse,823,125,78,7,2024-06-02
AMX500,Central_Warehouse,460,80,111,7,2024-06-02
IBU400,Central_Warehouse,909,85,209,7,2024-06-02
MET850,Central_Warehouse,318,79,351,7,2024-06-02
CTZ010,Central_Warehouse,414,80,235,7,2024-06-02
OMP020,Central_Warehouse,280,80,310,7,2024-06-02
AZI250,Central_Warehouse,759,78,333,7,2024-06-02
DOL650,Central_Warehouse,298,134,238,7,2024-06-02
PAN040,Central_Warehouse,168,80,227,7,2024-06-02
ASP075,Central_Warehouse,375,80,330,7,2024-06-02
PCM001,Central_Warehouse,690,94,91,7,2024-06-03
AMX500,Central_Warehouse,483,61,317,7,2024-06-03
IBU400,Central_Warehouse,855,60,160,7,2024-06-03
MET850,Central_Warehouse,232,61,56,7,2024-06-03
CTZ010,Central_Warehouse,135,59,242,7,2024-06-03
OMP020,Central_Warehouse,153,60,319,7,2024-06-03
AZI250,Central_Warehouse,833,61,70,7,2024-06-03
DOL650,Central_Warehouse,397,100,56,7,2024-06-03
PAN040,Central_Warehouse,112,63,139,7,2024-06-03
ASP075,Central_Warehouse,511,60,164,7,2024-06-03
PCM001,Central_Warehouse,158,106,202,7,2024-06-04
AMX500,Central_Warehouse,720,68,258,7,2024-06-04
IBU400,Central_Warehouse,974,70,259,7,2024-06-04
MET850,Central_Warehouse,672,70,234,7,2024-06-04
CTZ010,Central_Warehouse,416,64,195,7,2024-06-04
OMP020,Central_Warehouse,114,70,192,7,2024-06-04
AZI250,Central_Warehouse,359,68,206,7,2024-06-04
DOL650,Central_Warehouse,391,107,85,7,2024-06-04
PAN040,Central_Warehouse,461,69,159,7,2024-06-04
ASP075,Central_Warehouse,455,69,290,7,2024-06-04
PCM001,Central_Warehouse,192,103,284,7,2024-06-05
AMX500,Central_Warehouse,179,66,193,7,2024-06-05
IBU400,Central_Warehouse,466,68,122,7,2024-06-05
MET850,Central_Warehouse,816,65,181,7,2024-06-05
CTZ010,Central_Warehouse,796,65,99,7,2024-06-05
OMP020,Central_Warehouse,706,66,303,7,2024-06-05
AZI250,Central_Warehouse,644,67,71,7,2024-06-05
DOL650,Central_Warehouse,234,112,323,7,2024-06-05
PAN040,Central_Warehouse,755,70,318,7,2024-06-05
ASP075,Central_Warehouse,890,69,67,7,2024-06-05
PCM001,Central_Warehouse,163,108,338,7,2024-06-06
AMX500,Central_Warehouse,152,68,263,7,2024-06-06
IBU400,Central_Warehouse,355,64,98,7,2024-06-06
MET850,Central_Warehouse,209,69,298,7,2024-06-06
CTZ010,Central_Warehouse,192,67,289,7,2024-06-06
OMP020,Central_Warehouse,330,68,95,7,2024-06-06
AZI250,Central_Warehouse,383,70,191,7,2024-06-06
DOL650,Central_Warehouse,829,111,88,7,2024-06-06
PAN040,Central_Warehouse,779,70,264,7,2024-06-06
ASP075,Central_Warehouse,579,67,355,7,2024-06-06
PCM001,Central_Warehouse,330,112,126,7,2024-06-07
AMX500,Central_Warehouse,743,71,347,7,2024-06-07
IBU400,Central_Warehouse,817,66,252,7,2024-06-07
MET850,Central_Warehouse,964,68,266,7,2024-06-07
CTZ010,Central_Warehouse,592,66,279,7,2024-06-07
OMP020,Central_Warehouse,524,70,272,7,2024-06-07
AZI250,Central_Warehouse,648,66,205,7,2024-06-07
DOL650,Central_Warehouse,621,113,323,7,2024-06-07
PAN040,Central_Warehouse,205,66,93,7,2024-06-07
ASP075,Central_Warehouse,317,64,284,7,2024-06-07
PCM001,Central_Warehouse,544,125,269,7,2024-06-08
AMX500,Central_Warehouse,841,79,268,7,2024-06-08
IBU400,Central_Warehouse,942,80,327,7,2024-06-08
MET850,Central_Warehouse,543,80,110,7,2024-06-08
CTZ010,Central_Warehouse,919,79,263,7,2024-06-08
OMP020,Central_Warehouse,714,82,324,7,2024-06-08
AZI250,Central_Warehouse,434,84,235,7,2024-06-08
DOL650,Central_Warehouse,643,129,31,7,2024-06-08
PAN040,Central_Warehouse,395,81,263,7,2024-06-08
ASP075,Central_Warehouse,931,82,67,7,2024-06-08
PCM001,Central_Warehouse,911,124,117,7,2024-06-09
AMX500,Central_Warehouse,701,84,62,7,2024-06-09
IBU400,Central_Warehouse,524,78,346,7,2024-06-09
MET850,Central_Warehouse,273,77,226,7,2024-06-09
CTZ010,Central_Warehouse,276,78,200,7,2024-06-09
OMP020,Central_Warehouse,173,78,143,7,2024-06-09
AZI250,Central_Warehouse,430,84,261,7,2024-06-09
DOL650,Central_Warehouse,787,124,184,7,2024-06-09
PAN040,Central_Warehouse,112,78,236,7,2024-06-09
ASP075,Central_Warehouse,257,85,246,7,2024-06-09
PCM001,Central_Warehouse,940,99,138,7,2024-06-10
AMX500,Central_Warehouse,780,60,60,7,2024-06-10
IBU400,Central_Warehouse,668,59,362,7,2024-06-10
MET850,Central_Warehouse,827,59,155,7,2024-06-10
CTZ010,Central_Warehouse,745,62,179,7,2024-06-10
OMP020,Central_Warehouse,288,63,343,7,2024-06-10
AZI250,Central_Warehouse,382,60,140,7,2024-06-10
DOL650,Central_Warehouse,909,96,60,7,2024-06-10
PAN040,Central_Warehouse,489,58,86,7,2024-06-10
ASP075,Central_Warehouse,915,60,142,7,2024-06-10
PCM001,Central_Warehouse,983,106,347,7,2024-06-11
AMX500,Central_Warehouse,710,69,365,7,2024-06-11
IBU400,Central_Warehouse,850,67,271,7,2024-06-11
MET850,Central_Warehouse,195,64,326,7,2024-06-11
CTZ010,Central_Warehouse,989,70,327,7,2024-06-11
OMP020,Central_Warehouse,894,66,88,7,2024-06-11
AZI250,Central_Warehouse,460,65,78,7,2024-06-11
DOL650,Central_Warehouse,872,103,339,7,2024-06-11
PAN040,Central_Warehouse,373,68,135,7,2024-06-11
ASP075,Central_Warehouse,397,67,208,7,2024-06-11
PCM001,Central_Warehouse,684,105,180,7,2024-06-12
AMX500,Central_Warehouse,526,68,118,7,2024-06-12
IBU400,Central_Warehouse,808,69,42,7,2024-06-12
MET850,Central_Warehouse,557,67,207,7,2024-06-12
CTZ010,Central_Warehouse,950,70,330,7,2024-06-12
OMP020,Central_Warehouse,180,67,118,7,2024-06-12
AZI250,Central_Warehouse,225,70,166,7,2024-06-12
DOL650,Central_Warehouse,767,112,339,7,2024-06-12
PAN040,Central_Warehouse,938,69,88,7,2024-06-12
ASP075,Central_Warehouse,567,69,276,7,2024-06-12
PCM001,Central_Warehouse,332,111,339,7,2024-06-13
AMX500,Central_Warehouse,329,68,234,7,2024-06-13
IBU400,Central_Warehouse,795,66,305,7,2024-06-13
MET850,Central_Warehouse,135,67,320,7,2024-06-13
CTZ010,Central_Warehouse,164,68,67,7,2024-06-13
OMP020,Central_Warehouse,446,66,40,7,2024-06-13
AZI250,Central_Warehouse,489,70,134,7,2024-06-13
DOL650,Central_Warehouse,361,110,110,7,2024-06-13
PAN040,Central_Warehouse,566,66,57,7,2024-06-13
ASP075,Central_Warehouse,468,66,228,7,2024-06-13
PCM001,Central_Warehouse,196,108,331,7,2024-06-14
AMX500,Central_Warehouse,705,68,287,7,2024-06-14
IBU400,Central_Warehouse,796,66,244,7,2024-06-14
MET850,Central_Warehouse,278,66,183,7,2024-06-14
CTZ010,Central_Warehouse,396,67,333,7,2024-06-14
OMP020,Central_Warehouse,698,71,301,7,2024-06-14
AZI250,Central_Warehouse,497,68,128,7,2024-06-14
DOL650,Central_Warehouse,114,111,260,7,2024-06-14
PAN040,Central_Warehouse,425,65,298,7,2024-06-14
ASP075,Central_Warehouse,398,66,199,7,2024-06-14
PCM001,Central_Warehouse,856,135,97,7,2024-06-15
AMX500,Central_Warehouse,954,85,54,7,2024-06-15
IBU400,Central_Warehouse,118,77,309,7,2024-06-15
MET850,Central_Warehouse,451,79,176,7,2024-06-15
CTZ010,Central_Warehouse,112,83,256,7,2024-06-15
OMP020,Central_Warehouse,391,83,66,7,2024-06-15
AZI250,Central_Warehouse,128,83,278,7,2024-06-15
DOL650,Central_Warehouse,947,124,222,7,2024-06-15
PAN040,Central_Warehouse,649,79,214,7,2024-06-15
ASP075,Central_Warehouse,898,84,57,7,2024-06-15
PCM001,Central_Warehouse,605,125,82,7,2024-06-16
AMX500,Central_Warehouse,270,81,262,7,2024-06-16
IBU400,Central_Warehouse,366,79,339,7,2024-06-16
MET850,Central_Warehouse,839,81,177,7,2024-06-16
CTZ010,Central_Warehouse,930,83,201,7,2024-06-16
OMP020,Central_Warehouse,381,84,201,7,2024-06-16
AZI250,Central_Warehouse,867,80,345,7,2024-06-16
DOL650,Central_Warehouse,767,136,249,7,2024-06-16
PAN040,Central_Warehouse,464,84,326,7,2024-06-16
ASP075,Central_Warehouse,437,80,307,7,2024-06-16
PCM001,Central_Warehouse,595,103,34,7,2024-06-17
AMX500,Central_Warehouse,210,64,94,7,2024-06-17
IBU400,Central_Warehouse,786,62,345,7,2024-06-17
MET850,Central_Warehouse,630,62,219,7,2024-06-17
CTZ010,Central_Warehouse,418,61,331,7,2024-06-17
OMP020,Central_Warehouse,116,60,284,7,2024-06-17
AZI250,Central_Warehouse,799,63,59,7,2024-06-17
DOL650,Central_Warehouse,983,102,163,7,2024-06-17
PAN040,Central_Warehouse,753,61,64,7,2024-06-17
ASP075,Central_Warehouse,422,58,289,7,2024-06-17
PCM001,Central_Warehouse,516,110,59,7,2024-06-18
AMX500,Central_Warehouse,879,68,115,7,2024-06-18
IBU400,Central_Warehouse,416,67,275,7,2024-06-18
MET850,Central_Warehouse,107,69,46,7,2024-06-18
CTZ010,Central_Warehouse,687,66,275,7,2024-06-18
OMP020,Central_Warehouse,844,70,174,7,2024-06-18
AZI250,Central_Warehouse,594,71,65,7,2024-06-18
DOL650,Central_Warehouse,926,112,106,7,2024-06-18
PAN040,Central_Warehouse,885,65,218,7,2024-06-18
ASP075,Central_Warehouse,235,67,343,7,2024-06-18
PCM001,Central_Warehouse,934,105,358,7,2024-06-19
AMX500,Central_Warehouse,268,67,244,7,2024-06-19
IBU400,Central_Warehouse,108,65,178,7,2024-06-19
MET850,Central_Warehouse,988,69,325,7,2024-06-19
CTZ010,Central_Warehouse,734,68,246,7,2024-06-19
OMP020,Central_Warehouse,824,71,212,7,2024-06-19
AZI250,Central_Warehouse,109,69,84,7,2024-06-19
DOL650,Central_Warehouse,832,112,174,7,2024-06-19
PAN040,Central_Warehouse,224,66,254,7,2024-06-19
ASP075,Central_Warehouse,534,65,195,7,2024-06-19
PCM001,Central_Warehouse,632,104,162,7,2024-06-20
AMX500,Central_Warehouse,529,69,142,7,2024-06-20
IBU400,Central_Warehouse,440,68,325,7,2024-06-20
MET850,Central_Warehouse,159,66,364,7,2024-06-20
CTZ010,Central_Warehouse,231,71,252,7,2024-06-20
OMP020,Central_Warehouse,489,66,134,7,2024-06-20
AZI250,Central_Warehouse,593,70,62,7,2024-06-20
DOL650,Central_Warehouse,244,104,191,7,2024-06-20
PAN040,Central_Warehouse,281,66,51,7,2024-06-20
ASP075,Central_Warehouse,809,70,246,7,2024-06-20
PCM001,Central_Warehouse,166,109,300,7,2024-06-21
AMX500,Central_Warehouse,199,69,315,7,2024-06-21
IBU400,Central_Warehouse,725,70,277,7,2024-06-21
MET850,Central_Warehouse,905,67,328,7,2024-06-21
CTZ010,Central_Warehouse,696,71,290,7,2024-06-21
OMP020,Central_Warehouse,527,71,108,7,2024-06-21
AZI250,Central_Warehouse,294,71,190,7,2024-06-21
DOL650,Central_Warehouse,258,104,172,7,2024-06-21
PAN040,Central_Warehouse,238,69,86,7,2024-06-21
ASP075,Central_Warehouse,167,69,59,7,2024-06-21
PCM001,Central_Warehouse,943,132,320,7,2024-06-22
AMX500,Central_Warehouse,391,80,67,7,2024-06-22
IBU400,Central_Warehouse,266,85,285,7,2024-06-22
MET850,Central_Warehouse,351,80,251,7,2024-06-22
CTZ010,Central_Warehouse,208,80,41,7,2024-06-22
OMP020,Central_Warehouse,264,84,164,7,2024-06-22
AZI250,Central_Warehouse,597,81,108,7,2024-06-22
DOL650,Central_Warehouse,587,126,226,7,2024-06-22
PAN040,Central_Warehouse,440,79,300,7,2024-06-22
ASP075,Central_Warehouse,227,84,129,7,2024-06-22
PCM001,Central_Warehouse,645,127,56,7,2024-06-23
AMX500,Central_Warehouse,963,84,246,7,2024-06-23
IBU400,Central_Warehouse,962,85,148,7,2024-06-23
MET850,Central_Warehouse,684,81,152,7,2024-06-23
CTZ010,Central_Warehouse,392,81,148,7,2024-06-23
OMP020,Central_Warehouse,955,81,133,7,2024-06-23
AZI250,Central_Warehouse,394,82,246,7,2024-06-23
DOL650,Central_Warehouse,830,131,202,7,2024-06-23
PAN040,Central_Warehouse,702,84,173,7,2024-06-23
ASP075,Central_Warehouse,929,81,333,7,2024-06-23
PCM001,Central_Warehouse,817,103,346,7,2024-06-24
AMX500,Central_Warehouse,382,59,186,7,2024-06-24
IBU400,Central_Warehouse,559,62,334,7,2024-06-24
MET850,Central_Warehouse,719,59,269,7,2024-06-24
CTZ010,Central_Warehouse,109,60,136,7,2024-06-24
OMP020,Central_Warehouse,283,62,258,7,2024-06-24
AZI250,Central_Warehouse,198,64,235,7,2024-06-24
DOL650,Central_Warehouse,348,102,258,7,2024-06-24
PAN040,Central_Warehouse,384,63,308,7,2024-06-24
ASP075,Central_Warehouse,813,62,180,7,2024-06-24
PCM001,Central_Warehouse,765,111,341,7,2024-06-25
AMX500,Central_Warehouse,247,70,323,7,2024-06-25
IBU400,Central_Warehouse,997,66,113,7,2024-06-25
MET850,Central_Warehouse,246,69,227,7,2024-06-25
CTZ010,Central_Warehouse,650,69,108,7,2024-06-25
OMP020,Central_Warehouse,130,70,188,7,2024-06-25
AZI250,Central_Warehouse,180,67,166,7,2024-06-25
DOL650,Central_Warehouse,824,114,147,7,2024-06-25
PAN040,Central_Warehouse,502,66,52,7,2024-06-25
ASP075,Central_Warehouse,799,65,155,7,2024-06-25
PCM001,Central_Warehouse,938,108,298,7,2024-06-26
AMX500,Central_Warehouse,284,66,106,7,2024-06-26
IBU400,Central_Warehouse,242,68,347,7,2024-06-26
MET850,Central_Warehouse,626,71,356,7,2024-06-26
CTZ010,Central_Warehouse,755,69,208,7,2024-06-26
OMP020,Central_Warehouse,668,65,36,7,2024-06-26
AZI250,Central_Warehouse,628,67,320,7,2024-06-26
DOL650,Central_Warehouse,299,105,263,7,2024-06-26
PAN040,Central_Warehouse,340,67,268,7,2024-06-26
ASP075,Central_Warehouse,778,67,190,7,2024-06-26
PCM001,Central_Warehouse,770,115,170,7,2024-06-27
AMX500,Central_Warehouse,250,71,264,7,2024-06-27
IBU400,Central_Warehouse,272,67,219,7,2024-06-27
MET850,Central_Warehouse,219,71,127,7,2024-06-27
CTZ010,Central_Warehouse,899,68,35,7,2024-06-27
OMP020,Central_Warehouse,646,70,38,7,2024-06-27
AZI250,Central_Warehouse,847,71,180,7,2024-06-27
DOL650,Central_Warehouse,402,112,356,7,2024-06-27
PAN040,Central_Warehouse,828,71,42,7,2024-06-27
ASP075,Central_Warehouse,624,70,193,7,2024-06-27
PCM001,Central_Warehouse,355,106,347,7,2024-06-28
AMX500,Central_Warehouse,113,72,260,7,2024-06-28
IBU400,Central_Warehouse,132,68,263,7,2024-06-28
MET850,Central_Warehouse,307,68,264,7,2024-06-28
CTZ010,Central_Warehouse,617,70,104,7,2024-06-28
OMP020,Central_Warehouse,412,66,66,7,2024-06-28
AZI250,Central_Warehouse,280,66,187,7,2024-06-28
DOL650,Central_Warehouse,852,109,148,7,2024-06-28
PAN040,Central_Warehouse,630,69,58,7,2024-06-28
ASP075,Central_Warehouse,747,68,276,7,2024-06-28
PCM001,Central_Warehouse,461,129,187,7,2024-06-29
AMX500,Central_Warehouse,614,80,306,7,2024-06-29
IBU400,Central_Warehouse,296,78,60,7,2024-06-29
MET850,Central_Warehouse,290,79,30,7,2024-06-29
CTZ010,Central_Warehouse,224,80,305,7,2024-06-29
OMP020,Central_Warehouse,297,83,304,7,2024-06-29
AZI250,Central_Warehouse,612,85,218,7,2024-06-29
DOL650,Central_Warehouse,627,128,119,7,2024-06-29
PAN040,Central_Warehouse,209,84,230,7,2024-06-29
ASP075,Central_Warehouse,751,82,60,7,2024-06-29
PCM001,Central_Warehouse,670,138,284,7,2024-06-30
AMX500,Central_Warehouse,846,80,305,7,2024-06-30
IBU400,Central_Warehouse,248,79,187,7,2024-06-30
MET850,Central_Warehouse,523,83,139,7,2024-06-30
CTZ010,Central_Warehouse,212,79,72,7,2024-06-30
OMP020,Central_Warehouse,316,84,211,7,2024-06-30
AZI250,Central_Warehouse,963,79,250,7,2024-06-30
DOL650,Central_Warehouse,935,129,57,7,2024-06-30
PAN040,Central_Warehouse,590,79,209,7,2024-06-30
ASP075,Central_Warehouse,727,79,218,7,2024-06-30
PCM001,Central_Warehouse,247,104,79,7,2024-07-01
AMX500,Central_Warehouse,592,65,186,7,2024-07-01
IBU400,Central_Warehouse,587,63,41,7,2024-07-01
MET850,Central_Warehouse,546,64,90,7,2024-07-01
CTZ010,Central_Warehouse,663,61,121,7,2024-07-01
OMP020,Central_Warehouse,987,59,197,7,2024-07-01
AZI250,Central_Warehouse,304,59,149,7,2024-07-01
DOL650,Central_Warehouse,505,100,138,7,2024-07-01
PAN040,Central_Warehouse,732,64,186,7,2024-07-01
ASP075,Central_Warehouse,327,59,246,7,2024-07-01
PCM001,Central_Warehouse,503,106,242,7,2024-07-02
AMX500,Central_Warehouse,166,72,118,7,2024-07-02
IBU400,Central_Warehouse,961,68,133,7,2024-07-02
MET850,Central_Warehouse,659,66,173,7,2024-07-02
CTZ010,Central_Warehouse,337,66,259,7,2024-07-02
OMP020,Central_Warehouse,629,66,213,7,2024-07-02
AZI250,Central_Warehouse,916,66,357,7,2024-07-02
DOL650,Central_Warehouse,338,107,139,7,2024-07-02
PAN040,Central_Warehouse,352,69,67,7,2024-07-02
ASP075,Central_Warehouse,779,68,212,7,2024-07-02
PCM001,Central_Warehouse,765,107,135,7,2024-07-03
AMX500,Central_Warehouse,822,70,174,7,2024-07-03
IBU400,Central_Warehouse,789,69,98,7,2024-07-03
MET850,Central_Warehouse,550,67,75,7,2024-07-03
CTZ010,Central_Warehouse,847,66,305,7,2024-07-03
OMP020,Central_Warehouse,341,69,148,7,2024-07-03
AZI250,Central_Warehouse,245,66,53,7,2024-07-03
DOL650,Central_Warehouse,625,111,187,7,2024-07-03
PAN040,Central_Warehouse,522,67,167,7,2024-07-03
ASP075,Central_Warehouse,258,68,257,7,2024-07-03
PCM001,Central_Warehouse,865,106,312,7,2024-07-04
AMX500,Central_Warehouse,879,71,125,7,2024-07-04
IBU400,Central_Warehouse,649,69,256,7,2024-07-04
MET850,Central_Warehouse,722,68,244,7,2024-07-04
CTZ010,Central_Warehouse,271,66,301,7,2024-07-04
OMP020,Central_Warehouse,557,66,124,7,2024-07-04
AZI250,Central_Warehouse,461,66,108,7,2024-07-04
DOL650,Central_Warehouse,303,114,346,7,2024-07-04
PAN040,Central_Warehouse,241,66,331,7,2024-07-04
ASP075,Central_Warehouse,478,68,227,7,2024-07-04
PCM001,Central_Warehouse,871,111,174,7,2024-07-05
AMX500,Central_Warehouse,860,71,314,7,2024-07-05
IBU400,Central_Warehouse,325,68,252,7,2024-07-05
MET850,Central_Warehouse,167,70,268,7,2024-07-05
CTZ010,Central_Warehouse,290,67,61,7,2024-07-05
OMP020,Central_Warehouse,811,67,328,7,2024-07-05
AZI250,Central_Warehouse,928,69,362,7,2024-07-05
DOL650,Central_Warehouse,760,108,182,7,2024-07-05
PAN040,Central_Warehouse,119,71,101,7,2024-07-05
ASP075,Central_Warehouse,627,66,355,7,2024-07-05
PCM001,Central_Warehouse,101,126,117,7,2024-07-06
AMX500,Central_Warehouse,120,80,239,7,2024-07-06
IBU400,Central_Warehouse,622,79,98,7,2024-07-06
MET850,Central_Warehouse,390,80,211,7,2024-07-06
CTZ010,Central_Warehouse,556,79,114,7,2024-07-06
OMP020,Central_Warehouse,385,84,197,7,2024-07-06
AZI250,Central_Warehouse,233,83,263,7,2024-07-06
DOL650,Central_Warehouse,231,135,132,7,2024-07-06
PAN040,Central_Warehouse,602,82,120,7,2024-07-06
ASP075,Central_Warehouse,791,79,133,7,2024-07-06
PCM001,Central_Warehouse,595,134,51,7,2024-07-07
AMX500,Central_Warehouse,356,81,50,7,2024-07-07
IBU400,Central_Warehouse,814,84,226,7,2024-07-07
MET850,Central_Warehouse,982,79,202,7,2024-07-07
CTZ010,Central_Warehouse,560,84,301,7,2024-07-07
OMP020,Central_Warehouse,803,79,54,7,2024-07-07
AZI250,Central_Warehouse,509,85,346,7,2024-07-07
DOL650,Central_Warehouse,170,131,192,7,2024-07-07
PAN040,Central_Warehouse,745,83,219,7,2024-07-07
ASP075,Central_Warehouse,256,81,42,7,2024-07-07
PCM001,Central_Warehouse,810,99,70,7,2024-07-08
AMX500,Central_Warehouse,924,64,69,7,2024-07-08
IBU400,Central_Warehouse,109,59,85,7,2024-07-08
MET850,Central_Warehouse,973,62,196,7,2024-07-08
CTZ010,Central_Warehouse,841,63,43,7,2024-07-08
OMP020,Central_Warehouse,123,62,251,7,2024-07-08
AZI250,Central_Warehouse,645,59,123,7,2024-07-08
DOL650,Central_Warehouse,487,98,44,7,2024-07-08
PAN040,Central_Warehouse,768,60,175,7,2024-07-08
ASP075,Central_Warehouse,201,62,47,7,2024-07-08
PCM001,Central_Warehouse,901,107,33,7,2024-07-09
AMX500,Central_Warehouse,285,69,90,7,2024-07-09
IBU400,Central_Warehouse,209,71,231,7,2024-07-09
MET850,Central_Warehouse,529,71,52,7,2024-07-09
CTZ010,Central_Warehouse,782,70,110,7,2024-07-09
OMP020,Central_Warehouse,462,71,162,7,2024-07-09
AZI250,Central_Warehouse,627,69,317,7,2024-07-09
DOL650,Central_Warehouse,850,115,103,7,2024-07-09
PAN040,Central_Warehouse,485,69,300,7,2024-07-09
ASP075,Central_Warehouse,797,70,238,7,2024-07-09
PCM001,Central_Warehouse,133,110,91,7,2024-07-10
AMX500,Central_Warehouse,310,69,158,7,2024-07-10
IBU400,Central_Warehouse,849,67,328,7,2024-07-10
MET850,Central_Warehouse,768,66,324,7,2024-07-10
CTZ010,Central_Warehouse,489,69,64,7,2024-07-10
OMP020,Central_Warehouse,183,69,365,7,2024-07-10
AZI250,Central_Warehouse,501,66,302,7,2024-07-10
DOL650,Central_Warehouse,258,107,276,7,2024-07-10
PAN040,Central_Warehouse,956,72,361,7,2024-07-10
ASP075,Central_Warehouse,367,69,222,7,2024-07-10
PCM001,Central_Warehouse,190,112,238,7,2024-07-11
AMX500,Central_Warehouse,199,66,79,7,2024-07-11
IBU400,Central_Warehouse,200,66,77,7,2024-07-11
MET850,Central_Warehouse,803,69,330,7,2024-07-11
CTZ010,Central_Warehouse,611,67,294,7,2024-07-11
OMP020,Central_Warehouse,964,71,237,7,2024-07-11
AZI250,Central_Warehouse,658,70,310,7,2024-07-11
DOL650,Central_Warehouse,920,109,175,7,2024-07-11
PAN040,Central_Warehouse,599,72,265,7,2024-07-11
ASP075,Central_Warehouse,262,70,269,7,2024-07-11
PCM001,Central_Warehouse,873,115,47,7,2024-07-12
AMX500,Central_Warehouse,983,71,304,7,2024-07-12
IBU400,Central_Warehouse,896,66,148,7,2024-07-12
MET850,Central_Warehouse,941,70,76,7,2024-07-12
CTZ010,Central_Warehouse,634,69,252,7,2024-07-12
OMP020,Central_Warehouse,797,71,72,7,2024-07-12
AZI250,Central_Warehouse,540,66,116,7,2024-07-12
DOL650,Central_Warehouse,491,107,272,7,2024-07-12
PAN040,Central_Warehouse,524,69,258,7,2024-07-12
ASP075,Central_Warehouse,904,70,42,7,2024-07-12
PCM001,Central_Warehouse,910,139,30,7,2024-07-13
AMX500,Central_Warehouse,706,84,258,7,2024-07-13
IBU400,Central_Warehouse,574,80,164,7,2024-07-13
MET850,Central_Warehouse,868,85,238,7,2024-07-13
CTZ010,Central_Warehouse,902,82,133,7,2024-07-13
OMP020,Central_Warehouse,310,86,147,7,2024-07-13
AZI250,Central_Warehouse,974,87,207,7,2024-07-13
DOL650,Central_Warehouse,420,137,32,7,2024-07-13
PAN040,Central_Warehouse,707,86,194,7,2024-07-13
ASP075,Central_Warehouse,255,80,329,7,2024-07-13
PCM001,Central_Warehouse,652,134,134,7,2024-07-14
AMX500,Central_Warehouse,384,85,97,7,2024-07-14
IBU400,Central_Warehouse,935,83,97,7,2024-07-14
MET850,Central_Warehouse,822,79,214,7,2024-07-14
CTZ010,Central_Warehouse,144,84,363,7,2024-07-14
OMP020,Central_Warehouse,116,87,254,7,2024-07-14
AZI250,Central_Warehouse,281,85,293,7,2024-07-14
DOL650,Central_Warehouse,802,137,250,7,2024-07-14
PAN040,Central_Warehouse,905,83,175,7,2024-07-14
ASP075,Central_Warehouse,425,82,175,7,2024-07-14
PCM001,Central_Warehouse,618,96,87,7,2024-07-15
AMX500,Central_Warehouse,748,60,325,7,2024-07-15
IBU400,Central_Warehouse,760,60,334,7,2024-07-15
MET850,Central_Warehouse,368,60,164,7,2024-07-15
CTZ010,Central_Warehouse,165,62,131,7,2024-07-15
OMP020,Central_Warehouse,967,65,363,7,2024-07-15
AZI250,Central_Warehouse,385,61,210,7,2024-07-15
DOL650,Central_Warehouse,188,97,281,7,2024-07-15
PAN040,Central_Warehouse,251,59,105,7,2024-07-15
ASP075,Central_Warehouse,933,64,188,7,2024-07-15
PCM001,Central_Warehouse,387,112,53,7,2024-07-16
AMX500,Central_Warehouse,986,69,108,7,2024-07-16
IBU400,Central_Warehouse,293,71,152,7,2024-07-16
MET850,Central_Warehouse,689,71,263,7,2024-07-16
CTZ010,Central_Warehouse,984,70,88,7,2024-07-16
OMP020,Central_Warehouse,260,66,310,7,2024-07-16
AZI250,Central_Warehouse,794,68,181,7,2024-07-16
DOL650,Central_Warehouse,966,114,135,7,2024-07-16
PAN040,Central_Warehouse,416,68,236,7,2024-07-16
ASP075,Central_Warehouse,616,70,179,7,2024-07-16
PCM001,Central_Warehouse,694,112,253,7,2024-07-17
AMX500,Central_Warehouse,818,69,109,7,2024-07-17
IBU400,Central_Warehouse,756,71,122,7,2024-07-17
MET850,Central_Warehouse,331,71,125,7,2024-07-17
CTZ010,Central_Warehouse,375,72,72,7,2024-07-17
OMP020,Central_Warehouse,983,72,218,7,2024-07-17
AZI250,Central_Warehouse,799,70,245,7,2024-07-17
DOL650,Central_Warehouse,264,106,275,7,2024-07-17
PAN040,Central_Warehouse,607,71,81,7,2024-07-17
ASP075,Central_Warehouse,732,67,251,7,2024-07-17
PCM001,Central_Warehouse,249,113,219,7,2024-07-18
AMX500,Central_Warehouse,176,71,222,7,2024-07-18
IBU400,Central_Warehouse,132,68,356,7,2024-07-18
MET850,Central_Warehouse,664,72,364,7,2024-07-18
CTZ010,Central_Warehouse,719,67,323,7,2024-07-18
OMP020,Central_Warehouse,228,72,231,7,2024-07-18
AZI250,Central_Warehouse,607,70,255,7,2024-07-18
DOL650,Central_Warehouse,154,110,167,7,2024-07-18
PAN040,Central_Warehouse,672,67,226,7,2024-07-18
ASP075,Central_Warehouse,110,71,201,7,2024-07-18
PCM001,Central_Warehouse,929,110,89,7,2024-07-19
AMX500,Central_Warehouse,982,73,110,7,2024-07-19
IBU400,Central_Warehouse,966,68,338,7,2024-07-19
MET850,Central_Warehouse,435,70,285,7,2024-07-19
CTZ010,Central_Warehouse,597,68,330,7,2024-07-19
OMP020,Central_Warehouse,860,71,184,7,2024-07-19
AZI250,Central_Warehouse,745,71,354,7,2024-07-19
DOL650,Central_Warehouse,783,114,274,7,2024-07-19
PAN040,Central_Warehouse,200,67,262,7,2024-07-19
ASP075,Central_Warehouse,105,71,198,7,2024-07-19
PCM001,Central_Warehouse,440,130,351,7,2024-07-20
AMX500,Central_Warehouse,800,84,312,7,2024-07-20
IBU400,Central_Warehouse,423,84,183,7,2024-07-20
MET850,Central_Warehouse,277,82,354,7,2024-07-20
CTZ010,Central_Warehouse,993,84,265,7,2024-07-20
OMP020,Central_Warehouse,862,85,80,7,2024-07-20
AZI250,Central_Warehouse,576,80,112,7,2024-07-20
DOL650,Central_Warehouse,180,140,104,7,2024-07-20
PAN040,Central_Warehouse,634,80,134,7,2024-07-20
ASP075,Central_Warehouse,797,86,76,7,2024-07-20
PCM001,Central_Warehouse,577,134,106,7,2024-07-21
AMX500,Central_Warehouse,984,84,323,7,2024-07-21
IBU400,Central_Warehouse,727,81,359,7,2024-07-21
MET850,Central_Warehouse,268,87,195,7,2024-07-21
CTZ010,Central_Warehouse,438,80,78,7,2024-07-21
OMP020,Central_Warehouse,552,85,112,7,2024-07-21
AZI250,Central_Warehouse,163,85,77,7,2024-07-21
DOL650,Central_Warehouse,696,139,364,7,2024-07-21
PAN040,Central_Warehouse,779,82,338,7,2024-07-21
ASP075,Central_Warehouse,421,82,98,7,2024-07-21
PCM001,Central_Warehouse,406,105,294,7,2024-07-22
AMX500,Central_Warehouse,904,60,347,7,2024-07-22
IBU400,Central_Warehouse,448,63,80,7,2024-07-22
MET850,Central_Warehouse,551,60,323,7,2024-07-22
CTZ010,Central_Warehouse,536,61,336,7,2024-07-22
OMP020,Central_Warehouse,625,63,86,7,2024-07-22
AZI250,Central_Warehouse,194,62,253,7,2024-07-22
DOL650,Central_Warehouse,417,100,68,7,2024-07-22
PAN040,Central_Warehouse,399,62,326,7,2024-07-22
ASP075,Central_Warehouse,834,66,98,7,2024-07-22
PCM001,Central_Warehouse,834,112,41,7,2024-07-23
AMX500,Central_Warehouse,384,68,306,7,2024-07-23
IBU400,Central_Warehouse,652,67,258,7,2024-07-23
MET850,Central_Warehouse,609,68,262,7,2024-07-23
CTZ010,Central_Warehouse,530,68,311,7,2024-07-23
OMP020,Central_Warehouse,685,71,99,7,2024-07-23
AZI250,Central_Warehouse,104,71,326,7,2024-07-23
DOL650,Central_Warehouse,653,107,283,7,2024-07-23
PAN040,Central_Warehouse,485,67,315,7,2024-07-23
ASP075,Central_Warehouse,547,69,255,7,2024-07-23
PCM001,Central_Warehouse,480,111,189,7,2024-07-24
AMX500,Central_Warehouse,280,73,49,7,2024-07-24
IBU400,Central_Warehouse,950,70,49,7,2024-07-24
MET850,Central_Warehouse,848,71,349,7,2024-07-24
CTZ010,Central_Warehouse,246,70,79,7,2024-07-24
OMP020,Central_Warehouse,161,72,238,7,2024-07-24
AZI250,Central_Warehouse,601,70,363,7,2024-07-24
DOL650,Central_Warehouse,353,107,176,7,2024-07-24
PAN040,Central_Warehouse,232,69,144,7,2024-07-24
ASP075,Central_Warehouse,819,70,130,7,2024-07-24
PCM001,Central_Warehouse,948,107,349,7,2024-07-25
AMX500,Central_Warehouse,145,71,91,7,2024-07-25
IBU400,Central_Warehouse,406,71,78,7,2024-07-25
MET850,Central_Warehouse,151,71,321,7,2024-07-25
CTZ010,Central_Warehouse,534,70,280,7,2024-07-25
OMP020,Central_Warehouse,653,70,362,7,2024-07-25
AZI250,Central_Warehouse,347,68,175,7,2024-07-25
DOL650,Central_Warehouse,824,106,244,7,2024-07-25
PAN040,Central_Warehouse,504,72,219,7,2024-07-25
ASP075,Central_Warehouse,244,72,243,7,2024-07-25
PCM001,Central_Warehouse,822,116,362,7,2024-07-26
AMX500,Central_Warehouse,137,73,31,7,2024-07-26
IBU400,Central_Warehouse,521,67,267,7,2024-07-26
MET850,Central_Warehouse,461,68,127,7,2024-07-26
CTZ010,Central_Warehouse,645,67,349,7,2024-07-26
OMP020,Central_Warehouse,763,70,168,7,2024-07-26
AZI250,Central_Warehouse,715,68,176,7,2024-07-26
DOL650,Central_Warehouse,644,111,60,7,2024-07-26
PAN040,Central_Warehouse,583,68,342,7,2024-07-26
ASP075,Central_Warehouse,690,67,295,7,2024-07-26
PCM001,Central_Warehouse,171,136,102,7,2024-07-27
AMX500,Central_Warehouse,371,88,158,7,2024-07-27
IBU400,Central_Warehouse,567,82,105,7,2024-07-27
MET850,Central_Warehouse,254,83,297,7,2024-07-27
CTZ010,Central_Warehouse,880,83,306,7,2024-07-27
OMP020,Central_Warehouse,926,82,157,7,2024-07-27
AZI250,Central_Warehouse,911,88,217,7,2024-07-27
DOL650,Central_Warehouse,858,130,65,7,2024-07-27
PAN040,Central_Warehouse,537,86,58,7,2024-07-27
ASP075,Central_Warehouse,615,86,326,7,2024-07-27
PCM001,Central_Warehouse,514,137,237,7,2024-07-28
AMX500,Central_Warehouse,555,82,199,7,2024-07-28
IBU400,Central_Warehouse,880,87,63,7,2024-07-28
MET850,Central_Warehouse,288,84,197,7,2024-07-28
CTZ010,Central_Warehouse,433,85,149,7,2024-07-28
OMP020,Central_Warehouse,346,80,100,7,2024-07-28
AZI250,Central_Warehouse,808,80,133,7,2024-07-28
DOL650,Central_Warehouse,627,129,129,7,2024-07-28
PAN040,Central_Warehouse,631,80,326,7,2024-07-28
ASP075,Central_Warehouse,191,88,289,7,2024-07-28
PCM001,Central_Warehouse,923,99,120,7,2024-07-29
AMX500,Central_Warehouse,887,60,193,7,2024-07-29
IBU400,Central_Warehouse,636,61,211,7,2024-07-29
MET850,Central_Warehouse,202,65,39,7,2024-07-29
CTZ010,Central_Warehouse,676,61,254,7,2024-07-29
OMP020,Central_Warehouse,164,65,244,7,2024-07-29
AZI250,Central_Warehouse,521,61,311,7,2024-07-29
DOL650,Central_Warehouse,556,101,275,7,2024-07-29
PAN040,Central_Warehouse,191,66,279,7,2024-07-29
ASP075,Central_Warehouse,997,66,149,7,2024-07-29
PCM001,Central_Warehouse,163,109,180,7,2024-07-30
AMX500,Central_Warehouse,387,68,221,7,2024-07-30
IBU400,Central_Warehouse,552,70,79,7,2024-07-30
MET850,Central_Warehouse,544,71,120,7,2024-07-30
CTZ010,Central_Warehouse,712,71,165,7,2024-07-30
OMP020,Central_Warehouse,947,69,183,7,2024-07-30
AZI250,Central_Warehouse,866,67,306,7,2024-07-30
DOL650,Central_Warehouse,678,117,64,7,2024-07-30
PAN040,Central_Warehouse,270,68,113,7,2024-07-30
ASP075,Central_Warehouse,328,71,108,7,2024-07-30
PCM001,Central_Warehouse,478,112,78,7,2024-07-31
AMX500,Central_Warehouse,212,70,234,7,2024-07-31
IBU400,Central_Warehouse,446,72,205,7,2024-07-31
MET850,Central_Warehouse,309,72,262,7,2024-07-31
CTZ010,Central_Warehouse,336,73,172,7,2024-07-31
OMP020,Central_Warehouse,404,66,147,7,2024-07-31
AZI250,Central_Warehouse,281,68,279,7,2024-07-31
DOL650,Central_Warehouse,133,111,152,7,2024-07-31
PAN040,Central_Warehouse,111,73,357,7,2024-07-31
ASP075,Central_Warehouse,483,73,224,7,2024-07-31
PCM001,Central_Warehouse,318,114,102,7,2024-08-01
AMX500,Central_Warehouse,991,68,77,7,2024-08-01
IBU400,Central_Warehouse,741,70,55,7,2024-08-01
MET850,Central_Warehouse,233,72,279,7,2024-08-01
CTZ010,Central_Warehouse,616,73,254,7,2024-08-01
OMP020,Central_Warehouse,529,73,86,7,2024-08-01
AZI250,Central_Warehouse,592,69,55,7,2024-08-01
DOL650,Central_Warehouse,132,111,147,7,2024-08-01
PAN040,Central_Warehouse,568,68,254,7,2024-08-01
ASP075,Central_Warehouse,283,71,215,7,2024-08-01
PCM001,Central_Warehouse,718,114,303,7,2024-08-02
AMX500,Central_Warehouse,268,67,51,7,2024-08-02
IBU400,Central_Warehouse,520,71,138,7,2024-08-02
MET850,Central_Warehouse,847,73,129,7,2024-08-02
CTZ010,Central_Warehouse,951,71,164,7,2024-08-02
OMP020,Central_Warehouse,723,70,70,7,2024-08-02
AZI250,Central_Warehouse,880,69,252,7,2024-08-02
DOL650,Central_Warehouse,763,112,34,7,2024-08-02
PAN040,Central_Warehouse,141,72,144,7,2024-08-02
ASP075,Central_Warehouse,329,70,235,7,2024-08-02
PCM001,Central_Warehouse,500,134,96,7,2024-08-03
AMX500,Central_Warehouse,758,85,303,7,2024-08-03
IBU400,Central_Warehouse,590,86,270,7,2024-08-03
MET850,Central_Warehouse,582,88,224,7,2024-08-03
CTZ010,Central_Warehouse,796,82,291,7,2024-08-03
OMP020,Central_Warehouse,448,80,158,7,2024-08-03
AZI250,Central_Warehouse,141,84,362,7,2024-08-03
DOL650,Central_Warehouse,180,135,265,7,2024-08-03
PAN040,Central_Warehouse,438,85,229,7,2024-08-03
ASP075,Central_Warehouse,622,84,59,7,2024-08-03
PCM001,Central_Warehouse,562,135,97,7,2024-08-04
AMX500,Central_Warehouse,257,83,176,7,2024-08-04
IBU400,Central_Warehouse,574,85,215,7,2024-08-04
MET850,Central_Warehouse,860,80,114,7,2024-08-04
CTZ010,Central_Warehouse,768,86,39,7,2024-08-04
OMP020,Central_Warehouse,903,81,192,7,2024-08-04
AZI250,Central_Warehouse,596,86,278,7,2024-08-04
DOL650,Central_Warehouse,812,136,182,7,2024-08-04
PAN040,Central_Warehouse,655,83,189,7,2024-08-04
ASP075,Central_Warehouse,699,80,338,7,2024-08-04
PCM001,Central_Warehouse,473,106,182,7,2024-08-05
AMX500,Central_Warehouse,184,64,52,7,2024-08-05
IBU400,Central_Warehouse,613,65,134,7,2024-08-05
MET850,Central_Warehouse,486,60,277,7,2024-08-05
CTZ010,Central_Warehouse,539,65,134,7,2024-08-05
OMP020,Central_Warehouse,103,65,39,7,2024-08-05
AZI250,Central_Warehouse,768,65,117,7,2024-08-05
DOL650,Central_Warehouse,966,100,57,7,2024-08-05
PAN040,Central_Warehouse,921,62,273,7,2024-08-05
ASP075,Central_Warehouse,795,64,335,7,2024-08-05
PCM001,Central_Warehouse,396,114,89,7,2024-08-06
AMX500,Central_Warehouse,172,69,112,7,2024-08-06
IBU400,Central_Warehouse,498,69,146,7,2024-08-06
MET850,Central_Warehouse,393,71,258,7,2024-08-06
CTZ010,Central_Warehouse,675,67,287,7,2024-08-06
OMP020,Central_Warehouse,135,71,225,7,2024-08-06
AZI250,Central_Warehouse,782,68,330,7,2024-08-06
DOL650,Central_Warehouse,204,115,274,7,2024-08-06
PAN040,Central_Warehouse,136,71,38,7,2024-08-06
ASP075,Central_Warehouse,139,72,163,7,2024-08-06
PCM001,Central_Warehouse,777,117,161,7,2024-08-07
AMX500,Central_Warehouse,693,70,81,7,2024-08-07
IBU400,Central_Warehouse,261,68,253,7,2024-08-07
MET850,Central_Warehouse,451,71,316,7,2024-08-07
CTZ010,Central_Warehouse,566,71,53,7,2024-08-07
OMP020,Central_Warehouse,268,72,156,7,2024-08-07
AZI250,Central_Warehouse,778,69,148,7,2024-08-07
DOL650,Central_Warehouse,581,109,81,7,2024-08-07
PAN040,Central_Warehouse,258,67,128,7,2024-08-07
ASP075,Central_Warehouse,769,69,232,7,2024-08-07
PCM001,Central_Warehouse,177,114,274,7,2024-08-08
AMX500,Central_Warehouse,771,71,348,7,2024-08-08
IBU400,Central_Warehouse,110,68,128,7,2024-08-08
MET850,Central_Warehouse,255,71,145,7,2024-08-08
CTZ010,Central_Warehouse,669,70,343,7,2024-08-08
OMP020,Central_Warehouse,620,72,263,7,2024-08-08
AZI250,Central_Warehouse,775,68,276,7,2024-08-08
DOL650,Central_Warehouse,365,111,310,7,2024-08-08
PAN040,Central_Warehouse,913,67,208,7,2024-08-08
ASP075,Central_Warehouse,996,69,303,7,2024-08-08
PCM001,Central_Warehouse,152,108,206,7,2024-08-09
AMX500,Central_Warehouse,512,69,217,7,2024-08-09
IBU400,Central_Warehouse,440,74,343,7,2024-08-09
MET850,Central_Warehouse,164,69,99,7,2024-08-09
CTZ010,Central_Warehouse,767,73,61,7,2024-08-09
OMP020,Central_Warehouse,685,73,317,7,2024-08-09
AZI250,Central_Warehouse,280,74,241,7,2024-08-09
DOL650,Central_Warehouse,152,117,127,7,2024-08-09
PAN040,Central_Warehouse,783,71,241,7,2024-08-09
ASP075,Central_Warehouse,305,72,148,7,2024-08-09
PCM001,Central_Warehouse,225,141,205,7,2024-08-10
AMX500,Central_Warehouse,224,83,204,7,2024-08-10
IBU400,Central_Warehouse,641,84,138,7,2024-08-10
MET850,Central_Warehouse,100,87,343,7,2024-08-10
CTZ010,Central_Warehouse,582,87,348,7,2024-08-10
OMP020,Central_Warehouse,569,86,365,7,2024-08-10
AZI250,Central_Warehouse,166,84,178,7,2024-08-10
DOL650,Central_Warehouse,334,132,232,7,2024-08-10
PAN040,Central_Warehouse,449,85,320,7,2024-08-10
ASP075,Central_Warehouse,839,83,182,7,2024-08-10
PCM001,Central_Warehouse,594,139,224,7,2024-08-11
AMX500,Central_Warehouse,179,81,33,7,2024-08-11
IBU400,Central_Warehouse,627,81,258,7,2024-08-11
MET850,Central_Warehouse,777,83,89,7,2024-08-11
CTZ010,Central_Warehouse,844,83,153,7,2024-08-11
OMP020,Central_Warehouse,695,83,34,7,2024-08-11
AZI250,Central_Warehouse,507,84,221,7,2024-08-11
DOL650,Central_Warehouse,961,133,288,7,2024-08-11
PAN040,Central_Warehouse,934,82,193,7,2024-08-11
ASP075,Central_Warehouse,914,89,100,7,2024-08-11
PCM001,Central_Warehouse,876,98,129,7,2024-08-12
AMX500,Central_Warehouse,936,61,164,7,2024-08-12
IBU400,Central_Warehouse,331,65,62,7,2024-08-12
MET850,Central_Warehouse,773,63,170,7,2024-08-12
CTZ010,Central_Warehouse,852,62,199,7,2024-08-12
OMP020,Central_Warehouse,565,64,130,7,2024-08-12
AZI250,Central_Warehouse,849,63,285,7,2024-08-12
DOL650,Central_Warehouse,883,101,355,7,2024-08-12
PAN040,Central_Warehouse,155,63,181,7,2024-08-12
ASP075,Central_Warehouse,494,64,297,7,2024-08-12
PCM001,Central_Warehouse,328,112,185,7,2024-08-13
AMX500,Central_Warehouse,189,72,107,7,2024-08-13
IBU400,Central_Warehouse,322,71,332,7,2024-08-13
MET850,Central_Warehouse,649,71,76,7,2024-08-13
CTZ010,Central_Warehouse,658,71,351,7,2024-08-13
OMP020,Central_Warehouse,484,67,91,7,2024-08-13
AZI250,Central_Warehouse,746,70,76,7,2024-08-13
DOL650,Central_Warehouse,733,115,234,7,2024-08-13
PAN040,Central_Warehouse,884,70,241,7,2024-08-13
ASP075,Central_Warehouse,397,70,180,7,2024-08-13
PCM001,Central_Warehouse,537,114,211,7,2024-08-14
AMX500,Central_Warehouse,216,67,280,7,2024-08-14
IBU400,Central_Warehouse,309,71,241,7,2024-08-14
MET850,Central_Warehouse,351,71,112,7,2024-08-14
CTZ010,Central_Warehouse,705,69,151,7,2024-08-14
OMP020,Central_Warehouse,886,71,216,7,2024-08-14
AZI250,Central_Warehouse,774,74,157,7,2024-08-14
DOL650,Central_Warehouse,236,109,59,7,2024-08-14
PAN040,Central_Warehouse,619,73,191,7,2024-08-14
ASP075,Central_Warehouse,875,71,141,7,2024-08-14
PCM001,Central_Warehouse,619,110,178,7,2024-08-15
AMX500,Central_Warehouse,759,70,181,7,2024-08-15
IBU400,Central_Warehouse,724,70,211,7,2024-08-15
MET850,Central_Warehouse,427,74,151,7,2024-08-15
CTZ010,Central_Warehouse,753,72,185,7,2024-08-15
OMP020,Central_Warehouse,901,69,201,7,2024-08-15
AZI250,Central_Warehouse,522,73,69,7,2024-08-15
DOL650,Central_Warehouse,778,117,290,7,2024-08-15
PAN040,Central_Warehouse,644,72,40,7,2024-08-15
ASP075,Central_Warehouse,741,73,349,7,2024-08-15
PCM001,Central_Warehouse,967,117,158,7,2024-08-16
AMX500,Central_Warehouse,415,70,313,7,2024-08-16
IBU400,Central_Warehouse,293,68,269,7,2024-08-16
MET850,Central_Warehouse,890,67,199,7,2024-08-16
CTZ010,Central_Warehouse,803,72,115,7,2024-08-16
OMP020,Central_Warehouse,940,71,37,7,2024-08-16
AZI250,Central_Warehouse,613,68,93,7,2024-08-16
DOL650,Central_Warehouse,601,116,174,7,2024-08-16
PAN040,Central_Warehouse,784,73,328,7,2024-08-16
ASP075,Central_Warehouse,418,68,230,7,2024-08-16
PCM001,Central_Warehouse,937,131,349,7,2024-08-17
AMX500,Central_Warehouse,645,82,256,7,2024-08-17
IBU400,Central_Warehouse,902,83,120,7,2024-08-17
MET850,Central_Warehouse,325,86,244,7,2024-08-17
CTZ010,Central_Warehouse,532,85,242,7,2024-08-17
OMP020,Central_Warehouse,180,88,347,7,2024-08-17
AZI250,Central_Warehouse,526,83,40,7,2024-08-17
DOL650,Central_Warehouse,119,140,100,7,2024-08-17
PAN040,Central_Warehouse,386,86,313,7,2024-08-17
ASP075,Central_Warehouse,649,87,142,7,2024-08-17
PCM001,Central_Warehouse,635,131,350,7,2024-08-18
AMX500,Central_Warehouse,357,82,73,7,2024-08-18
IBU400,Central_Warehouse,901,83,139,7,2024-08-18
MET850,Central_Warehouse,443,82,79,7,2024-08-18
CTZ010,Central_Warehouse,120,87,233,7,2024-08-18
OMP020,Central_Warehouse,249,84,340,7,2024-08-18
AZI250,Central_Warehouse,628,82,217,7,2024-08-18
DOL650,Central_Warehouse,771,133,344,7,2024-08-18
PAN040,Central_Warehouse,945,85,233,7,2024-08-18
ASP075,Central_Warehouse,850,88,333,7,2024-08-18
PCM001,Central_Warehouse,940,98,210,7,2024-08-19
AMX500,Central_Warehouse,869,61,296,7,2024-08-19
IBU400,Central_Warehouse,275,64,85,7,2024-08-19
MET850,Central_Warehouse,244,65,192,7,2024-08-19
CTZ010,Central_Warehouse,275,66,335,7,2024-08-19
OMP020,Central_Warehouse,533,62,53,7,2024-08-19
AZI250,Central_Warehouse,961,65,180,7,2024-08-19
DOL650,Central_Warehouse,602,97,184,7,2024-08-19
PAN040,Central_Warehouse,960,62,44,7,2024-08-19
ASP075,Central_Warehouse,158,63,174,7,2024-08-19
PCM001,Central_Warehouse,586,111,83,7,2024-08-20
AMX500,Central_Warehouse,869,72,41,7,2024-08-20
IBU400,Central_Warehouse,596,69,317,7,2024-08-20
MET850,Central_Warehouse,749,68,134,7,2024-08-20
CTZ010,Central_Warehouse,597,68,259,7,2024-08-20
OMP020,Central_Warehouse,498,73,215,7,2024-08-20
AZI250,Central_Warehouse,764,74,56,7,2024-08-20
DOL650,Central_Warehouse,136,116,267,7,2024-08-20
PAN040,Central_Warehouse,604,74,361,7,2024-08-20
ASP075,Central_Warehouse,635,70,58,7,2024-08-20
PCM001,Central_Warehouse,773,119,41,7,2024-08-21
AMX500,Central_Warehouse,535,71,167,7,2024-08-21
IBU400,Central_Warehouse,100,69,207,7,2024-08-21
MET850,Central_Warehouse,866,74,171,7,2024-08-21
CTZ010,Central_Warehouse,357,73,165,7,2024-08-21
OMP020,Central_Warehouse,811,69,338,7,2024-08-21
AZI250,Central_Warehouse,901,69,123,7,2024-08-21
DOL650,Central_Warehouse,597,118,137,7,2024-08-21
PAN040,Central_Warehouse,268,72,89,7,2024-08-21
ASP075,Central_Warehouse,444,71,167,7,2024-08-21
PCM001,Central_Warehouse,500,118,129,7,2024-08-22
AMX500,Central_Warehouse,275,73,340,7,2024-08-22
IBU400,Central_Warehouse,699,70,94,7,2024-08-22
MET850,Central_Warehouse,548,74,155,7,2024-08-22
CTZ010,Central_Warehouse,891,72,178,7,2024-08-22
OMP020,Central_Warehouse,319,70,185,7,2024-08-22
AZI250,Central_Warehouse,189,72,306,7,2024-08-22
DOL650,Central_Warehouse,302,110,340,7,2024-08-22
PAN040,Central_Warehouse,385,68,189,7,2024-08-22
ASP075,Central_Warehouse,360,73,209,7,2024-08-22
PCM001,Central_Warehouse,247,112,240,7,2024-08-23
AMX500,Central_Warehouse,175,74,74,7,2024-08-23
IBU400,Central_Warehouse,558,71,51,7,2024-08-23
MET850,Central_Warehouse,735,74,89,7,2024-08-23
CTZ010,Central_Warehouse,897,70,108,7,2024-08-23
OMP020,Central_Warehouse,116,69,306,7,2024-08-23
AZI250,Central_Warehouse,655,73,302,7,2024-08-23
DOL650,Central_Warehouse,583,110,179,7,2024-08-23
PAN040,Central_Warehouse,732,73,308,7,2024-08-23
ASP075,Central_Warehouse,879,74,66,7,2024-08-23
PCM001,Central_Warehouse,857,130,252,7,2024-08-24
AMX500,Central_Warehouse,824,89,231,7,2024-08-24
IBU400,Central_Warehouse,851,82,62,7,2024-08-24
MET850,Central_Warehouse,676,84,240,7,2024-08-24
CTZ010,Central_Warehouse,119,87,99,7,2024-08-24
OMP020,Central_Warehouse,383,86,251,7,2024-08-24
AZI250,Central_Warehouse,281,84,50,7,2024-08-24
DOL650,Central_Warehouse,782,133,149,7,2024-08-24
PAN040,Central_Warehouse,724,87,60,7,2024-08-24
ASP075,Central_Warehouse,644,84,109,7,2024-08-24
PCM001,Central_Warehouse,531,139,325,7,2024-08-25
AMX500,Central_Warehouse,362,87,80,7,2024-08-25
IBU400,Central_Warehouse,885,88,266,7,2024-08-25
MET850,Central_Warehouse,798,89,266,7,2024-08-25
CTZ010,Central_Warehouse,858,84,344,7,2024-08-25
OMP020,Central_Warehouse,583,87,145,7,2024-08-25
AZI250,Central_Warehouse,749,85,267,7,2024-08-25
DOL650,Central_Warehouse,578,139,215,7,2024-08-25
PAN040,Central_Warehouse,128,82,354,7,2024-08-25
ASP075,Central_Warehouse,823,88,357,7,2024-08-25
PCM001,Central_Warehouse,269,104,191,7,2024-08-26
AMX500,Central_Warehouse,824,65,144,7,2024-08-26
IBU400,Central_Warehouse,178,67,287,7,2024-08-26
MET850,Central_Warehouse,287,64,110,7,2024-08-26
CTZ010,Central_Warehouse,940,62,222,7,2024-08-26
OMP020,Central_Warehouse,565,66,107,7,2024-08-26
AZI250,Central_Warehouse,145,64,137,7,2024-08-26
DOL650,Central_Warehouse,643,106,94,7,2024-08-26
PAN040,Central_Warehouse,487,64,90,7,2024-08-26
ASP075,Central_Warehouse,810,64,211,7,2024-08-26
PCM001,Central_Warehouse,622,117,84,7,2024-08-27
AMX500,Central_Warehouse,593,69,272,7,2024-08-27
IBU400,Central_Warehouse,582,71,47,7,2024-08-27
MET850,Central_Warehouse,944,73,211,7,2024-08-27
CTZ010,Central_Warehouse,153,73,315,7,2024-08-27
OMP020,Central_Warehouse,489,71,173,7,2024-08-27
AZI250,Central_Warehouse,414,69,144,7,2024-08-27
DOL650,Central_Warehouse,481,113,159,7,2024-08-27
PAN040,Central_Warehouse,288,73,309,7,2024-08-27
ASP075,Central_Warehouse,218,74,357,7,2024-08-27
PCM001,Central_Warehouse,661,119,53,7,2024-08-28
AMX500,Central_Warehouse,629,73,117,7,2024-08-28
IBU400,Central_Warehouse,524,72,49,7,2024-08-28
MET850,Central_Warehouse,315,68,270,7,2024-08-28
CTZ010,Central_Warehouse,925,68,365,7,2024-08-28
OMP020,Central_Warehouse,465,74,63,7,2024-08-28
AZI250,Central_Warehouse,668,73,346,7,2024-08-28
DOL650,Central_Warehouse,198,117,200,7,2024-08-28
PAN040,Central_Warehouse,664,75,216,7,2024-08-28
ASP075,Central_Warehouse,363,74,188,7,2024-08-28
PCM001,Central_Warehouse,795,112,235,7,2024-08-29
AMX500,Central_Warehouse,600,68,184,7,2024-08-29
IBU400,Central_Warehouse,805,74,292,7,2024-08-29
MET850,Central_Warehouse,111,73,160,7,2024-08-29
CTZ010,Central_Warehouse,125,68,254,7,2024-08-29
OMP020,Central_Warehouse,441,70,144,7,2024-08-29
AZI250,Central_Warehouse,448,73,214,7,2024-08-29
DOL650,Central_Warehouse,144,119,48,7,2024-08-29
PAN040,Central_Warehouse,704,72,70,7,2024-08-29
ASP075,Central_Warehouse,756,75,158,7,2024-08-29
PCM001,Central_Warehouse,179,119,251,7,2024-08-30
AMX500,Central_Warehouse,313,68,160,7,2024-08-30
IBU400,Central_Warehouse,380,73,170,7,2024-08-30
MET850,Central_Warehouse,986,74,214,7,2024-08-30
CTZ010,Central_Warehouse,119,74,93,7,2024-08-30
OMP020,Central_Warehouse,791,69,270,7,2024-08-30
AZI250,Central_Warehouse,841,69,341,7,2024-08-30
DOL650,Central_Warehouse,172,110,227,7,2024-08-30
PAN040,Central_Warehouse,463,72,357,7,2024-08-30
ASP075,Central_Warehouse,229,68,70,7,2024-08-30
PCM001,Central_Warehouse,622,131,73,7,2024-08-31
AMX500,Central_Warehouse,686,82,152,7,2024-08-31
IBU400,Central_Warehouse,482,85,299,7,2024-08-31
MET850,Central_Warehouse,408,90,200,7,2024-08-31
CTZ010,Central_Warehouse,308,88,247,7,2024-08-31
OMP020,Central_Warehouse,217,84,126,7,2024-08-31
AZI250,Central_Warehouse,974,87,162,7,2024-08-31
DOL650,Central_Warehouse,457,140,113,7,2024-08-31
PAN040,Central_Warehouse,837,83,262,7,2024-08-31
ASP075,Central_Warehouse,238,84,99,7,2024-08-31
PCM001,Central_Warehouse,891,114,128,7,2024-09-01
AMX500,Central_Warehouse,505,71,224,7,2024-09-01
IBU400,Central_Warehouse,311,69,248,7,2024-09-01
MET850,Central_Warehouse,790,69,253,7,2024-09-01
CTZ010,Central_Warehouse,278,70,269,7,2024-09-01
OMP020,Central_Warehouse,308,71,337,7,2024-09-01
AZI250,Central_Warehouse,661,70,278,7,2024-09-01
DOL650,Central_Warehouse,331,115,60,7,2024-09-01
PAN040,Central_Warehouse,471,70,171,7,2024-09-01
ASP075,Central_Warehouse,251,72,85,7,2024-09-01
PCM001,Central_Warehouse,862,89,156,7,2024-09-02
AMX500,Central_Warehouse,751,56,351,7,2024-09-02
IBU400,Central_Warehouse,211,56,194,7,2024-09-02
MET850,Central_Warehouse,871,52,104,7,2024-09-02
CTZ010,Central_Warehouse,710,51,167,7,2024-09-02
OMP020,Central_Warehouse,254,55,116,7,2024-09-02
AZI250,Central_Warehouse,569,54,54,7,2024-09-02
DOL650,Central_Warehouse,119,86,76,7,2024-09-02
PAN040,Central_Warehouse,943,53,308,7,2024-09-02
ASP075,Central_Warehouse,110,55,94,7,2024-09-02
PCM001,Central_Warehouse,806,92,115,7,2024-09-03
AMX500,Central_Warehouse,177,57,340,7,2024-09-03
IBU400,Central_Warehouse,153,60,279,7,2024-09-03
MET850,Central_Warehouse,800,58,35,7,2024-09-03
CTZ010,Central_Warehouse,976,62,53,7,2024-09-03
OMP020,Central_Warehouse,231,59,261,7,2024-09-03
AZI250,Central_Warehouse,917,61,233,7,2024-09-03
DOL650,Central_Warehouse,688,98,274,7,2024-09-03
PAN040,Central_Warehouse,815,60,111,7,2024-09-03
ASP075,Central_Warehouse,105,59,166,7,2024-09-03
PCM001,Central_Warehouse,675,100,144,7,2024-09-04
AMX500,Central_Warehouse,457,61,272,7,2024-09-04
IBU400,Central_Warehouse,567,59,200,7,2024-09-04
MET850,Central_Warehouse,909,60,358,7,2024-09-04
CTZ010,Central_Warehouse,958,58,255,7,2024-09-04
OMP020,Central_Warehouse,398,58,207,7,2024-09-04
AZI250,Central_Warehouse,947,63,284,7,2024-09-04
DOL650,Central_Warehouse,371,98,200,7,2024-09-04
PAN040,Central_Warehouse,573,57,163,7,2024-09-04
ASP075,Central_Warehouse,427,62,250,7,2024-09-04
PCM001,Central_Warehouse,582,94,324,7,2024-09-05
AMX500,Central_Warehouse,593,59,146,7,2024-09-05
IBU400,Central_Warehouse,410,60,122,7,2024-09-05
MET850,Central_Warehouse,930,61,123,7,2024-09-05
CTZ010,Central_Warehouse,359,58,317,7,2024-09-05
OMP020,Central_Warehouse,801,62,206,7,2024-09-05
AZI250,Central_Warehouse,586,62,72,7,2024-09-05
DOL650,Central_Warehouse,227,101,302,7,2024-09-05
PAN040,Central_Warehouse,459,59,38,7,2024-09-05
ASP075,Central_Warehouse,558,57,184,7,2024-09-05
PCM001,Central_Warehouse,955,99,273,7,2024-09-06
AMX500,Central_Warehouse,357,59,90,7,2024-09-06
IBU400,Central_Warehouse,631,63,236,7,2024-09-06
MET850,Central_Warehouse,590,62,194,7,2024-09-06
CTZ010,Central_Warehouse,811,58,365,7,2024-09-06
OMP020,Central_Warehouse,694,58,139,7,2024-09-06
AZI250,Central_Warehouse,605,62,66,7,2024-09-06
DOL650,Central_Warehouse,595,96,282,7,2024-09-06
PAN040,Central_Warehouse,440,62,198,7,2024-09-06
ASP075,Central_Warehouse,293,61,115,7,2024-09-06
PCM001,Central_Warehouse,711,111,40,7,2024-09-07
AMX500,Central_Warehouse,656,71,62,7,2024-09-07
IBU400,Central_Warehouse,358,74,238,7,2024-09-07
MET850,Central_Warehouse,717,75,56,7,2024-09-07
CTZ010,Central_Warehouse,222,68,339,7,2024-09-07
OMP020,Central_Warehouse,867,71,161,7,2024-09-07
AZI250,Central_Warehouse,292,70,365,7,2024-09-07
DOL650,Central_Warehouse,424,121,277,7,2024-09-07
PAN040,Central_Warehouse,595,68,52,7,2024-09-07
ASP075,Central_Warehouse,865,73,86,7,2024-09-07
PCM001,Central_Warehouse,885,112,227,7,2024-09-08
AMX500,Central_Warehouse,141,70,141,7,2024-09-08
IBU400,Central_Warehouse,383,74,167,7,2024-09-08
MET850,Central_Warehouse,323,71,157,7,2024-09-08
CTZ010,Central_Warehouse,671,73,78,7,2024-09-08
OMP020,Central_Warehouse,678,71,340,7,2024-09-08
AZI250,Central_Warehouse,331,72,166,7,2024-09-08
DOL650,Central_Warehouse,464,111,154,7,2024-09-08
PAN040,Central_Warehouse,638,71,196,7,2024-09-08
ASP075,Central_Warehouse,382,69,143,7,2024-09-08
PCM001,Central_Warehouse,385,86,111,7,2024-09-09
AMX500,Central_Warehouse,399,52,237,7,2024-09-09
IBU400,Central_Warehouse,581,53,181,7,2024-09-09
MET850,Central_Warehouse,753,51,335,7,2024-09-09
CTZ010,Central_Warehouse,359,56,274,7,2024-09-09
OMP020,Central_Warehouse,830,52,181,7,2024-09-09
AZI250,Central_Warehouse,601,55,78,7,2024-09-09
DOL650,Central_Warehouse,725,89,243,7,2024-09-09
PAN040,Central_Warehouse,615,53,101,7,2024-09-09
ASP075,Central_Warehouse,701,56,187,7,2024-09-09
PCM001,Central_Warehouse,631,91,198,7,2024-09-10
AMX500,Central_Warehouse,259,61,230,7,2024-09-10
IBU400,Central_Warehouse,929,59,322,7,2024-09-10
MET850,Central_Warehouse,271,57,159,7,2024-09-10
CTZ010,Central_Warehouse,254,58,159,7,2024-09-10
OMP020,Central_Warehouse,223,60,53,7,2024-09-10
AZI250,Central_Warehouse,906,62,344,7,2024-09-10
DOL650,Central_Warehouse,614,101,293,7,2024-09-10
PAN040,Central_Warehouse,739,60,136,7,2024-09-10
ASP075,Central_Warehouse,733,60,164,7,2024-09-10
PCM001,Central_Warehouse,885,96,204,7,2024-09-11
AMX500,Central_Warehouse,318,60,188,7,2024-09-11
IBU400,Central_Warehouse,481,62,256,7,2024-09-11
MET850,Central_Warehouse,275,57,259,7,2024-09-11
CTZ010,Central_Warehouse,106,59,271,7,2024-09-11
OMP020,Central_Warehouse,758,61,99,7,2024-09-11
AZI250,Central_Warehouse,757,60,111,7,2024-09-11
DOL650,Central_Warehouse,569,97,258,7,2024-09-11
PAN040,Central_Warehouse,361,60,309,7,2024-09-11
ASP075,Central_Warehouse,759,61,83,7,2024-09-11
PCM001,Central_Warehouse,428,98,331,7,2024-09-12
AMX500,Central_Warehouse,881,61,214,7,2024-09-12
IBU400,Central_Warehouse,452,60,319,7,2024-09-12
MET850,Central_Warehouse,950,62,156,7,2024-09-12
CTZ010,Central_Warehouse,191,58,105,7,2024-09-12
OMP020,Central_Warehouse,555,60,95,7,2024-09-12
AZI250,Central_Warehouse,271,57,126,7,2024-09-12
DOL650,Central_Warehouse,785,98,305,7,2024-09-12
PAN040,Central_Warehouse,308,58,167,7,2024-09-12
ASP075,Central_Warehouse,338,63,310,7,2024-09-12
PCM001,Central_Warehouse,555,96,168,7,2024-09-13
AMX500,Central_Warehouse,977,63,302,7,2024-09-13
IBU400,Central_Warehouse,275,57,153,7,2024-09-13
MET850,Central_Warehouse,749,58,191,7,2024-09-13
CTZ010,Central_Warehouse,486,60,350,7,2024-09-13
OMP020,Central_Warehouse,377,58,343,7,2024-09-13
AZI250,Central_Warehouse,208,62,362,7,2024-09-13
DOL650,Central_Warehouse,592,99,262,7,2024-09-13
PAN040,Central_Warehouse,402,58,124,7,2024-09-13
ASP075,Central_Warehouse,508,63,211,7,2024-09-13
PCM001,Central_Warehouse,669,116,44,7,2024-09-14
AMX500,Central_Warehouse,953,71,68,7,2024-09-14
IBU400,Central_Warehouse,576,69,99,7,2024-09-14
MET850,Central_Warehouse,599,75,138,7,2024-09-14
CTZ010,Central_Warehouse,754,75,287,7,2024-09-14
OMP020,Central_Warehouse,961,70,172,7,2024-09-14
AZI250,Central_Warehouse,766,69,159,7,2024-09-14
DOL650,Central_Warehouse,845,119,355,7,2024-09-14
PAN040,Central_Warehouse,927,74,351,7,2024-09-14
ASP075,Central_Warehouse,295,71,350,7,2024-09-14
PCM001,Central_Warehouse,979,116,231,7,2024-09-15
AMX500,Central_Warehouse,810,75,351,7,2024-09-15
IBU400,Central_Warehouse,394,76,150,7,2024-09-15
MET850,Central_Warehouse,106,74,284,7,2024-09-15
CTZ010,Central_Warehouse,743,72,347,7,2024-09-15
OMP020,Central_Warehouse,220,72,152,7,2024-09-15
AZI250,Central_Warehouse,308,69,238,7,2024-09-15
DOL650,Central_Warehouse,236,119,67,7,2024-09-15
PAN040,Central_Warehouse,508,75,180,7,2024-09-15
ASP075,Central_Warehouse,512,73,98,7,2024-09-15
PCM001,Central_Warehouse,169,88,142,7,2024-09-16
AMX500,Central_Warehouse,606,57,192,7,2024-09-16
IBU400,Central_Warehouse,731,54,268,7,2024-09-16
MET850,Central_Warehouse,514,52,252,7,2024-09-16
CTZ010,Central_Warehouse,858,55,47,7,2024-09-16
OMP020,Central_Warehouse,551,54,328,7,2024-09-16
AZI250,Central_Warehouse,100,56,88,7,2024-09-16
DOL650,Central_Warehouse,426,89,309,7,2024-09-16
PAN040,Central_Warehouse,838,56,341,7,2024-09-16
ASP075,Central_Warehouse,661,56,58,7,2024-09-16
PCM001,Central_Warehouse,167,93,137,7,2024-09-17
AMX500,Central_Warehouse,460,63,276,7,2024-09-17
IBU400,Central_Warehouse,300,63,339,7,2024-09-17
MET850,Central_Warehouse,247,62,113,7,2024-09-17
CTZ010,Central_Warehouse,147,58,301,7,2024-09-17
OMP020,Central_Warehouse,265,63,86,7,2024-09-17
AZI250,Central_Warehouse,131,58,353,7,2024-09-17
DOL650,Central_Warehouse,436,97,170,7,2024-09-17
PAN040,Central_Warehouse,590,57,204,7,2024-09-17
ASP075,Central_Warehouse,731,61,181,7,2024-09-17
PCM001,Central_Warehouse,609,101,42,7,2024-09-18
AMX500,Central_Warehouse,459,62,182,7,2024-09-18
IBU400,Central_Warehouse,136,58,362,7,2024-09-18
MET850,Central_Warehouse,273,61,334,7,2024-09-18
CTZ010,Central_Warehouse,528,62,32,7,2024-09-18
OMP020,Central_Warehouse,542,63,159,7,2024-09-18
AZI250,Central_Warehouse,883,58,311,7,2024-09-18
DOL650,Central_Warehouse,482,95,208,7,2024-09-18
PAN040,Central_Warehouse,969,61,233,7,2024-09-18
ASP075,Central_Warehouse,638,58,216,7,2024-09-18
PCM001,Central_Warehouse,249,92,90,7,2024-09-19
AMX500,Central_Warehouse,117,61,138,7,2024-09-19
IBU400,Central_Warehouse,387,63,193,7,2024-09-19
MET850,Central_Warehouse,155,62,57,7,2024-09-19
CTZ010,Central_Warehouse,555,63,184,7,2024-09-19
OMP020,Central_Warehouse,508,61,190,7,2024-09-19
AZI250,Central_Warehouse,279,62,207,7,2024-09-19
DOL650,Central_Warehouse,234,98,47,7,2024-09-19
PAN040,Central_Warehouse,301,62,134,7,2024-09-19
ASP075,Central_Warehouse,137,58,142,7,2024-09-19
PCM001,Central_Warehouse,251,94,47,7,2024-09-20
AMX500,Central_Warehouse,676,63,250,7,2024-09-20
IBU400,Central_Warehouse,611,57,178,7,2024-09-20
MET850,Central_Warehouse,793,60,143,7,2024-09-20
CTZ010,Central_Warehouse,505,60,343,7,2024-09-20
OMP020,Central_Warehouse,441,58,355,7,2024-09-20
AZI250,Central_Warehouse,237,62,82,7,2024-09-20
DOL650,Central_Warehouse,210,97,204,7,2024-09-20
PAN040,Central_Warehouse,334,62,126,7,2024-09-20
ASP075,Central_Warehouse,839,62,86,7,2024-09-20
PCM001,Central_Warehouse,101,116,308,7,2024-09-21
AMX500,Central_Warehouse,255,74,241,7,2024-09-21
IBU400,Central_Warehouse,589,73,40,7,2024-09-21
MET850,Central_Warehouse,523,73,180,7,2024-09-21
CTZ010,Central_Warehouse,308,74,161,7,2024-09-21
OMP020,Central_Warehouse,511,69,193,7,2024-09-21
AZI250,Central_Warehouse,530,76,289,7,2024-09-21
DOL650,Central_Warehouse,223,111,348,7,2024-09-21
PAN040,Central_Warehouse,109,75,34,7,2024-09-21
ASP075,Central_Warehouse,869,76,142,7,2024-09-21
PCM001,Central_Warehouse,879,119,224,7,2024-09-22
AMX500,Central_Warehouse,186,73,212,7,2024-09-22
IBU400,Central_Warehouse,436,70,45,7,2024-09-22
MET850,Central_Warehouse,994,71,261,7,2024-09-22
CTZ010,Central_Warehouse,772,75,359,7,2024-09-22
OMP020,Central_Warehouse,735,71,145,7,2024-09-22
AZI250,Central_Warehouse,779,72,226,7,2024-09-22
DOL650,Central_Warehouse,227,115,126,7,2024-09-22
PAN040,Central_Warehouse,430,71,86,7,2024-09-22
ASP075,Central_Warehouse,731,72,281,7,2024-09-22
PCM001,Central_Warehouse,195,84,66,7,2024-09-23
AMX500,Central_Warehouse,485,52,53,7,2024-09-23
IBU400,Central_Warehouse,435,55,234,7,2024-09-23
MET850,Central_Warehouse,462,53,71,7,2024-09-23
CTZ010,Central_Warehouse,757,53,36,7,2024-09-23
OMP020,Central_Warehouse,589,53,159,7,2024-09-23
AZI250,Central_Warehouse,324,53,134,7,2024-09-23
DOL650,Central_Warehouse,892,84,87,7,2024-09-23
PAN040,Central_Warehouse,708,56,310,7,2024-09-23
ASP075,Central_Warehouse,237,53,202,7,2024-09-23
PCM001,Central_Warehouse,284,100,328,7,2024-09-24
AMX500,Central_Warehouse,208,62,80,7,2024-09-24
IBU400,Central_Warehouse,366,60,39,7,2024-09-24
MET850,Central_Warehouse,228,63,34,7,2024-09-24
CTZ010,Central_Warehouse,909,62,245,7,2024-09-24
OMP020,Central_Warehouse,632,63,136,7,2024-09-24
AZI250,Central_Warehouse,164,62,355,7,2024-09-24
DOL650,Central_Warehouse,210,97,61,7,2024-09-24
PAN040,Central_Warehouse,203,62,149,7,2024-09-24
ASP075,Central_Warehouse,146,63,283,7,2024-09-24
PCM001,Central_Warehouse,188,100,119,7,2024-09-25
AMX500,Central_Warehouse,617,60,294,7,2024-09-25
IBU400,Central_Warehouse,614,62,268,7,2024-09-25
MET850,Central_Warehouse,353,59,291,7,2024-09-25
CTZ010,Central_Warehouse,570,58,94,7,2024-09-25
OMP020,Central_Warehouse,621,63,237,7,2024-09-25
AZI250,Central_Warehouse,707,60,148,7,2024-09-25
DOL650,Central_Warehouse,300,96,329,7,2024-09-25
PAN040,Central_Warehouse,614,63,279,7,2024-09-25
ASP075,Central_Warehouse,305,58,56,7,2024-09-25
PCM001,Central_Warehouse,424,97,243,7,2024-09-26
AMX500,Central_Warehouse,760,59,166,7,2024-09-26
IBU400,Central_Warehouse,387,58,317,7,2024-09-26
MET850,Central_Warehouse,671,63,109,7,2024-09-26
CTZ010,Central_Warehouse,315,62,156,7,2024-09-26
OMP020,Central_Warehouse,143,60,288,7,2024-09-26
AZI250,Central_Warehouse,775,61,144,7,2024-09-26
DOL650,Central_Warehouse,601,93,338,7,2024-09-26
PAN040,Central_Warehouse,247,58,35,7,2024-09-26
ASP075,Central_Warehouse,123,58,359,7,2024-09-26
PCM001,Central_Warehouse,890,93,168,7,2024-09-27
AMX500,Central_Warehouse,851,58,360,7,2024-09-27
IBU400,Central_Warehouse,756,60,332,7,2024-09-27
MET850,Central_Warehouse,727,60,57,7,2024-09-27
CTZ010,Central_Warehouse,538,59,281,7,2024-09-27
OMP020,Central_Warehouse,347,58,51,7,2024-09-27
AZI250,Central_Warehouse,105,62,128,7,2024-09-27
DOL650,Central_Warehouse,794,101,257,7,2024-09-27
PAN040,Central_Warehouse,244,63,317,7,2024-09-27
ASP075,Central_Warehouse,656,63,68,7,2024-09-27
PCM001,Central_Warehouse,994,115,34,7,2024-09-28
AMX500,Central_Warehouse,889,71,195,7,2024-09-28
IBU400,Central_Warehouse,426,71,268,7,2024-09-28
MET850,Central_Warehouse,588,76,99,7,2024-09-28
CTZ010,Central_Warehouse,241,76,103,7,2024-09-28
OMP020,Central_Warehouse,149,72,293,7,2024-09-28
AZI250,Central_Warehouse,411,70,85,7,2024-09-28
DOL650,Central_Warehouse,115,118,77,7,2024-09-28
PAN040,Central_Warehouse,742,76,336,7,2024-09-28
ASP075,Central_Warehouse,146,74,38,7,2024-09-28
PCM001,Central_Warehouse,693,120,170,7,2024-09-29
AMX500,Central_Warehouse,932,69,127,7,2024-09-29
IBU400,Central_Warehouse,792,74,39,7,2024-09-29
MET850,Central_Warehouse,866,71,181,7,2024-09-29
CTZ010,Central_Warehouse,571,76,45,7,2024-09-29
OMP020,Central_Warehouse,204,72,261,7,2024-09-29
AZI250,Central_Warehouse,273,76,283,7,2024-09-29
DOL650,Central_Warehouse,309,118,118,7,2024-09-29
PAN040,Central_Warehouse,988,76,238,7,2024-09-29
ASP075,Central_Warehouse,261,76,282,7,2024-09-29
PCM001,Central_Warehouse,728,86,167,7,2024-09-30
AMX500,Central_Warehouse,490,57,278,7,2024-09-30
IBU400,Central_Warehouse,956,56,99,7,2024-09-30
MET850,Central_Warehouse,902,56,235,7,2024-09-30
CTZ010,Central_Warehouse,961,54,291,7,2024-09-30
OMP020,Central_Warehouse,639,53,172,7,2024-09-30
AZI250,Central_Warehouse,779,55,42,7,2024-09-30
DOL650,Central_Warehouse,997,91,201,7,2024-09-30
PAN040,Central_Warehouse,724,52,75,7,2024-09-30
ASP075,Central_Warehouse,272,56,263,7,2024-09-30
PCM001,Central_Warehouse,855,137,51,7,2024-10-01
AMX500,Central_Warehouse,278,83,131,7,2024-10-01
IBU400,Central_Warehouse,218,82,258,7,2024-10-01
MET850,Central_Warehouse,979,87,154,7,2024-10-01
CTZ010,Central_Warehouse,197,89,101,7,2024-10-01
OMP020,Central_Warehouse,910,85,161,7,2024-10-01
AZI250,Central_Warehouse,671,86,306,7,2024-10-01
DOL650,Central_Warehouse,567,140,249,7,2024-10-01
PAN040,Central_Warehouse,514,85,232,7,2024-10-01
ASP075,Central_Warehouse,876,86,290,7,2024-10-01
PCM001,Central_Warehouse,499,139,317,7,2024-10-02
AMX500,Central_Warehouse,426,88,288,7,2024-10-02
IBU400,Central_Warehouse,199,85,104,7,2024-10-02
MET850,Central_Warehouse,250,89,311,7,2024-10-02
CTZ010,Central_Warehouse,229,84,55,7,2024-10-02
OMP020,Central_Warehouse,566,83,86,7,2024-10-02
AZI250,Central_Warehouse,556,85,107,7,2024-10-02
DOL650,Central_Warehouse,980,131,123,7,2024-10-02
PAN040,Central_Warehouse,198,84,136,7,2024-10-02
ASP075,Central_Warehouse,163,86,136,7,2024-10-02
PCM001,Central_Warehouse,292,140,185,7,2024-10-03
AMX500,Central_Warehouse,387,89,309,7,2024-10-03
IBU400,Central_Warehouse,858,85,264,7,2024-10-03
MET850,Central_Warehouse,969,86,221,7,2024-10-03
CTZ010,Central_Warehouse,877,88,86,7,2024-10-03
OMP020,Central_Warehouse,876,88,365,7,2024-10-03
AZI250,Central_Warehouse,430,82,173,7,2024-10-03
DOL650,Central_Warehouse,340,134,264,7,2024-10-03
PAN040,Central_Warehouse,848,84,69,7,2024-10-03
ASP075,Central_Warehouse,694,85,118,7,2024-10-03
PCM001,Central_Warehouse,668,144,273,7,2024-10-04
AMX500,Central_Warehouse,355,81,180,7,2024-10-04
IBU400,Central_Warehouse,561,88,234,7,2024-10-04
MET850,Central_Warehouse,460,84,144,7,2024-10-04
CTZ010,Central_Warehouse,750,89,202,7,2024-10-04
OMP020,Central_Warehouse,569,88,88,7,2024-10-04
AZI250,Central_Warehouse,132,87,201,7,2024-10-04
DOL650,Central_Warehouse,640,132,255,7,2024-10-04
PAN040,Central_Warehouse,195,85,172,7,2024-10-04
ASP075,Central_Warehouse,382,87,351,7,2024-10-04
PCM001,Central_Warehouse,505,173,179,7,2024-10-05
AMX500,Central_Warehouse,716,104,54,7,2024-10-05
IBU400,Central_Warehouse,896,104,216,7,2024-10-05
MET850,Central_Warehouse,458,107,120,7,2024-10-05
CTZ010,Central_Warehouse,975,102,93,7,2024-10-05
OMP020,Central_Warehouse,677,107,82,7,2024-10-05
AZI250,Central_Warehouse,590,103,300,7,2024-10-05
DOL650,Central_Warehouse,449,160,252,7,2024-10-05
PAN040,Central_Warehouse,933,107,135,7,2024-10-05
ASP075,Central_Warehouse,957,106,215,7,2024-10-05
PCM001,Central_Warehouse,919,160,115,7,2024-10-06
AMX500,Central_Warehouse,563,107,135,7,2024-10-06
IBU400,Central_Warehouse,306,102,282,7,2024-10-06
MET850,Central_Warehouse,653,99,361,7,2024-10-06
CTZ010,Central_Warehouse,562,104,282,7,2024-10-06
OMP020,Central_Warehouse,598,101,205,7,2024-10-06
AZI250,Central_Warehouse,511,98,119,7,2024-10-06
DOL650,Central_Warehouse,246,170,285,7,2024-10-06
PAN040,Central_Warehouse,758,103,79,7,2024-10-06
ASP075,Central_Warehouse,375,104,36,7,2024-10-06
PCM001,Central_Warehouse,811,126,359,7,2024-10-07
AMX500,Central_Warehouse,413,78,203,7,2024-10-07
IBU400,Central_Warehouse,962,79,148,7,2024-10-07
MET850,Central_Warehouse,496,80,39,7,2024-10-07
CTZ010,Central_Warehouse,253,74,188,7,2024-10-07
OMP020,Central_Warehouse,755,75,340,7,2024-10-07
AZI250,Central_Warehouse,873,77,105,7,2024-10-07
DOL650,Central_Warehouse,154,120,213,7,2024-10-07
PAN040,Central_Warehouse,278,76,183,7,2024-10-07
ASP075,Central_Warehouse,312,75,187,7,2024-10-07
PCM001,Central_Warehouse,471,138,101,7,2024-10-08
AMX500,Central_Warehouse,651,89,113,7,2024-10-08
IBU400,Central_Warehouse,405,86,82,7,2024-10-08
MET850,Central_Warehouse,271,82,218,7,2024-10-08
CTZ010,Central_Warehouse,388,87,275,7,2024-10-08
OMP020,Central_Warehouse,618,86,344,7,2024-10-08
AZI250,Central_Warehouse,681,82,231,7,2024-10-08
DOL650,Central_Warehouse,143,143,195,7,2024-10-08
PAN040,Central_Warehouse,835,83,344,7,2024-10-08
ASP075,Central_Warehouse,942,83,60,7,2024-10-08
PCM001,Central_Warehouse,152,132,162,7,2024-10-09
AMX500,Central_Warehouse,704,83,302,7,2024-10-09
IBU400,Central_Warehouse,506,85,313,7,2024-10-09
MET850,Central_Warehouse,452,83,213,7,2024-10-09
CTZ010,Central_Warehouse,333,85,236,7,2024-10-09
OMP020,Central_Warehouse,976,87,151,7,2024-10-09
AZI250,Central_Warehouse,970,82,247,7,2024-10-09
DOL650,Central_Warehouse,482,134,326,7,2024-10-09
PAN040,Central_Warehouse,182,87,70,7,2024-10-09
ASP075,Central_Warehouse,714,88,325,7,2024-10-09
PCM001,Central_Warehouse,153,144,191,7,2024-10-10
AMX500,Central_Warehouse,528,85,253,7,2024-10-10
IBU400,Central_Warehouse,150,84,197,7,2024-10-10
MET850,Central_Warehouse,679,84,98,7,2024-10-10
CTZ010,Central_Warehouse,763,86,173,7,2024-10-10
OMP020,Central_Warehouse,128,82,337,7,2024-10-10
AZI250,Central_Warehouse,308,90,220,7,2024-10-10
DOL650,Central_Warehouse,302,139,188,7,2024-10-10
PAN040,Central_Warehouse,785,85,58,7,2024-10-10
ASP075,Central_Warehouse,663,87,100,7,2024-10-10
PCM001,Central_Warehouse,281,137,153,7,2024-10-11
AMX500,Central_Warehouse,770,85,50,7,2024-10-11
IBU400,Central_Warehouse,381,88,339,7,2024-10-11
MET850,Central_Warehouse,823,84,181,7,2024-10-11
CTZ010,Central_Warehouse,447,88,122,7,2024-10-11
OMP020,Central_Warehouse,195,90,250,7,2024-10-11
AZI250,Central_Warehouse,723,84,226,7,2024-10-11
DOL650,Central_Warehouse,896,139,165,7,2024-10-11
PAN040,Central_Warehouse,864,82,156,7,2024-10-11
ASP075,Central_Warehouse,967,82,253,7,2024-10-11
PCM001,Central_Warehouse,517,173,299,7,2024-10-12
AMX500,Central_Warehouse,974,107,344,7,2024-10-12
IBU400,Central_Warehouse,661,100,148,7,2024-10-12
MET850,Central_Warehouse,999,100,37,7,2024-10-12
CTZ010,Central_Warehouse,358,99,179,7,2024-10-12
OMP020,Central_Warehouse,147,98,154,7,2024-10-12
AZI250,Central_Warehouse,898,104,343,7,2024-10-12
DOL650,Central_Warehouse,441,159,253,7,2024-10-12
PAN040,Central_Warehouse,828,102,314,7,2024-10-12
ASP075,Central_Warehouse,501,106,251,7,2024-10-12
PCM001,Central_Warehouse,326,163,173,7,2024-10-13
AMX500,Central_Warehouse,360,99,239,7,2024-10-13
IBU400,Central_Warehouse,876,106,49,7,2024-10-13
MET850,Central_Warehouse,719,103,364,7,2024-10-13
CTZ010,Central_Warehouse,792,101,323,7,2024-10-13
OMP020,Central_Warehouse,352,106,211,7,2024-10-13
AZI250,Central_Warehouse,938,100,287,7,2024-10-13
DOL650,Central_Warehouse,343,165,47,7,2024-10-13
PAN040,Central_Warehouse,616,106,338,7,2024-10-13
ASP075,Central_Warehouse,750,102,282,7,2024-10-13
PCM001,Central_Warehouse,199,119,312,7,2024-10-14
AMX500,Central_Warehouse,784,78,256,7,2024-10-14
IBU400,Central_Warehouse,827,78,69,7,2024-10-14
MET850,Central_Warehouse,879,74,326,7,2024-10-14
CTZ010,Central_Warehouse,785,79,361,7,2024-10-14
OMP020,Central_Warehouse,889,75,142,7,2024-10-14
AZI250,Central_Warehouse,786,78,181,7,2024-10-14
DOL650,Central_Warehouse,1000,125,338,7,2024-10-14
PAN040,Central_Warehouse,111,79,248,7,2024-10-14
ASP075,Central_Warehouse,406,78,282,7,2024-10-14
PCM001,Central_Warehouse,852,141,280,7,2024-10-15
AMX500,Central_Warehouse,789,87,68,7,2024-10-15
IBU400,Central_Warehouse,858,84,310,7,2024-10-15
MET850,Central_Warehouse,326,88,215,7,2024-10-15
CTZ010,Central_Warehouse,575,82,117,7,2024-10-15
OMP020,Central_Warehouse,398,86,144,7,2024-10-15
AZI250,Central_Warehouse,182,87,96,7,2024-10-15
DOL650,Central_Warehouse,473,139,259,7,2024-10-15
PAN040,Central_Warehouse,524,82,354,7,2024-10-15
ASP075,Central_Warehouse,716,88,350,7,2024-10-15
PCM001,Central_Warehouse,659,138,327,7,2024-10-16
AMX500,Central_Warehouse,531,88,196,7,2024-10-16
IBU400,Central_Warehouse,784,84,290,7,2024-10-16
MET850,Central_Warehouse,731,87,199,7,2024-10-16
CTZ010,Central_Warehouse,390,88,112,7,2024-10-16
OMP020,Central_Warehouse,532,86,142,7,2024-10-16
AZI250,Central_Warehouse,493,86,283,7,2024-10-16
DOL650,Central_Warehouse,804,134,185,7,2024-10-16
PAN040,Central_Warehouse,738,84,173,7,2024-10-16
ASP075,Central_Warehouse,577,83,73,7,2024-10-16
PCM001,Central_Warehouse,947,145,92,7,2024-10-17
AMX500,Central_Warehouse,256,86,228,7,2024-10-17
IBU400,Central_Warehouse,616,88,55,7,2024-10-17
MET850,Central_Warehouse,638,83,129,7,2024-10-17
CTZ010,Central_Warehouse,599,85,223,7,2024-10-17
OMP020,Central_Warehouse,114,89,137,7,2024-10-17
AZI250,Central_Warehouse,690,84,127,7,2024-10-17
DOL650,Central_Warehouse,410,140,341,7,2024-10-17
PAN040,Central_Warehouse,574,87,32,7,2024-10-17
ASP075,Central_Warehouse,208,84,242,7,2024-10-17
PCM001,Central_Warehouse,686,133,196,7,2024-10-18
AMX500,Central_Warehouse,305,89,324,7,2024-10-18
IBU400,Central_Warehouse,228,85,160,7,2024-10-18
MET850,Central_Warehouse,239,85,56,7,2024-10-18
CTZ010,Central_Warehouse,209,83,100,7,2024-10-18
OMP020,Central_Warehouse,705,87,71,7,2024-10-18
AZI250,Central_Warehouse,605,91,269,7,2024-10-18
DOL650,Central_Warehouse,609,138,332,7,2024-10-18
PAN040,Central_Warehouse,977,87,240,7,2024-10-18
ASP075,Central_Warehouse,365,88,210,7,2024-10-18
PCM001,Central_Warehouse,385,160,106,7,2024-10-19
AMX500,Central_Warehouse,605,105,334,7,2024-10-19
IBU400,Central_Warehouse,692,99,364,7,2024-10-19
MET850,Central_Warehouse,254,108,257,7,2024-10-19
CTZ010,Central_Warehouse,582,99,97,7,2024-10-19
OMP020,Central_Warehouse,381,107,120,7,2024-10-19
AZI250,Central_Warehouse,927,102,67,7,2024-10-19
DOL650,Central_Warehouse,437,174,305,7,2024-10-19
PAN040,Central_Warehouse,675,107,125,7,2024-10-19
ASP075,Central_Warehouse,255,107,239,7,2024-10-19
PCM001,Central_Warehouse,759,170,49,7,2024-10-20
AMX500,Central_Warehouse,269,100,241,7,2024-10-20
IBU400,Central_Warehouse,261,103,171,7,2024-10-20
MET850,Central_Warehouse,391,106,328,7,2024-10-20
CTZ010,Central_Warehouse,105,108,344,7,2024-10-20
OMP020,Central_Warehouse,815,108,259,7,2024-10-20
AZI250,Central_Warehouse,667,105,318,7,2024-10-20
DOL650,Central_Warehouse,367,172,36,7,2024-10-20
PAN040,Central_Warehouse,421,108,252,7,2024-10-20
ASP075,Central_Warehouse,672,99,198,7,2024-10-20
PCM001,Central_Warehouse,770,125,135,7,2024-10-21
AMX500,Central_Warehouse,401,77,358,7,2024-10-21
IBU400,Central_Warehouse,961,77,161,7,2024-10-21
MET850,Central_Warehouse,665,79,306,7,2024-10-21
CTZ010,Central_Warehouse,668,80,365,7,2024-10-21
OMP020,Central_Warehouse,164,75,319,7,2024-10-21
AZI250,Central_Warehouse,751,74,275,7,2024-10-21
DOL650,Central_Warehouse,148,121,151,7,2024-10-21
PAN040,Central_Warehouse,214,80,293,7,2024-10-21
ASP075,Central_Warehouse,574,79,238,7,2024-10-21
PCM001,Central_Warehouse,758,143,255,7,2024-10-22
AMX500,Central_Warehouse,120,88,126,7,2024-10-22
IBU400,Central_Warehouse,575,84,71,7,2024-10-22
MET850,Central_Warehouse,413,85,323,7,2024-10-22
CTZ010,Central_Warehouse,731,91,60,7,2024-10-22
OMP020,Central_Warehouse,675,84,164,7,2024-10-22
AZI250,Central_Warehouse,386,90,86,7,2024-10-22
DOL650,Central_Warehouse,469,145,329,7,2024-10-22
PAN040,Central_Warehouse,315,86,32,7,2024-10-22
ASP075,Central_Warehouse,346,88,220,7,2024-10-22
PCM001,Central_Warehouse,464,140,35,7,2024-10-23
AMX500,Central_Warehouse,417,83,96,7,2024-10-23
IBU400,Central_Warehouse,858,83,178,7,2024-10-23
MET850,Central_Warehouse,799,85,71,7,2024-10-23
CTZ010,Central_Warehouse,864,85,324,7,2024-10-23
OMP020,Central_Warehouse,585,83,363,7,2024-10-23
AZI250,Central_Warehouse,483,85,123,7,2024-10-23
DOL650,Central_Warehouse,674,140,345,7,2024-10-23
PAN040,Central_Warehouse,219,89,34,7,2024-10-23
ASP075,Central_Warehouse,212,90,245,7,2024-10-23
PCM001,Central_Warehouse,348,137,49,7,2024-10-24
AMX500,Central_Warehouse,556,84,289,7,2024-10-24
IBU400,Central_Warehouse,704,86,145,7,2024-10-24
MET850,Central_Warehouse,346,84,46,7,2024-10-24
CTZ010,Central_Warehouse,442,88,330,7,2024-10-24
OMP020,Central_Warehouse,324,87,351,7,2024-10-24
AZI250,Central_Warehouse,331,87,311,7,2024-10-24
DOL650,Central_Warehouse,672,143,359,7,2024-10-24
PAN040,Central_Warehouse,697,87,224,7,2024-10-24
ASP075,Central_Warehouse,568,83,30,7,2024-10-24
PCM001,Central_Warehouse,272,144,30,7,2024-10-25
AMX500,Central_Warehouse,940,84,168,7,2024-10-25
IBU400,Central_Warehouse,155,85,301,7,2024-10-25
MET850,Central_Warehouse,941,83,321,7,2024-10-25
CTZ010,Central_Warehouse,879,89,41,7,2024-10-25
OMP020,Central_Warehouse,235,87,196,7,2024-10-25
AZI250,Central_Warehouse,555,90,287,7,2024-10-25
DOL650,Central_Warehouse,796,133,319,7,2024-10-25
PAN040,Central_Warehouse,844,85,159,7,2024-10-25
ASP075,Central_Warehouse,320,87,94,7,2024-10-25
PCM001,Central_Warehouse,688,164,32,7,2024-10-26
AMX500,Central_Warehouse,406,109,159,7,2024-10-26
IBU400,Central_Warehouse,672,109,303,7,2024-10-26
MET850,Central_Warehouse,149,100,316,7,2024-10-26
CTZ010,Central_Warehouse,793,107,118,7,2024-10-26
OMP020,Central_Warehouse,308,108,344,7,2024-10-26
AZI250,Central_Warehouse,133,102,107,7,2024-10-26
DOL650,Central_Warehouse,923,169,130,7,2024-10-26
PAN040,Central_Warehouse,197,100,237,7,2024-10-26
ASP075,Central_Warehouse,585,109,292,7,2024-10-26
PCM001,Central_Warehouse,256,164,245,7,2024-10-27
AMX500,Central_Warehouse,515,103,293,7,2024-10-27
IBU400,Central_Warehouse,241,109,122,7,2024-10-27
MET850,Central_Warehouse,492,107,290,7,2024-10-27
CTZ010,Central_Warehouse,573,106,30,7,2024-10-27
OMP020,Central_Warehouse,760,101,284,7,2024-10-27
AZI250,Central_Warehouse,669,107,148,7,2024-10-27
DOL650,Central_Warehouse,390,161,129,7,2024-10-27
PAN040,Central_Warehouse,478,109,110,7,2024-10-27
ASP075,Central_Warehouse,732,105,256,7,2024-10-27
PCM001,Central_Warehouse,744,124,132,7,2024-10-28
AMX500,Central_Warehouse,993,77,68,7,2024-10-28
IBU400,Central_Warehouse,808,76,225,7,2024-10-28
MET850,Central_Warehouse,151,79,47,7,2024-10-28
CTZ010,Central_Warehouse,700,81,336,7,2024-10-28
OMP020,Central_Warehouse,435,77,257,7,2024-10-28
AZI250,Central_Warehouse,422,80,69,7,2024-10-28
DOL650,Central_Warehouse,252,127,89,7,2024-10-28
PAN040,Central_Warehouse,419,77,89,7,2024-10-28
ASP075,Central_Warehouse,473,81,132,7,2024-10-28
PCM001,Central_Warehouse,777,133,118,7,2024-10-29
AMX500,Central_Warehouse,895,87,208,7,2024-10-29
IBU400,Central_Warehouse,444,87,65,7,2024-10-29
MET850,Central_Warehouse,412,87,239,7,2024-10-29
CTZ010,Central_Warehouse,613,87,115,7,2024-10-29
OMP020,Central_Warehouse,762,85,137,7,2024-10-29
AZI250,Central_Warehouse,143,85,66,7,2024-10-29
DOL650,Central_Warehouse,148,140,74,7,2024-10-29
PAN040,Central_Warehouse,870,88,310,7,2024-10-29
ASP075,Central_Warehouse,734,90,355,7,2024-10-29
PCM001,Central_Warehouse,137,146,38,7,2024-10-30
AMX500,Central_Warehouse,129,89,70,7,2024-10-30
IBU400,Central_Warehouse,282,91,264,7,2024-10-30
MET850,Central_Warehouse,607,84,87,7,2024-10-30
CTZ010,Central_Warehouse,805,90,302,7,2024-10-30
OMP020,Central_Warehouse,182,85,150,7,2024-10-30
AZI250,Central_Warehouse,638,83,130,7,2024-10-30
DOL650,Central_Warehouse,420,143,240,7,2024-10-30
PAN040,Central_Warehouse,779,90,152,7,2024-10-30
ASP075,Central_Warehouse,493,90,309,7,2024-10-30
PCM001,Central_Warehouse,228,143,32,7,2024-10-31
AMX500,Central_Warehouse,850,85,222,7,2024-10-31
IBU400,Central_Warehouse,251,89,346,7,2024-10-31
MET850,Central_Warehouse,652,88,161,7,2024-10-31
CTZ010,Central_Warehouse,759,84,207,7,2024-10-31
OMP020,Central_Warehouse,930,91,345,7,2024-10-31
AZI250,Central_Warehouse,735,86,57,7,2024-10-31
DOL650,Central_Warehouse,899,134,264,7,2024-10-31
PAN040,Central_Warehouse,336,88,49,7,2024-10-31
ASP075,Central_Warehouse,219,91,102,7,2024-10-31
PCM001,Central_Warehouse,380,139,123,7,2024-11-01
AMX500,Central_Warehouse,547,85,159,7,2024-11-01
IBU400,Central_Warehouse,386,88,202,7,2024-11-01
MET850,Central_Warehouse,366,88,92,7,2024-11-01
CTZ010,Central_Warehouse,509,86,171,7,2024-11-01
OMP020,Central_Warehouse,866,91,284,7,2024-11-01
AZI250,Central_Warehouse,351,89,239,7,2024-11-01
DOL650,Central_Warehouse,907,138,150,7,2024-11-01
PAN040,Central_Warehouse,131,86,136,7,2024-11-01
ASP075,Central_Warehouse,227,84,92,7,2024-11-01
PCM001,Central_Warehouse,592,173,55,7,2024-11-02
AMX500,Central_Warehouse,240,101,99,7,2024-11-02
IBU400,Central_Warehouse,303,110,209,7,2024-11-02
MET850,Central_Warehouse,847,101,348,7,2024-11-02
CTZ010,Central_Warehouse,502,101,354,7,2024-11-02
OMP020,Central_Warehouse,435,100,220,7,2024-11-02
AZI250,Central_Warehouse,514,104,283,7,2024-11-02
DOL650,Central_Warehouse,989,164,60,7,2024-11-02
PAN040,Central_Warehouse,151,105,156,7,2024-11-02
ASP075,Central_Warehouse,532,103,246,7,2024-11-02
PCM001,Central_Warehouse,234,170,172,7,2024-11-03
AMX500,Central_Warehouse,237,103,86,7,2024-11-03
IBU400,Central_Warehouse,834,105,281,7,2024-11-03
MET850,Central_Warehouse,530,109,163,7,2024-11-03
CTZ010,Central_Warehouse,251,100,219,7,2024-11-03
OMP020,Central_Warehouse,758,105,113,7,2024-11-03
AZI250,Central_Warehouse,818,102,365,7,2024-11-03
DOL650,Central_Warehouse,225,166,272,7,2024-11-03
PAN040,Central_Warehouse,109,108,156,7,2024-11-03
ASP075,Central_Warehouse,730,105,194,7,2024-11-03
PCM001,Central_Warehouse,259,131,312,7,2024-11-04
AMX500,Central_Warehouse,516,81,184,7,2024-11-04
IBU400,Central_Warehouse,526,76,284,7,2024-11-04
MET850,Central_Warehouse,103,75,318,7,2024-11-04
CTZ010,Central_Warehouse,260,82,176,7,2024-11-04
OMP020,Central_Warehouse,120,75,108,7,2024-11-04
AZI250,Central_Warehouse,436,77,123,7,2024-11-04
DOL650,Central_Warehouse,973,120,200,7,2024-11-04
PAN040,Central_Warehouse,764,79,236,7,2024-11-04
ASP075,Central_Warehouse,584,78,87,7,2024-11-04
PCM001,Central_Warehouse,846,135,311,7,2024-11-05
AMX500,Central_Warehouse,134,91,246,7,2024-11-05
IBU400,Central_Warehouse,162,83,189,7,2024-11-05
MET850,Central_Warehouse,636,91,184,7,2024-11-05
CTZ010,Central_Warehouse,482,84,31,7,2024-11-05
OMP020,Central_Warehouse,121,91,252,7,2024-11-05
AZI250,Central_Warehouse,579,86,239,7,2024-11-05
DOL650,Central_Warehouse,978,136,309,7,2024-11-05
PAN040,Central_Warehouse,256,91,209,7,2024-11-05
ASP075,Central_Warehouse,192,87,136,7,2024-11-05
PCM001,Central_Warehouse,368,141,198,7,2024-11-06
AMX500,Central_Warehouse,728,88,45,7,2024-11-06
IBU400,Central_Warehouse,493,90,364,7,2024-11-06
MET850,Central_Warehouse,735,86,87,7,2024-11-06
CTZ010,Central_Warehouse,532,87,239,7,2024-11-06
OMP020,Central_Warehouse,891,87,167,7,2024-11-06
AZI250,Central_Warehouse,517,84,149,7,2024-11-06
DOL650,Central_Warehouse,475,145,155,7,2024-11-06
PAN040,Central_Warehouse,862,89,315,7,2024-11-06
ASP075,Central_Warehouse,657,91,170,7,2024-11-06
PCM001,Central_Warehouse,822,136,96,7,2024-11-07
AMX500,Central_Warehouse,700,84,161,7,2024-11-07
IBU400,Central_Warehouse,535,91,342,7,2024-11-07
MET850,Central_Warehouse,317,88,86,7,2024-11-07
CTZ010,Central_Warehouse,443,88,67,7,2024-11-07
OMP020,Central_Warehouse,883,84,333,7,2024-11-07
AZI250,Central_Warehouse,535,91,91,7,2024-11-07
DOL650,Central_Warehouse,640,135,133,7,2024-11-07
PAN040,Central_Warehouse,618,87,44,7,2024-11-07
ASP075,Central_Warehouse,569,90,65,7,2024-11-07
PCM001,Central_Warehouse,836,135,291,7,2024-11-08
AMX500,Central_Warehouse,239,85,151,7,2024-11-08
IBU400,Central_Warehouse,941,85,122,7,2024-11-08
MET850,Central_Warehouse,396,90,224,7,2024-11-08
CTZ010,Central_Warehouse,335,84,199,7,2024-11-08
OMP020,Central_Warehouse,531,89,92,7,2024-11-08
AZI250,Central_Warehouse,912,85,117,7,2024-11-08
DOL650,Central_Warehouse,273,141,142,7,2024-11-08
PAN040,Central_Warehouse,154,85,294,7,2024-11-08
ASP075,Central_Warehouse,641,88,50,7,2024-11-08
PCM001,Central_Warehouse,465,170,178,7,2024-11-09
AMX500,Central_Warehouse,396,109,131,7,2024-11-09
IBU400,Central_Warehouse,148,103,109,7,2024-11-09
MET850,Central_Warehouse,477,101,199,7,2024-11-09
CTZ010,Central_Warehouse,929,105,333,7,2024-11-09
OMP020,Central_Warehouse,485,108,302,7,2024-11-09
AZI250,Central_Warehouse,715,106,208,7,2024-11-09
DOL650,Central_Warehouse,950,172,140,7,2024-11-09
PAN040,Central_Warehouse,768,110,180,7,2024-11-09
ASP075,Central_Warehouse,920,103,169,7,2024-11-09
PCM001,Central_Warehouse,942,162,288,7,2024-11-10
AMX500,Central_Warehouse,711,107,180,7,2024-11-10
IBU400,Central_Warehouse,452,106,182,7,2024-11-10
MET850,Central_Warehouse,249,109,76,7,2024-11-10
CTZ010,Central_Warehouse,141,110,197,7,2024-11-10
OMP020,Central_Warehouse,601,104,162,7,2024-11-10
AZI250,Central_Warehouse,988,109,104,7,2024-11-10
DOL650,Central_Warehouse,105,169,188,7,2024-11-10
PAN040,Central_Warehouse,998,106,227,7,2024-11-10
ASP075,Central_Warehouse,846,107,35,7,2024-11-10
PCM001,Central_Warehouse,241,130,97,7,2024-11-11
AMX500,Central_Warehouse,105,80,72,7,2024-11-11
IBU400,Central_Warehouse,227,81,56,7,2024-11-11
MET850,Central_Warehouse,898,77,75,7,2024-11-11
CTZ010,Central_Warehouse,279,81,179,7,2024-11-11
OMP020,Central_Warehouse,175,81,217,7,2024-11-11
AZI250,Central_Warehouse,314,78,57,7,2024-11-11
DOL650,Central_Warehouse,472,126,361,7,2024-11-11
PAN040,Central_Warehouse,718,82,133,7,2024-11-11
ASP075,Central_Warehouse,186,79,327,7,2024-11-11
PCM001,Central_Warehouse,870,136,320,7,2024-11-12
AMX500,Central_Warehouse,794,90,172,7,2024-11-12
IBU400,Central_Warehouse,973,89,218,7,2024-11-12
MET850,Central_Warehouse,145,89,272,7,2024-11-12
CTZ010,Central_Warehouse,732,90,322,7,2024-11-12
OMP020,Central_Warehouse,739,84,102,7,2024-11-12
AZI250,Central_Warehouse,215,90,167,7,2024-11-12
DOL650,Central_Warehouse,443,144,200,7,2024-11-12
PAN040,Central_Warehouse,334,84,189,7,2024-11-12
ASP075,Central_Warehouse,591,87,200,7,2024-11-12
PCM001,Central_Warehouse,486,135,338,7,2024-11-13
AMX500,Central_Warehouse,347,86,237,7,2024-11-13
IBU400,Central_Warehouse,661,86,72,7,2024-11-13
MET850,Central_Warehouse,167,92,215,7,2024-11-13
CTZ010,Central_Warehouse,644,92,126,7,2024-11-13
OMP020,Central_Warehouse,615,90,203,7,2024-11-13
AZI250,Central_Warehouse,737,84,95,7,2024-11-13
DOL650,Central_Warehouse,325,137,39,7,2024-11-13
PAN040,Central_Warehouse,352,88,212,7,2024-11-13
ASP075,Central_Warehouse,526,84,269,7,2024-11-13
PCM001,Central_Warehouse,346,138,138,7,2024-11-14
AMX500,Central_Warehouse,276,85,43,7,2024-11-14
IBU400,Central_Warehouse,559,92,218,7,2024-11-14
MET850,Central_Warehouse,817,83,130,7,2024-11-14
CTZ010,Central_Warehouse,233,88,118,7,2024-11-14
OMP020,Central_Warehouse,345,89,239,7,2024-11-14
AZI250,Central_Warehouse,294,87,112,7,2024-11-14
DOL650,Central_Warehouse,434,145,217,7,2024-11-14
PAN040,Central_Warehouse,927,88,68,7,2024-11-14
ASP075,Central_Warehouse,907,84,103,7,2024-11-14
PCM001,Central_Warehouse,397,138,266,7,2024-11-15
AMX500,Central_Warehouse,568,87,196,7,2024-11-15
IBU400,Central_Warehouse,309,84,113,7,2024-11-15
MET850,Central_Warehouse,414,88,215,7,2024-11-15
CTZ010,Central_Warehouse,236,91,151,7,2024-11-15
OMP020,Central_Warehouse,336,91,68,7,2024-11-15
AZI250,Central_Warehouse,188,89,164,7,2024-11-15
DOL650,Central_Warehouse,665,144,279,7,2024-11-15
PAN040,Central_Warehouse,615,90,160,7,2024-11-15
ASP075,Central_Warehouse,558,86,45,7,2024-11-15
PCM001,Central_Warehouse,735,168,45,7,2024-11-16
AMX500,Central_Warehouse,467,104,306,7,2024-11-16
IBU400,Central_Warehouse,983,108,324,7,2024-11-16
MET850,Central_Warehouse,680,109,245,7,2024-11-16
CTZ010,Central_Warehouse,866,103,355,7,2024-11-16
OMP020,Central_Warehouse,300,103,193,7,2024-11-16
AZI250,Central_Warehouse,111,107,352,7,2024-11-16
DOL650,Central_Warehouse,453,170,358,7,2024-11-16
PAN040,Central_Warehouse,369,107,323,7,2024-11-16
ASP075,Central_Warehouse,613,107,159,7,2024-11-16
PCM001,Central_Warehouse,200,175,142,7,2024-11-17
AMX500,Central_Warehouse,352,110,37,7,2024-11-17
IBU400,Central_Warehouse,743,104,199,7,2024-11-17
MET850,Central_Warehouse,674,110,319,7,2024-11-17
CTZ010,Central_Warehouse,587,109,258,7,2024-11-17
OMP020,Central_Warehouse,795,103,148,7,2024-11-17
AZI250,Central_Warehouse,676,109,318,7,2024-11-17
DOL650,Central_Warehouse,980,170,261,7,2024-11-17
PAN040,Central_Warehouse,709,109,187,7,2024-11-17
ASP075,Central_Warehouse,365,104,351,7,2024-11-17
PCM001,Central_Warehouse,678,131,291,7,2024-11-18
AMX500,Central_Warehouse,594,82,250,7,2024-11-18
IBU400,Central_Warehouse,708,78,210,7,2024-11-18
MET850,Central_Warehouse,699,76,180,7,2024-11-18
CTZ010,Central_Warehouse,572,77,286,7,2024-11-18
OMP020,Central_Warehouse,632,79,197,7,2024-11-18
AZI250,Central_Warehouse,911,75,325,7,2024-11-18
DOL650,Central_Warehouse,136,130,82,7,2024-11-18
PAN040,Central_Warehouse,836,79,99,7,2024-11-18
ASP075,Central_Warehouse,460,76,38,7,2024-11-18
PCM001,Central_Warehouse,788,145,157,7,2024-11-19
AMX500,Central_Warehouse,575,87,30,7,2024-11-19
IBU400,Central_Warehouse,770,88,74,7,2024-11-19
MET850,Central_Warehouse,781,88,269,7,2024-11-19
CTZ010,Central_Warehouse,973,88,70,7,2024-11-19
OMP020,Central_Warehouse,405,90,280,7,2024-11-19
AZI250,Central_Warehouse,851,89,226,7,2024-11-19
DOL650,Central_Warehouse,981,143,202,7,2024-11-19
PAN040,Central_Warehouse,173,88,93,7,2024-11-19
ASP075,Central_Warehouse,755,92,60,7,2024-11-19
PCM001,Central_Warehouse,192,136,62,7,2024-11-20
AMX500,Central_Warehouse,801,92,112,7,2024-11-20
IBU400,Central_Warehouse,881,90,131,7,2024-11-20
MET850,Central_Warehouse,962,87,113,7,2024-11-20
CTZ010,Central_Warehouse,915,87,54,7,2024-11-20
OMP020,Central_Warehouse,696,87,169,7,2024-11-20
AZI250,Central_Warehouse,939,87,325,7,2024-11-20
DOL650,Central_Warehouse,509,139,182,7,2024-11-20
PAN040,Central_Warehouse,629,89,112,7,2024-11-20
ASP075,Central_Warehouse,126,90,188,7,2024-11-20
PCM001,Central_Warehouse,877,138,211,7,2024-11-21
AMX500,Central_Warehouse,449,87,47,7,2024-11-21
IBU400,Central_Warehouse,383,85,231,7,2024-11-21
MET850,Central_Warehouse,530,85,94,7,2024-11-21
CTZ010,Central_Warehouse,385,90,147,7,2024-11-21
OMP020,Central_Warehouse,903,86,33,7,2024-11-21
AZI250,Central_Warehouse,946,87,65,7,2024-11-21
DOL650,Central_Warehouse,925,141,71,7,2024-11-21
PAN040,Central_Warehouse,450,85,274,7,2024-11-21
ASP075,Central_Warehouse,361,88,332,7,2024-11-21
PCM001,Central_Warehouse,542,135,98,7,2024-11-22
AMX500,Central_Warehouse,815,87,73,7,2024-11-22
IBU400,Central_Warehouse,921,92,350,7,2024-11-22
MET850,Central_Warehouse,296,92,113,7,2024-11-22
CTZ010,Central_Warehouse,447,89,122,7,2024-11-22
OMP020,Central_Warehouse,703,92,240,7,2024-11-22
AZI250,Central_Warehouse,978,86,293,7,2024-11-22
DOL650,Central_Warehouse,185,147,141,7,2024-11-22
PAN040,Central_Warehouse,231,89,40,7,2024-11-22
ASP075,Central_Warehouse,553,92,335,7,2024-11-22
PCM001,Central_Warehouse,338,162,254,7,2024-11-23
AMX500,Central_Warehouse,564,109,322,7,2024-11-23
IBU400,Central_Warehouse,543,110,212,7,2024-11-23
MET850,Central_Warehouse,847,105,198,7,2024-11-23
CTZ010,Central_Warehouse,525,111,50,7,2024-11-23
OMP020,Central_Warehouse,510,101,131,7,2024-11-23
AZI250,Central_Warehouse,329,104,46,7,2024-11-23
DOL650,Central_Warehouse,915,176,173,7,2024-11-23
PAN040,Central_Warehouse,198,109,268,7,2024-11-23
ASP075,Central_Warehouse,976,101,266,7,2024-11-23
PCM001,Central_Warehouse,134,171,220,7,2024-11-24
AMX500,Central_Warehouse,699,107,180,7,2024-11-24
IBU400,Central_Warehouse,371,101,311,7,2024-11-24
MET850,Central_Warehouse,505,109,131,7,2024-11-24
CTZ010,Central_Warehouse,905,111,123,7,2024-11-24
OMP020,Central_Warehouse,924,105,109,7,2024-11-24
AZI250,Central_Warehouse,854,101,212,7,2024-11-24
DOL650,Central_Warehouse,641,165,210,7,2024-11-24
PAN040,Central_Warehouse,493,109,284,7,2024-11-24
ASP075,Central_Warehouse,177,111,328,7,2024-11-24
PCM001,Central_Warehouse,291,133,166,7,2024-11-25
AMX500,Central_Warehouse,134,80,147,7,2024-11-25
IBU400,Central_Warehouse,777,81,226,7,2024-11-25
MET850,Central_Warehouse,104,81,238,7,2024-11-25
CTZ010,Central_Warehouse,434,79,190,7,2024-11-25
OMP020,Central_Warehouse,529,76,266,7,2024-11-25
AZI250,Central_Warehouse,961,82,337,7,2024-11-25
DOL650,Central_Warehouse,417,124,43,7,2024-11-25
PAN040,Central_Warehouse,310,82,149,7,2024-11-25
ASP075,Central_Warehouse,796,83,257,7,2024-11-25
PCM001,Central_Warehouse,992,143,289,7,2024-11-26
AMX500,Central_Warehouse,906,85,325,7,2024-11-26
IBU400,Central_Warehouse,712,89,181,7,2024-11-26
MET850,Central_Warehouse,492,90,60,7,2024-11-26
CTZ010,Central_Warehouse,114,85,232,7,2024-11-26
OMP020,Central_Warehouse,920,85,191,7,2024-11-26
AZI250,Central_Warehouse,649,90,159,7,2024-11-26
DOL650,Central_Warehouse,715,135,67,7,2024-11-26
PAN040,Central_Warehouse,841,86,349,7,2024-11-26
ASP075,Central_Warehouse,302,89,329,7,2024-11-26
PCM001,Central_Warehouse,872,143,98,7,2024-11-27
AMX500,Central_Warehouse,227,85,267,7,2024-11-27
IBU400,Central_Warehouse,370,89,251,7,2024-11-27
MET850,Central_Warehouse,730,89,134,7,2024-11-27
CTZ010,Central_Warehouse,243,86,48,7,2024-11-27
OMP020,Central_Warehouse,342,84,207,7,2024-11-27
AZI250,Central_Warehouse,444,89,256,7,2024-11-27
DOL650,Central_Warehouse,184,145,176,7,2024-11-27
PAN040,Central_Warehouse,150,91,324,7,2024-11-27
ASP075,Central_Warehouse,301,91,112,7,2024-11-27
PCM001,Central_Warehouse,162,146,211,7,2024-11-28
AMX500,Central_Warehouse,133,91,280,7,2024-11-28
IBU400,Central_Warehouse,521,93,209,7,2024-11-28
MET850,Central_Warehouse,495,87,293,7,2024-11-28
CTZ010,Central_Warehouse,845,90,306,7,2024-11-28
OMP020,Central_Warehouse,617,90,164,7,2024-11-28
AZI250,Central_Warehouse,258,92,342,7,2024-11-28
DOL650,Central_Warehouse,473,136,230,7,2024-11-28
PAN040,Central_Warehouse,706,84,234,7,2024-11-28
ASP075,Central_Warehouse,625,84,145,7,2024-11-28
PCM001,Central_Warehouse,535,135,164,7,2024-11-29
AMX500,Central_Warehouse,791,86,303,7,2024-11-29
IBU400,Central_Warehouse,573,91,38,7,2024-11-29
MET850,Central_Warehouse,448,92,41,7,2024-11-29
CTZ010,Central_Warehouse,555,87,347,7,2024-11-29
OMP020,Central_Warehouse,912,88,219,7,2024-11-29
AZI250,Central_Warehouse,682,91,316,7,2024-11-29
DOL650,Central_Warehouse,615,144,106,7,2024-11-29
PAN040,Central_Warehouse,926,86,97,7,2024-11-29
ASP075,Central_Warehouse,768,87,39,7,2024-11-29
PCM001,Central_Warehouse,977,165,104,7,2024-11-30
AMX500,Central_Warehouse,890,108,285,7,2024-11-30
IBU400,Central_Warehouse,868,102,36,7,2024-11-30
MET850,Central_Warehouse,704,105,206,7,2024-11-30
CTZ010,Central_Warehouse,857,110,41,7,2024-11-30
OMP020,Central_Warehouse,912,106,305,7,2024-11-30
AZI250,Central_Warehouse,905,103,282,7,2024-11-30
DOL650,Central_Warehouse,659,163,183,7,2024-11-30
PAN040,Central_Warehouse,723,111,333,7,2024-11-30
ASP075,Central_Warehouse,364,105,274,7,2024-11-30
PCM001,Central_Warehouse,621,166,186,7,2024-12-01
AMX500,Central_Warehouse,481,110,83,7,2024-12-01
IBU400,Central_Warehouse,839,107,280,7,2024-12-01
MET850,Central_Warehouse,676,108,125,7,2024-12-01
CTZ010,Central_Warehouse,831,107,218,7,2024-12-01
OMP020,Central_Warehouse,811,110,297,7,2024-12-01
AZI250,Central_Warehouse,155,108,42,7,2024-12-01
DOL650,Central_Warehouse,953,172,242,7,2024-12-01
PAN040,Central_Warehouse,474,112,267,7,2024-12-01
ASP075,Central_Warehouse,120,107,255,7,2024-12-01
PCM001,Central_Warehouse,221,127,322,7,2024-12-02
AMX500,Central_Warehouse,849,82,241,7,2024-12-02
IBU400,Central_Warehouse,340,83,198,7,2024-12-02
MET850,Central_Warehouse,474,77,175,7,2024-12-02
CTZ010,Central_Warehouse,275,83,319,7,2024-12-02
OMP020,Central_Warehouse,536,80,276,7,2024-12-02
AZI250,Central_Warehouse,654,82,285,7,2024-12-02
DOL650,Central_Warehouse,804,134,227,7,2024-12-02
PAN040,Central_Warehouse,989,83,245,7,2024-12-02
ASP075,Central_Warehouse,408,82,61,7,2024-12-02
PCM001,Central_Warehouse,668,140,300,7,2024-12-03
AMX500,Central_Warehouse,310,88,133,7,2024-12-03
IBU400,Central_Warehouse,844,92,361,7,2024-12-03
MET850,Central_Warehouse,719,91,337,7,2024-12-03
CTZ010,Central_Warehouse,357,91,252,7,2024-12-03
OMP020,Central_Warehouse,659,86,362,7,2024-12-03
AZI250,Central_Warehouse,452,85,361,7,2024-12-03
DOL650,Central_Warehouse,497,139,205,7,2024-12-03
PAN040,Central_Warehouse,1000,85,203,7,2024-12-03
ASP075,Central_Warehouse,100,87,44,7,2024-12-03
PCM001,Central_Warehouse,951,138,54,7,2024-12-04
AMX500,Central_Warehouse,359,85,91,7,2024-12-04
IBU400,Central_Warehouse,914,86,331,7,2024-12-04
MET850,Central_Warehouse,341,89,192,7,2024-12-04
CTZ010,Central_Warehouse,717,93,39,7,2024-12-04
OMP020,Central_Warehouse,400,87,333,7,2024-12-04
AZI250,Central_Warehouse,506,85,184,7,2024-12-04
DOL650,Central_Warehouse,473,140,179,7,2024-12-04
PAN040,Central_Warehouse,148,85,329,7,2024-12-04
ASP075,Central_Warehouse,195,85,286,7,2024-12-04
PCM001,Central_Warehouse,960,148,198,7,2024-12-05
AMX500,Central_Warehouse,102,86,225,7,2024-12-05
IBU400,Central_Warehouse,707,91,168,7,2024-12-05
MET850,Central_Warehouse,207,92,211,7,2024-12-05
CTZ010,Central_Warehouse,175,86,120,7,2024-12-05
OMP020,Central_Warehouse,818,86,160,7,2024-12-05
AZI250,Central_Warehouse,342,88,238,7,2024-12-05
DOL650,Central_Warehouse,530,140,234,7,2024-12-05
PAN040,Central_Warehouse,643,93,71,7,2024-12-05
ASP075,Central_Warehouse,291,88,177,7,2024-12-05
PCM001,Central_Warehouse,340,140,61,7,2024-12-06
AMX500,Central_Warehouse,727,86,268,7,2024-12-06
IBU400,Central_Warehouse,145,90,203,7,2024-12-06
MET850,Central_Warehouse,710,88,113,7,2024-12-06
CTZ010,Central_Warehouse,241,87,59,7,2024-12-06
OMP020,Central_Warehouse,688,93,146,7,2024-12-06
AZI250,Central_Warehouse,616,88,268,7,2024-12-06
DOL650,Central_Warehouse,270,141,93,7,2024-12-06
PAN040,Central_Warehouse,830,85,69,7,2024-12-06
ASP075,Central_Warehouse,933,86,150,7,2024-12-06
PCM001,Central_Warehouse,525,165,184,7,2024-12-07
AMX500,Central_Warehouse,603,102,284,7,2024-12-07
IBU400,Central_Warehouse,672,103,231,7,2024-12-07
MET850,Central_Warehouse,481,108,330,7,2024-12-07
CTZ010,Central_Warehouse,731,107,305,7,2024-12-07
OMP020,Central_Warehouse,864,108,251,7,2024-12-07
AZI250,Central_Warehouse,710,112,255,7,2024-12-07
DOL650,Central_Warehouse,540,180,74,7,2024-12-07
PAN040,Central_Warehouse,814,108,232,7,2024-12-07
ASP075,Central_Warehouse,287,112,166,7,2024-12-07
PCM001,Central_Warehouse,692,164,51,7,2024-12-08
AMX500,Central_Warehouse,617,102,201,7,2024-12-08
IBU400,Central_Warehouse,388,110,280,7,2024-12-08
MET850,Central_Warehouse,546,105,298,7,2024-12-08
CTZ010,Central_Warehouse,225,108,216,7,2024-12-08
OMP020,Central_Warehouse,497,105,124,7,2024-12-08
AZI250,Central_Warehouse,793,109,169,7,2024-12-08
DOL650,Central_Warehouse,633,166,354,7,2024-12-08
PAN040,Central_Warehouse,421,112,200,7,2024-12-08
ASP075,Central_Warehouse,518,106,364,7,2024-12-08
PCM001,Central_Warehouse,444,123,42,7,2024-12-09
AMX500,Central_Warehouse,777,82,215,7,2024-12-09
IBU400,Central_Warehouse,119,79,33,7,2024-12-09
MET850,Central_Warehouse,933,77,352,7,2024-12-09
CTZ010,Central_Warehouse,729,84,213,7,2024-12-09
OMP020,Central_Warehouse,899,83,63,7,2024-12-09
AZI250,Central_Warehouse,823,84,139,7,2024-12-09
DOL650,Central_Warehouse,853,135,297,7,2024-12-09
PAN040,Central_Warehouse,142,77,216,7,2024-12-09
ASP075,Central_Warehouse,514,76,166,7,2024-12-09
PCM001,Central_Warehouse,370,150,87,7,2024-12-10
AMX500,Central_Warehouse,901,89,267,7,2024-12-10
IBU400,Central_Warehouse,150,86,351,7,2024-12-10
MET850,Central_Warehouse,745,89,160,7,2024-12-10
CTZ010,Central_Warehouse,272,90,287,7,2024-12-10
OMP020,Central_Warehouse,794,88,97,7,2024-12-10
AZI250,Central_Warehouse,888,86,280,7,2024-12-10
DOL650,Central_Warehouse,756,141,60,7,2024-12-10
PAN040,Central_Warehouse,756,90,229,7,2024-12-10
ASP075,Central_Warehouse,440,94,310,7,2024-12-10
PCM001,Central_Warehouse,269,149,258,7,2024-12-11
AMX500,Central_Warehouse,462,87,126,7,2024-12-11
IBU400,Central_Warehouse,926,87,251,7,2024-12-11
MET850,Central_Warehouse,260,90,56,7,2024-12-11
CTZ010,Central_Warehouse,636,86,107,7,2024-12-11
OMP020,Central_Warehouse,809,88,294,7,2024-12-11
AZI250,Central_Warehouse,596,86,30,7,2024-12-11
DOL650,Central_Warehouse,425,138,236,7,2024-12-11
PAN040,Central_Warehouse,388,91,153,7,2024-12-11
ASP075,Central_Warehouse,351,90,309,7,2024-12-11
PCM001,Central_Warehouse,991,140,131,7,2024-12-12
AMX500,Central_Warehouse,597,91,321,7,2024-12-12
IBU400,Central_Warehouse,155,87,206,7,2024-12-12
MET850,Central_Warehouse,303,91,60,7,2024-12-12
CTZ010,Central_Warehouse,355,88,223,7,2024-12-12
OMP020,Central_Warehouse,697,89,121,7,2024-12-12
AZI250,Central_Warehouse,530,87,179,7,2024-12-12
DOL650,Central_Warehouse,230,142,154,7,2024-12-12
PAN040,Central_Warehouse,134,90,134,7,2024-12-12
ASP075,Central_Warehouse,872,87,308,7,2024-12-12
PCM001,Central_Warehouse,641,136,254,7,2024-12-13
AMX500,Central_Warehouse,639,86,306,7,2024-12-13
IBU400,Central_Warehouse,974,89,249,7,2024-12-13
MET850,Central_Warehouse,690,85,274,7,2024-12-13
CTZ010,Central_Warehouse,658,91,131,7,2024-12-13
OMP020,Central_Warehouse,276,89,114,7,2024-12-13
AZI250,Central_Warehouse,986,85,321,7,2024-12-13
DOL650,Central_Warehouse,305,148,204,7,2024-12-13
PAN040,Central_Warehouse,423,87,312,7,2024-12-13
ASP075,Central_Warehouse,952,94,69,7,2024-12-13
PCM001,Central_Warehouse,335,164,318,7,2024-12-14
AMX500,Central_Warehouse,109,112,228,7,2024-12-14
IBU400,Central_Warehouse,130,111,200,7,2024-12-14
MET850,Central_Warehouse,773,107,203,7,2024-12-14
CTZ010,Central_Warehouse,243,112,249,7,2024-12-14
OMP020,Central_Warehouse,461,111,301,7,2024-12-14
AZI250,Central_Warehouse,193,104,239,7,2024-12-14
DOL650,Central_Warehouse,253,178,141,7,2024-12-14
PAN040,Central_Warehouse,465,105,272,7,2024-12-14
ASP075,Central_Warehouse,109,103,140,7,2024-12-14
PCM001,Central_Warehouse,177,173,126,7,2024-12-15
AMX500,Central_Warehouse,764,103,216,7,2024-12-15
IBU400,Central_Warehouse,988,110,174,7,2024-12-15
MET850,Central_Warehouse,595,106,154,7,2024-12-15
CTZ010,Central_Warehouse,557,103,244,7,2024-12-15
OMP020,Central_Warehouse,725,112,230,7,2024-12-15
AZI250,Central_Warehouse,805,103,72,7,2024-12-15
DOL650,Central_Warehouse,656,169,331,7,2024-12-15
PAN040,Central_Warehouse,477,105,207,7,2024-12-15
ASP075,Central_Warehouse,354,110,151,7,2024-12-15
PCM001,Central_Warehouse,359,131,246,7,2024-12-16
AMX500,Central_Warehouse,693,84,41,7,2024-12-16
IBU400,Central_Warehouse,633,82,223,7,2024-12-16
MET850,Central_Warehouse,407,83,93,7,2024-12-16
CTZ010,Central_Warehouse,736,84,199,7,2024-12-16
OMP020,Central_Warehouse,692,84,326,7,2024-12-16
AZI250,Central_Warehouse,218,82,204,7,2024-12-16
DOL650,Central_Warehouse,255,124,289,7,2024-12-16
PAN040,Central_Warehouse,757,78,217,7,2024-12-16
ASP075,Central_Warehouse,529,81,280,7,2024-12-16
PCM001,Central_Warehouse,821,139,349,7,2024-12-17
AMX500,Central_Warehouse,914,88,105,7,2024-12-17
IBU400,Central_Warehouse,629,92,156,7,2024-12-17
MET850,Central_Warehouse,892,87,221,7,2024-12-17
CTZ010,Central_Warehouse,407,92,289,7,2024-12-17
OMP020,Central_Warehouse,368,88,195,7,2024-12-17
AZI250,Central_Warehouse,656,91,62,7,2024-12-17
DOL650,Central_Warehouse,169,150,334,7,2024-12-17
PAN040,Central_Warehouse,422,90,352,7,2024-12-17
ASP075,Central_Warehouse,832,93,70,7,2024-12-17
PCM001,Central_Warehouse,834,146,138,7,2024-12-18
AMX500,Central_Warehouse,863,90,122,7,2024-12-18
IBU400,Central_Warehouse,830,93,108,7,2024-12-18
MET850,Central_Warehouse,173,85,282,7,2024-12-18
CTZ010,Central_Warehouse,468,89,139,7,2024-12-18
OMP020,Central_Warehouse,680,88,149,7,2024-12-18
AZI250,Central_Warehouse,524,90,39,7,2024-12-18
DOL650,Central_Warehouse,622,147,32,7,2024-12-18
PAN040,Central_Warehouse,315,91,297,7,2024-12-18
ASP075,Central_Warehouse,732,92,332,7,2024-12-18
PCM001,Central_Warehouse,383,145,108,7,2024-12-19
AMX500,Central_Warehouse,317,94,210,7,2024-12-19
IBU400,Central_Warehouse,590,87,36,7,2024-12-19
MET850,Central_Warehouse,601,92,298,7,2024-12-19
CTZ010,Central_Warehouse,989,92,332,7,2024-12-19
OMP020,Central_Warehouse,335,89,306,7,2024-12-19
AZI250,Central_Warehouse,974,87,353,7,2024-12-19
DOL650,Central_Warehouse,771,138,257,7,2024-12-19
PAN040,Central_Warehouse,231,85,71,7,2024-12-19
ASP075,Central_Warehouse,588,89,144,7,2024-12-19
PCM001,Central_Warehouse,351,142,259,7,2024-12-20
AMX500,Central_Warehouse,679,90,277,7,2024-12-20
IBU400,Central_Warehouse,468,88,52,7,2024-12-20
MET850,Central_Warehouse,857,87,256,7,2024-12-20
CTZ010,Central_Warehouse,147,88,71,7,2024-12-20
OMP020,Central_Warehouse,431,92,121,7,2024-12-20
AZI250,Central_Warehouse,902,90,358,7,2024-12-20
DOL650,Central_Warehouse,238,142,285,7,2024-12-20
PAN040,Central_Warehouse,484,88,239,7,2024-12-20
ASP075,Central_Warehouse,435,86,67,7,2024-12-20
PCM001,Central_Warehouse,586,168,292,7,2024-12-21
AMX500,Central_Warehouse,478,104,46,7,2024-12-21
IBU400,Central_Warehouse,109,113,34,7,2024-12-21
MET850,Central_Warehouse,281,113,33,7,2024-12-21
CTZ010,Central_Warehouse,220,105,232,7,2024-12-21
OMP020,Central_Warehouse,708,112,342,7,2024-12-21
AZI250,Central_Warehouse,553,105,142,7,2024-12-21
DOL650,Central_Warehouse,351,168,44,7,2024-12-21
PAN040,Central_Warehouse,430,104,351,7,2024-12-21
ASP075,Central_Warehouse,488,107,312,7,2024-12-21
PCM001,Central_Warehouse,858,166,36,7,2024-12-22
AMX500,Central_Warehouse,703,112,316,7,2024-12-22
IBU400,Central_Warehouse,717,107,265,7,2024-12-22
MET850,Central_Warehouse,716,108,177,7,2024-12-22
CTZ010,Central_Warehouse,775,109,358,7,2024-12-22
OMP020,Central_Warehouse,680,109,353,7,2024-12-22
AZI250,Central_Warehouse,937,112,166,7,2024-12-22
DOL650,Central_Warehouse,948,178,249,7,2024-12-22
PAN040,Central_Warehouse,159,113,266,7,2024-12-22
ASP075,Central_Warehouse,210,113,290,7,2024-12-22
PCM001,Central_Warehouse,634,130,300,7,2024-12-23
AMX500,Central_Warehouse,104,80,298,7,2024-12-23
IBU400,Central_Warehouse,403,83,152,7,2024-12-23
MET850,Central_Warehouse,270,84,332,7,2024-12-23
CTZ010,Central_Warehouse,768,78,169,7,2024-12-23
OMP020,Central_Warehouse,553,77,303,7,2024-12-23
AZI250,Central_Warehouse,527,79,72,7,2024-12-23
DOL650,Central_Warehouse,466,125,239,7,2024-12-23
PAN040,Central_Warehouse,545,83,158,7,2024-12-23
ASP075,Central_Warehouse,313,77,357,7,2024-12-23
PCM001,Central_Warehouse,902,141,217,7,2024-12-24
AMX500,Central_Warehouse,622,90,135,7,2024-12-24
IBU400,Central_Warehouse,214,92,94,7,2024-12-24
MET850,Central_Warehouse,109,88,347,7,2024-12-24
CTZ010,Central_Warehouse,805,92,296,7,2024-12-24
OMP020,Central_Warehouse,900,88,100,7,2024-12-24
AZI250,Central_Warehouse,139,86,241,7,2024-12-24
DOL650,Central_Warehouse,843,148,237,7,2024-12-24
PAN040,Central_Warehouse,394,90,113,7,2024-12-24
ASP075,Central_Warehouse,688,88,235,7,2024-12-24
PCM001,Central_Warehouse,668,150,348,7,2024-12-25
AMX500,Central_Warehouse,297,92,125,7,2024-12-25
IBU400,Central_Warehouse,562,92,30,7,2024-12-25
MET850,Central_Warehouse,576,89,321,7,2024-12-25
CTZ010,Central_Warehouse,995,87,308,7,2024-12-25
OMP020,Central_Warehouse,687,93,106,7,2024-12-25
AZI250,Central_Warehouse,305,89,217,7,2024-12-25
DOL650,Central_Warehouse,457,138,215,7,2024-12-25
PAN040,Central_Warehouse,154,93,290,7,2024-12-25
ASP075,Central_Warehouse,761,88,250,7,2024-12-25
PCM001,Central_Warehouse,277,143,307,7,2024-12-26
AMX500,Central_Warehouse,996,93,353,7,2024-12-26
IBU400,Central_Warehouse,490,93,134,7,2024-12-26
MET850,Central_Warehouse,625,88,158,7,2024-12-26
CTZ010,Central_Warehouse,854,89,77,7,2024-12-26
OMP020,Central_Warehouse,700,94,296,7,2024-12-26
AZI250,Central_Warehouse,647,88,40,7,2024-12-26
DOL650,Central_Warehouse,500,150,118,7,2024-12-26
PAN040,Central_Warehouse,179,88,308,7,2024-12-26
ASP075,Central_Warehouse,201,90,295,7,2024-12-26
PCM001,Central_Warehouse,924,145,231,7,2024-12-27
AMX500,Central_Warehouse,853,87,146,7,2024-12-27
IBU400,Central_Warehouse,767,93,270,7,2024-12-27
MET850,Central_Warehouse,810,88,92,7,2024-12-27
CTZ010,Central_Warehouse,952,89,290,7,2024-12-27
OMP020,Central_Warehouse,528,95,283,7,2024-12-27
AZI250,Central_Warehouse,238,88,256,7,2024-12-27
DOL650,Central_Warehouse,668,148,246,7,2024-12-27
PAN040,Central_Warehouse,745,88,154,7,2024-12-27
ASP075,Central_Warehouse,618,91,34,7,2024-12-27
PCM001,Central_Warehouse,597,172,312,7,2024-12-28
AMX500,Central_Warehouse,430,104,118,7,2024-12-28
IBU400,Central_Warehouse,245,111,186,7,2024-12-28
MET850,Central_Warehouse,466,114,211,7,2024-12-28
CTZ010,Central_Warehouse,233,114,88,7,2024-12-28
OMP020,Central_Warehouse,222,113,361,7,2024-12-28
AZI250,Central_Warehouse,657,108,69,7,2024-12-28
DOL650,Central_Warehouse,818,182,355,7,2024-12-28
PAN040,Central_Warehouse,487,107,244,7,2024-12-28
ASP075,Central_Warehouse,379,107,210,7,2024-12-28
PCM001,Central_Warehouse,725,173,271,7,2024-12-29
AMX500,Central_Warehouse,544,113,183,7,2024-12-29
IBU400,Central_Warehouse,361,104,300,7,2024-12-29
MET850,Central_Warehouse,961,112,95,7,2024-12-29
CTZ010,Central_Warehouse,982,112,307,7,2024-12-29
OMP020,Central_Warehouse,724,108,64,7,2024-12-29
AZI250,Central_Warehouse,684,112,87,7,2024-12-29
DOL650,Central_Warehouse,386,179,235,7,2024-12-29
PAN040,Central_Warehouse,254,110,342,7,2024-12-29
ASP075,Central_Warehouse,910,111,343,7,2024-12-29
PCM001,Central_Warehouse,238,126,40,7,2024-12-30
AMX500,Central_Warehouse,639,80,39,7,2024-12-30
IBU400,Central_Warehouse,987,78,245,7,2024-12-30
MET850,Central_Warehouse,679,82,260,7,2024-12-30
CTZ010,Central_Warehouse,961,81,117,7,2024-12-30
OMP020,Central_Warehouse,502,79,349,7,2024-12-30
AZI250,Central_Warehouse,299,84,228,7,2024-12-30
DOL650,Central_Warehouse,605,124,176,7,2024-12-30
PAN040,Central_Warehouse,369,85,102,7,2024-12-30
ASP075,Central_Warehouse,673,85,149,7,2024-12-30
PCM001,Central_Warehouse,517,150,68,7,2024-12-31
AMX500,Central_Warehouse,444,91,349,7,2024-12-31
IBU400,Central_Warehouse,564,90,162,7,2024-12-31
MET850,Central_Warehouse,294,92,273,7,2024-12-31
CTZ010,Central_Warehouse,844,94,141,7,2024-12-31
OMP020,Central_Warehouse,805,92,307,7,2024-12-31
AZI250,Central_Warehouse,969,88,153,7,2024-12-31
DOL650,Central_Warehouse,965,152,164,7,2024-12-31
PAN040,Central_Warehouse,172,95,256,7,2024-12-31
ASP075,Central_Warehouse,652,86,187,7,2024-12-31
PCM001,Central_Warehouse,286,144,189,7,2025-01-01
AMX500,Central_Warehouse,810,95,292,7,2025-01-01
IBU400,Central_Warehouse,585,90,324,7,2025-01-01
MET850,Central_Warehouse,500,86,81,7,2025-01-01
CTZ010,Central_Warehouse,337,87,312,7,2025-01-01
OMP020,Central_Warehouse,812,95,215,7,2025-01-01
AZI250,Central_Warehouse,529,94,354,7,2025-01-01
DOL650,Central_Warehouse,932,150,134,7,2025-01-01
PAN040,Central_Warehouse,965,89,199,7,2025-01-01
ASP075,Central_Warehouse,994,87,189,7,2025-01-01
PCM001,Central_Warehouse,739,138,115,7,2025-01-02
AMX500,Central_Warehouse,899,88,140,7,2025-01-02
IBU400,Central_Warehouse,184,87,239,7,2025-01-02
MET850,Central_Warehouse,301,95,159,7,2025-01-02
CTZ010,Central_Warehouse,314,93,198,7,2025-01-02
OMP020,Central_Warehouse,416,88,198,7,2025-01-02
AZI250,Central_Warehouse,670,95,75,7,2025-01-02
DOL650,Central_Warehouse,700,149,162,7,2025-01-02
PAN040,Central_Warehouse,113,87,329,7,2025-01-02
ASP075,Central_Warehouse,689,93,122,7,2025-01-02
PCM001,Central_Warehouse,954,144,121,7,2025-01-03
AMX500,Central_Warehouse,308,87,160,7,2025-01-03
IBU400,Central_Warehouse,982,90,269,7,2025-01-03
MET850,Central_Warehouse,350,94,255,7,2025-01-03
CTZ010,Central_Warehouse,993,89,338,7,2025-01-03
OMP020,Central_Warehouse,107,89,363,7,2025-01-03
AZI250,Central_Warehouse,722,94,318,7,2025-01-03
DOL650,Central_Warehouse,917,151,151,7,2025-01-03
PAN040,Central_Warehouse,216,88,262,7,2025-01-03
ASP075,Central_Warehouse,649,91,314,7,2025-01-03
PCM001,Central_Warehouse,954,166,175,7,2025-01-04
AMX500,Central_Warehouse,522,114,91,7,2025-01-04
IBU400,Central_Warehouse,285,113,35,7,2025-01-04
MET850,Central_Warehouse,337,109,41,7,2025-01-04
CTZ010,Central_Warehouse,317,114,320,7,2025-01-04
OMP020,Central_Warehouse,557,106,272,7,2025-01-04
AZI250,Central_Warehouse,919,105,44,7,2025-01-04
DOL650,Central_Warehouse,732,170,238,7,2025-01-04
PAN040,Central_Warehouse,500,105,63,7,2025-01-04
ASP075,Central_Warehouse,491,106,134,7,2025-01-04
PCM001,Central_Warehouse,287,180,51,7,2025-01-05
AMX500,Central_Warehouse,346,112,279,7,2025-01-05
IBU400,Central_Warehouse,791,108,190,7,2025-01-05
MET850,Central_Warehouse,250,107,35,7,2025-01-05
CTZ010,Central_Warehouse,510,110,296,7,2025-01-05
OMP020,Central_Warehouse,693,114,132,7,2025-01-05
AZI250,Central_Warehouse,797,108,94,7,2025-01-05
DOL650,Central_Warehouse,101,177,318,7,2025-01-05
PAN040,Central_Warehouse,469,108,77,7,2025-01-05
ASP075,Central_Warehouse,874,112,111,7,2025-01-05
PCM001,Central_Warehouse,418,132,34,7,2025-01-06
AMX500,Central_Warehouse,161,84,289,7,2025-01-06
IBU400,Central_Warehouse,596,83,237,7,2025-01-06
MET850,Central_Warehouse,282,82,65,7,2025-01-06
CTZ010,Central_Warehouse,221,85,159,7,2025-01-06
OMP020,Central_Warehouse,433,81,329,7,2025-01-06
AZI250,Central_Warehouse,952,82,258,7,2025-01-06
DOL650,Central_Warehouse,328,126,40,7,2025-01-06
PAN040,Central_Warehouse,789,83,358,7,2025-01-06
ASP075,Central_Warehouse,511,78,131,7,2025-01-06
PCM001,Central_Warehouse,379,140,266,7,2025-01-07
AMX500,Central_Warehouse,868,93,113,7,2025-01-07
IBU400,Central_Warehouse,538,93,150,7,2025-01-07
MET850,Central_Warehouse,977,94,137,7,2025-01-07
CTZ010,Central_Warehouse,626,89,280,7,2025-01-07
OMP020,Central_Warehouse,776,88,138,7,2025-01-07
AZI250,Central_Warehouse,523,95,298,7,2025-01-07
DOL650,Central_Warehouse,324,142,191,7,2025-01-07
PAN040,Central_Warehouse,935,86,56,7,2025-01-07
ASP075,Central_Warehouse,178,93,119,7,2025-01-07
PCM001,Central_Warehouse,958,144,137,7,2025-01-08
AMX500,Central_Warehouse,255,91,128,7,2025-01-08
IBU400,Central_Warehouse,827,92,186,7,2025-01-08
MET850,Central_Warehouse,429,93,335,7,2025-01-08
CTZ010,Central_Warehouse,658,93,35,7,2025-01-08
OMP020,Central_Warehouse,746,91,193,7,2025-01-08
AZI250,Central_Warehouse,553,88,34,7,2025-01-08
DOL650,Central_Warehouse,275,150,293,7,2025-01-08
PAN040,Central_Warehouse,329,86,215,7,2025-01-08
ASP075,Central_Warehouse,880,95,127,7,2025-01-08
PCM001,Central_Warehouse,392,150,86,7,2025-01-09
AMX500,Central_Warehouse,136,89,185,7,2025-01-09
IBU400,Central_Warehouse,401,92,186,7,2025-01-09
MET850,Central_Warehouse,765,91,308,7,2025-01-09
CTZ010,Central_Warehouse,514,95,126,7,2025-01-09
OMP020,Central_Warehouse,771,87,245,7,2025-01-09
AZI250,Central_Warehouse,573,90,265,7,2025-01-09
DOL650,Central_Warehouse,541,144,146,7,2025-01-09
PAN040,Central_Warehouse,958,87,210,7,2025-01-09
ASP075,Central_Warehouse,286,87,57,7,2025-01-09
PCM001,Central_Warehouse,894,141,78,7,2025-01-10
AMX500,Central_Warehouse,502,93,340,7,2025-01-10
IBU400,Central_Warehouse,449,93,34,7,2025-01-10
MET850,Central_Warehouse,368,87,307,7,2025-01-10
CTZ010,Central_Warehouse,291,88,84,7,2025-01-10
OMP020,Central_Warehouse,680,92,194,7,2025-01-10
AZI250,Central_Warehouse,787,91,101,7,2025-01-10
DOL650,Central_Warehouse,181,151,337,7,2025-01-10
PAN040,Central_Warehouse,148,91,250,7,2025-01-10
ASP075,Central_Warehouse,799,93,365,7,2025-01-10
PCM001,Central_Warehouse,578,182,263,7,2025-01-11
AMX500,Central_Warehouse,886,106,122,7,2025-01-11
IBU400,Central_Warehouse,656,105,52,7,2025-01-11
MET850,Central_Warehouse,232,112,237,7,2025-01-11
CTZ010,Central_Warehouse,395,113,109,7,2025-01-11
OMP020,Central_Warehouse,642,106,225,7,2025-01-11
AZI250,Central_Warehouse,774,108,349,7,2025-01-11
DOL650,Central_Warehouse,564,172,150,7,2025-01-11
PAN040,Central_Warehouse,425,112,343,7,2025-01-11
ASP075,Central_Warehouse,326,114,259,7,2025-01-11
PCM001,Central_Warehouse,273,173,87,7,2025-01-12
AMX500,Central_Warehouse,289,108,300,7,2025-01-12
IBU400,Central_Warehouse,179,111,225,7,2025-01-12
MET850,Central_Warehouse,851,104,318,7,2025-01-12
CTZ010,Central_Warehouse,397,109,164,7,2025-01-12
OMP020,Central_Warehouse,611,104,37,7,2025-01-12
AZI250,Central_Warehouse,120,110,256,7,2025-01-12
DOL650,Central_Warehouse,1000,184,201,7,2025-01-12
PAN040,Central_Warehouse,275,113,201,7,2025-01-12
ASP075,Central_Warehouse,895,104,247,7,2025-01-12
PCM001,Central_Warehouse,944,129,324,7,2025-01-13
AMX500,Central_Warehouse,864,79,31,7,2025-01-13
IBU400,Central_Warehouse,962,83,284,7,2025-01-13
MET850,Central_Warehouse,473,79,117,7,2025-01-13
CTZ010,Central_Warehouse,269,85,279,7,2025-01-13
OMP020,Central_Warehouse,695,84,329,7,2025-01-13
AZI250,Central_Warehouse,787,82,294,7,2025-01-13
DOL650,Central_Warehouse,933,130,87,7,2025-01-13
PAN040,Central_Warehouse,769,78,221,7,2025-01-13
ASP075,Central_Warehouse,217,78,120,7,2025-01-13
PCM001,Central_Warehouse,739,146,340,7,2025-01-14
AMX500,Central_Warehouse,108,92,48,7,2025-01-14
IBU400,Central_Warehouse,496,90,251,7,2025-01-14
MET850,Central_Warehouse,358,94,227,7,2025-01-14
CTZ010,Central_Warehouse,842,92,173,7,2025-01-14
OMP020,Central_Warehouse,515,95,326,7,2025-01-14
AZI250,Central_Warehouse,257,89,269,7,2025-01-14
DOL650,Central_Warehouse,761,154,66,7,2025-01-14
PAN040,Central_Warehouse,730,90,197,7,2025-01-14
ASP075,Central_Warehouse,696,91,327,7,2025-01-14
PCM001,Central_Warehouse,431,152,92,7,2025-01-15
AMX500,Central_Warehouse,669,88,60,7,2025-01-15
IBU400,Central_Warehouse,199,89,145,7,2025-01-15
MET850,Central_Warehouse,238,89,153,7,2025-01-15
CTZ010,Central_Warehouse,568,89,199,7,2025-01-15
OMP020,Central_Warehouse,559,87,116,7,2025-01-15
AZI250,Central_Warehouse,909,95,335,7,2025-01-15
DOL650,Central_Warehouse,223,140,209,7,2025-01-15
PAN040,Central_Warehouse,923,93,194,7,2025-01-15
ASP075,Central_Warehouse,343,89,248,7,2025-01-15
PCM001,Central_Warehouse,401,147,220,7,2025-01-16
AMX500,Central_Warehouse,638,94,86,7,2025-01-16
IBU400,Central_Warehouse,430,95,234,7,2025-01-16
MET850,Central_Warehouse,709,93,359,7,2025-01-16
CTZ010,Central_Warehouse,344,88,32,7,2025-01-16
OMP020,Central_Warehouse,825,92,308,7,2025-01-16
AZI250,Central_Warehouse,708,93,262,7,2025-01-16
DOL650,Central_Warehouse,481,140,63,7,2025-01-16
PAN040,Central_Warehouse,279,96,206,7,2025-01-16
ASP075,Central_Warehouse,653,92,126,7,2025-01-16
PCM001,Central_Warehouse,180,143,119,7,2025-01-17
AMX500,Central_Warehouse,519,91,211,7,2025-01-17
IBU400,Central_Warehouse,968,93,105,7,2025-01-17
MET850,Central_Warehouse,725,93,192,7,2025-01-17
CTZ010,Central_Warehouse,335,91,328,7,2025-01-17
OMP020,Central_Warehouse,113,92,266,7,2025-01-17
AZI250,Central_Warehouse,796,94,79,7,2025-01-17
DOL650,Central_Warehouse,568,154,327,7,2025-01-17
PAN040,Central_Warehouse,732,90,160,7,2025-01-17
ASP075,Central_Warehouse,374,90,247,7,2025-01-17
PCM001,Central_Warehouse,259,174,33,7,2025-01-18
AMX500,Central_Warehouse,227,113,295,7,2025-01-18
IBU400,Central_Warehouse,300,106,138,7,2025-01-18
MET850,Central_Warehouse,792,110,60,7,2025-01-18
CTZ010,Central_Warehouse,679,113,53,7,2025-01-18
OMP020,Central_Warehouse,853,113,226,7,2025-01-18
AZI250,Central_Warehouse,206,110,112,7,2025-01-18
DOL650,Central_Warehouse,731,182,119,7,2025-01-18
PAN040,Central_Warehouse,331,114,232,7,2025-01-18
ASP075,Central_Warehouse,467,111,192,7,2025-01-18
PCM001,Central_Warehouse,615,183,95,7,2025-01-19
AMX500,Central_Warehouse,225,107,343,7,2025-01-19
IBU400,Central_Warehouse,676,113,264,7,2025-01-19
MET850,Central_Warehouse,591,106,350,7,2025-01-19
CTZ010,Central_Warehouse,658,112,207,7,2025-01-19
OMP020,Central_Warehouse,698,106,99,7,2025-01-19
AZI250,Central_Warehouse,161,112,58,7,2025-01-19
DOL650,Central_Warehouse,486,178,158,7,2025-01-19
PAN040,Central_Warehouse,797,109,313,7,2025-01-19
ASP075,Central_Warehouse,362,113,166,7,2025-01-19
PCM001,Central_Warehouse,196,127,357,7,2025-01-20
AMX500,Central_Warehouse,410,78,131,7,2025-01-20
IBU400,Central_Warehouse,545,85,45,7,2025-01-20
MET850,Central_Warehouse,496,78,333,7,2025-01-20
CTZ010,Central_Warehouse,469,80,316,7,2025-01-20
OMP020,Central_Warehouse,118,80,227,7,2025-01-20
AZI250,Central_Warehouse,718,80,63,7,2025-01-20
DOL650,Central_Warehouse,984,129,326,7,2025-01-20
PAN040,Central_Warehouse,874,82,104,7,2025-01-20
ASP075,Central_Warehouse,807,80,174,7,2025-01-20
PCM001,Central_Warehouse,468,153,352,7,2025-01-21
AMX500,Central_Warehouse,870,95,142,7,2025-01-21
IBU400,Central_Warehouse,891,88,363,7,2025-01-21
MET850,Central_Warehouse,209,95,39,7,2025-01-21
CTZ010,Central_Warehouse,386,88,296,7,2025-01-21
OMP020,Central_Warehouse,388,95,166,7,2025-01-21
AZI250,Central_Warehouse,785,92,305,7,2025-01-21
DOL650,Central_Warehouse,535,140,98,7,2025-01-21
PAN040,Central_Warehouse,264,89,67,7,2025-01-21
ASP075,Central_Warehouse,259,93,111,7,2025-01-21
PCM001,Central_Warehouse,968,143,124,7,2025-01-22
AMX500,Central_Warehouse,516,91,283,7,2025-01-22
IBU400,Central_Warehouse,580,93,156,7,2025-01-22
MET850,Central_Warehouse,814,90,166,7,2025-01-22
CTZ010,Central_Warehouse,840,95,283,7,2025-01-22
OMP020,Central_Warehouse,421,95,50,7,2025-01-22
AZI250,Central_Warehouse,502,90,30,7,2025-01-22
DOL650,Central_Warehouse,462,153,337,7,2025-01-22
PAN040,Central_Warehouse,501,96,333,7,2025-01-22
ASP075,Central_Warehouse,385,87,232,7,2025-01-22
PCM001,Central_Warehouse,896,145,131,7,2025-01-23
AMX500,Central_Warehouse,929,95,248,7,2025-01-23
IBU400,Central_Warehouse,214,96,61,7,2025-01-23
MET850,Central_Warehouse,178,93,152,7,2025-01-23
CTZ010,Central_Warehouse,648,91,140,7,2025-01-23
OMP020,Central_Warehouse,447,89,157,7,2025-01-23
AZI250,Central_Warehouse,253,89,361,7,2025-01-23
DOL650,Central_Warehouse,394,146,174,7,2025-01-23
PAN040,Central_Warehouse,250,93,103,7,2025-01-23
ASP075,Central_Warehouse,334,91,193,7,2025-01-23
PCM001,Central_Warehouse,874,141,88,7,2025-01-24
AMX500,Central_Warehouse,606,88,131,7,2025-01-24
IBU400,Central_Warehouse,224,91,302,7,2025-01-24
MET850,Central_Warehouse,636,92,224,7,2025-01-24
CTZ010,Central_Warehouse,943,96,268,7,2025-01-24
OMP020,Central_Warehouse,929,96,316,7,2025-01-24
AZI250,Central_Warehouse,352,88,228,7,2025-01-24
DOL650,Central_Warehouse,801,153,347,7,2025-01-24
PAN040,Central_Warehouse,490,89,33,7,2025-01-24
ASP075,Central_Warehouse,294,90,245,7,2025-01-24
PCM001,Central_Warehouse,982,185,109,7,2025-01-25
AMX500,Central_Warehouse,762,107,358,7,2025-01-25
IBU400,Central_Warehouse,361,112,313,7,2025-01-25
MET850,Central_Warehouse,976,114,43,7,2025-01-25
CTZ010,Central_Warehouse,843,109,226,7,2025-01-25
OMP020,Central_Warehouse,323,111,42,7,2025-01-25
AZI250,Central_Warehouse,300,114,298,7,2025-01-25
DOL650,Central_Warehouse,402,180,292,7,2025-01-25
PAN040,Central_Warehouse,364,110,214,7,2025-01-25
ASP075,Central_Warehouse,474,108,197,7,2025-01-25
PCM001,Central_Warehouse,863,183,107,7,2025-01-26
AMX500,Central_Warehouse,420,114,280,7,2025-01-26
IBU400,Central_Warehouse,748,108,40,7,2025-01-26
MET850,Central_Warehouse,160,114,80,7,2025-01-26
CTZ010,Central_Warehouse,737,106,198,7,2025-01-26
OMP020,Central_Warehouse,343,107,257,7,2025-01-26
AZI250,Central_Warehouse,941,109,326,7,2025-01-26
DOL650,Central_Warehouse,987,185,335,7,2025-01-26
PAN040,Central_Warehouse,596,113,56,7,2025-01-26
ASP075,Central_Warehouse,754,108,88,7,2025-01-26
PCM001,Central_Warehouse,353,127,129,7,2025-01-27
AMX500,Central_Warehouse,654,80,195,7,2025-01-27
IBU400,Central_Warehouse,899,82,321,7,2025-01-27
MET850,Central_Warehouse,539,84,68,7,2025-01-27
CTZ010,Central_Warehouse,579,79,316,7,2025-01-27
OMP020,Central_Warehouse,619,79,35,7,2025-01-27
AZI250,Central_Warehouse,514,83,125,7,2025-01-27
DOL650,Central_Warehouse,735,134,213,7,2025-01-27
PAN040,Central_Warehouse,731,80,164,7,2025-01-27
ASP075,Central_Warehouse,442,83,80,7,2025-01-27
PCM001,Central_Warehouse,149,150,121,7,2025-01-28
AMX500,Central_Warehouse,804,95,206,7,2025-01-28
IBU400,Central_Warehouse,277,92,233,7,2025-01-28
MET850,Central_Warehouse,255,92,244,7,2025-01-28
CTZ010,Central_Warehouse,698,90,48,7,2025-01-28
OMP020,Central_Warehouse,165,93,150,7,2025-01-28
AZI250,Central_Warehouse,313,94,160,7,2025-01-28
DOL650,Central_Warehouse,996,143,167,7,2025-01-28
PAN040,Central_Warehouse,756,91,72,7,2025-01-28
ASP075,Central_Warehouse,543,93,137,7,2025-01-28
PCM001,Central_Warehouse,908,153,316,7,2025-01-29
AMX500,Central_Warehouse,247,91,181,7,2025-01-29
IBU400,Central_Warehouse,207,90,336,7,2025-01-29
MET850,Central_Warehouse,736,93,77,7,2025-01-29
CTZ010,Central_Warehouse,717,97,210,7,2025-01-29
OMP020,Central_Warehouse,297,89,110,7,2025-01-29
AZI250,Central_Warehouse,473,91,117,7,2025-01-29
DOL650,Central_Warehouse,314,142,81,7,2025-01-29
PAN040,Central_Warehouse,836,92,55,7,2025-01-29
ASP075,Central_Warehouse,509,89,196,7,2025-01-29
PCM001,Central_Warehouse,824,151,265,7,2025-01-30
AMX500,Central_Warehouse,264,90,40,7,2025-01-30
IBU400,Central_Warehouse,805,91,200,7,2025-01-30
MET850,Central_Warehouse,424,94,293,7,2025-01-30
CTZ010,Central_Warehouse,977,91,309,7,2025-01-30
OMP020,Central_Warehouse,704,94,44,7,2025-01-30
AZI250,Central_Warehouse,651,90,50,7,2025-01-30
DOL650,Central_Warehouse,112,154,162,7,2025-01-30
PAN040,Central_Warehouse,135,92,82,7,2025-01-30
ASP075,Central_Warehouse,574,92,72,7,2025-01-30
PCM001,Central_Warehouse,974,151,235,7,2025-01-31
AMX500,Central_Warehouse,254,90,230,7,2025-01-31
IBU400,Central_Warehouse,757,94,294,7,2025-01-31
MET850,Central_Warehouse,929,89,233,7,2025-01-31
CTZ010,Central_Warehouse,629,94,100,7,2025-01-31
OMP020,Central_Warehouse,415,95,275,7,2025-01-31
AZI250,Central_Warehouse,937,91,209,7,2025-01-31
DOL650,Central_Warehouse,108,146,115,7,2025-01-31
PAN040,Central_Warehouse,662,89,145,7,2025-01-31
ASP075,Central_Warehouse,937,92,36,7,2025-01-31
PCM001,Central_Warehouse,745,122,329,7,2025-02-01
AMX500,Central_Warehouse,299,77,310,7,2025-02-01
IBU400,Central_Warehouse,704,76,140,7,2025-02-01
MET850,Central_Warehouse,666,75,264,7,2025-02-01
CTZ010,Central_Warehouse,636,81,262,7,2025-02-01
OMP020,Central_Warehouse,230,81,337,7,2025-02-01
AZI250,Central_Warehouse,274,81,157,7,2025-02-01
DOL650,Central_Warehouse,119,129,35,7,2025-02-01
PAN040,Central_Warehouse,201,80,220,7,2025-02-01
ASP075,Central_Warehouse,424,77,179,7,2025-02-01
PCM001,Central_Warehouse,641,125,65,7,2025-02-02
AMX500,Central_Warehouse,103,76,206,7,2025-02-02
IBU400,Central_Warehouse,528,78,143,7,2025-02-02
MET850,Central_Warehouse,341,80,34,7,2025-02-02
CTZ010,Central_Warehouse,317,76,140,7,2025-02-02
OMP020,Central_Warehouse,245,81,199,7,2025-02-02
AZI250,Central_Warehouse,995,78,131,7,2025-02-02
DOL650,Central_Warehouse,709,126,66,7,2025-02-02
PAN040,Central_Warehouse,597,79,61,7,2025-02-02
ASP075,Central_Warehouse,825,78,292,7,2025-02-02
PCM001,Central_Warehouse,767,95,323,7,2025-02-03
AMX500,Central_Warehouse,442,59,61,7,2025-02-03
IBU400,Central_Warehouse,633,60,147,7,2025-02-03
MET850,Central_Warehouse,553,60,158,7,2025-02-03
CTZ010,Central_Warehouse,378,57,245,7,2025-02-03
OMP020,Central_Warehouse,124,58,70,7,2025-02-03
AZI250,Central_Warehouse,847,58,127,7,2025-02-03
DOL650,Central_Warehouse,461,98,199,7,2025-02-03
PAN040,Central_Warehouse,643,59,214,7,2025-02-03
ASP075,Central_Warehouse,168,59,264,7,2025-02-03
PCM001,Central_Warehouse,531,101,181,7,2025-02-04
AMX500,Central_Warehouse,295,63,98,7,2025-02-04
IBU400,Central_Warehouse,676,67,183,7,2025-02-04
MET850,Central_Warehouse,750,67,210,7,2025-02-04
CTZ010,Central_Warehouse,559,67,258,7,2025-02-04
OMP020,Central_Warehouse,324,67,134,7,2025-02-04
AZI250,Central_Warehouse,492,68,56,7,2025-02-04
DOL650,Central_Warehouse,455,107,308,7,2025-02-04
PAN040,Central_Warehouse,701,63,35,7,2025-02-04
ASP075,Central_Warehouse,843,64,284,7,2025-02-04
PCM001,Central_Warehouse,153,106,54,7,2025-02-05
AMX500,Central_Warehouse,411,65,305,7,2025-02-05
IBU400,Central_Warehouse,536,69,91,7,2025-02-05
MET850,Central_Warehouse,110,63,210,7,2025-02-05
CTZ010,Central_Warehouse,466,67,285,7,2025-02-05
OMP020,Central_Warehouse,763,63,342,7,2025-02-05
AZI250,Central_Warehouse,409,64,278,7,2025-02-05
DOL650,Central_Warehouse,779,109,54,7,2025-02-05
PAN040,Central_Warehouse,165,69,165,7,2025-02-05
ASP075,Central_Warehouse,925,63,292,7,2025-02-05
PCM001,Central_Warehouse,798,109,49,7,2025-02-06
AMX500,Central_Warehouse,341,68,169,7,2025-02-06
IBU400,Central_Warehouse,273,68,188,7,2025-02-06
MET850,Central_Warehouse,331,63,340,7,2025-02-06
CTZ010,Central_Warehouse,923,67,257,7,2025-02-06
OMP020,Central_Warehouse,988,68,294,7,2025-02-06
AZI250,Central_Warehouse,692,66,70,7,2025-02-06
DOL650,Central_Warehouse,146,104,97,7,2025-02-06
PAN040,Central_Warehouse,444,68,265,7,2025-02-06
ASP075,Central_Warehouse,942,67,36,7,2025-02-06
PCM001,Central_Warehouse,848,107,228,7,2025-02-07
AMX500,Central_Warehouse,744,63,33,7,2025-02-07
IBU400,Central_Warehouse,571,64,201,7,2025-02-07
MET850,Central_Warehouse,925,65,274,7,2025-02-07
CTZ010,Central_Warehouse,674,66,46,7,2025-02-07
OMP020,Central_Warehouse,940,66,31,7,2025-02-07
AZI250,Central_Warehouse,216,64,49,7,2025-02-07
DOL650,Central_Warehouse,309,105,70,7,2025-02-07
PAN040,Central_Warehouse,659,64,104,7,2025-02-07
ASP075,Central_Warehouse,863,66,80,7,2025-02-07
PCM001,Central_Warehouse,105,123,227,7,2025-02-08
AMX500,Central_Warehouse,757,83,33,7,2025-02-08
IBU400,Central_Warehouse,819,81,188,7,2025-02-08
MET850,Central_Warehouse,161,80,131,7,2025-02-08
CTZ010,Central_Warehouse,815,80,246,7,2025-02-08
OMP020,Central_Warehouse,1000,76,152,7,2025-02-08
AZI250,Central_Warehouse,790,82,95,7,2025-02-08
DOL650,Central_Warehouse,841,122,320,7,2025-02-08
PAN040,Central_Warehouse,482,81,349,7,2025-02-08
ASP075,Central_Warehouse,192,78,165,7,2025-02-08
PCM001,Central_Warehouse,877,130,66,7,2025-02-09
AMX500,Central_Warehouse,351,82,162,7,2025-02-09
IBU400,Central_Warehouse,126,80,210,7,2025-02-09
MET850,Central_Warehouse,990,81,174,7,2025-02-09
CTZ010,Central_Warehouse,692,82,30,7,2025-02-09
OMP020,Central_Warehouse,732,81,64,7,2025-02-09
AZI250,Central_Warehouse,633,79,137,7,2025-02-09
DOL650,Central_Warehouse,106,125,241,7,2025-02-09
PAN040,Central_Warehouse,812,80,160,7,2025-02-09
ASP075,Central_Warehouse,889,82,310,7,2025-02-09
PCM001,Central_Warehouse,584,97,187,7,2025-02-10
AMX500,Central_Warehouse,160,61,178,7,2025-02-10
IBU400,Central_Warehouse,137,58,312,7,2025-02-10
MET850,Central_Warehouse,692,59,324,7,2025-02-10
CTZ010,Central_Warehouse,110,58,313,7,2025-02-10
OMP020,Central_Warehouse,901,57,297,7,2025-02-10
AZI250,Central_Warehouse,654,58,227,7,2025-02-10
DOL650,Central_Warehouse,706,93,34,7,2025-02-10
PAN040,Central_Warehouse,427,59,88,7,2025-02-10
ASP075,Central_Warehouse,171,61,229,7,2025-02-10
PCM001,Central_Warehouse,612,106,239,7,2025-02-11
AMX500,Central_Warehouse,133,67,55,7,2025-02-11
IBU400,Central_Warehouse,471,66,305,7,2025-02-11
MET850,Central_Warehouse,701,65,198,7,2025-02-11
CTZ010,Central_Warehouse,394,66,316,7,2025-02-11
OMP020,Central_Warehouse,288,66,266,7,2025-02-11
AZI250,Central_Warehouse,247,68,271,7,2025-02-11
DOL650,Central_Warehouse,798,105,224,7,2025-02-11
PAN040,Central_Warehouse,912,68,130,7,2025-02-11
ASP075,Central_Warehouse,480,65,347,7,2025-02-11
PCM001,Central_Warehouse,832,112,142,7,2025-02-12
AMX500,Central_Warehouse,467,69,295,7,2025-02-12
IBU400,Central_Warehouse,825,66,177,7,2025-02-12
MET850,Central_Warehouse,810,69,160,7,2025-02-12
CTZ010,Central_Warehouse,593,67,178,7,2025-02-12
OMP020,Central_Warehouse,878,69,111,7,2025-02-12
AZI250,Central_Warehouse,200,63,311,7,2025-02-12
DOL650,Central_Warehouse,322,111,128,7,2025-02-12
PAN040,Central_Warehouse,674,65,76,7,2025-02-12
ASP075,Central_Warehouse,360,64,142,7,2025-02-12
PCM001,Central_Warehouse,190,111,179,7,2025-02-13
AMX500,Central_Warehouse,521,68,119,7,2025-02-13
IBU400,Central_Warehouse,944,69,248,7,2025-02-13
MET850,Central_Warehouse,483,69,159,7,2025-02-13
CTZ010,Central_Warehouse,983,66,58,7,2025-02-13
OMP020,Central_Warehouse,778,68,306,7,2025-02-13
AZI250,Central_Warehouse,671,66,266,7,2025-02-13
DOL650,Central_Warehouse,414,108,360,7,2025-02-13
PAN040,Central_Warehouse,142,63,205,7,2025-02-13
ASP075,Central_Warehouse,545,68,159,7,2025-02-13
PCM001,Central_Warehouse,909,103,89,7,2025-02-14
AMX500,Central_Warehouse,787,64,300,7,2025-02-14
IBU400,Central_Warehouse,966,69,134,7,2025-02-14
MET850,Central_Warehouse,383,66,122,7,2025-02-14
CTZ010,Central_Warehouse,231,68,191,7,2025-02-14
OMP020,Central_Warehouse,977,69,350,7,2025-02-14
AZI250,Central_Warehouse,880,67,93,7,2025-02-14
DOL650,Central_Warehouse,178,101,200,7,2025-02-14
PAN040,Central_Warehouse,627,68,326,7,2025-02-14
ASP075,Central_Warehouse,607,65,190,7,2025-02-14
PCM001,Central_Warehouse,967,129,181,7,2025-02-15
AMX500,Central_Warehouse,538,82,145,7,2025-02-15
IBU400,Central_Warehouse,620,79,278,7,2025-02-15
MET850,Central_Warehouse,261,79,111,7,2025-02-15
CTZ010,Central_Warehouse,795,83,121,7,2025-02-15
OMP020,Central_Warehouse,793,83,152,7,2025-02-15
AZI250,Central_Warehouse,518,83,34,7,2025-02-15
DOL650,Central_Warehouse,606,127,351,7,2025-02-15
PAN040,Central_Warehouse,573,80,225,7,2025-02-15
ASP075,Central_Warehouse,424,77,312,7,2025-02-15
PCM001,Central_Warehouse,312,123,300,7,2025-02-16
AMX500,Central_Warehouse,408,76,313,7,2025-02-16
IBU400,Central_Warehouse,323,82,266,7,2025-02-16
MET850,Central_Warehouse,204,77,173,7,2025-02-16
CTZ010,Central_Warehouse,143,81,256,7,2025-02-16
OMP020,Central_Warehouse,389,83,144,7,2025-02-16
AZI250,Central_Warehouse,148,82,315,7,2025-02-16
DOL650,Central_Warehouse,311,123,361,7,2025-02-16
PAN040,Central_Warehouse,583,77,283,7,2025-02-16
ASP075,Central_Warehouse,138,83,232,7,2025-02-16
PCM001,Central_Warehouse,270,95,148,7,2025-02-17
AMX500,Central_Warehouse,875,61,276,7,2025-02-17
IBU400,Central_Warehouse,584,60,174,7,2025-02-17
MET850,Central_Warehouse,423,62,164,7,2025-02-17
CTZ010,Central_Warehouse,493,60,158,7,2025-02-17
OMP020,Central_Warehouse,403,57,138,7,2025-02-17
AZI250,Central_Warehouse,286,57,324,7,2025-02-17
DOL650,Central_Warehouse,848,91,206,7,2025-02-17
PAN040,Central_Warehouse,559,57,332,7,2025-02-17
ASP075,Central_Warehouse,847,63,55,7,2025-02-17
PCM001,Central_Warehouse,526,105,181,7,2025-02-18
AMX500,Central_Warehouse,308,68,302,7,2025-02-18
IBU400,Central_Warehouse,251,63,79,7,2025-02-18
MET850,Central_Warehouse,293,64,164,7,2025-02-18
CTZ010,Central_Warehouse,376,66,298,7,2025-02-18
OMP020,Central_Warehouse,829,69,214,7,2025-02-18
AZI250,Central_Warehouse,548,68,290,7,2025-02-18
DOL650,Central_Warehouse,865,109,277,7,2025-02-18
PAN040,Central_Warehouse,910,67,110,7,2025-02-18
ASP075,Central_Warehouse,484,67,186,7,2025-02-18
PCM001,Central_Warehouse,918,104,350,7,2025-02-19
AMX500,Central_Warehouse,629,69,139,7,2025-02-19
IBU400,Central_Warehouse,338,67,170,7,2025-02-19
MET850,Central_Warehouse,170,65,329,7,2025-02-19
CTZ010,Central_Warehouse,258,64,349,7,2025-02-19
OMP020,Central_Warehouse,595,69,106,7,2025-02-19
AZI250,Central_Warehouse,587,68,322,7,2025-02-19
DOL650,Central_Warehouse,809,103,183,7,2025-02-19
PAN040,Central_Warehouse,879,64,290,7,2025-02-19
ASP075,Central_Warehouse,620,69,180,7,2025-02-19
PCM001,Central_Warehouse,988,105,290,7,2025-02-20
AMX500,Central_Warehouse,587,64,76,7,2025-02-20
IBU400,Central_Warehouse,845,69,302,7,2025-02-20
MET850,Central_Warehouse,330,64,353,7,2025-02-20
CTZ010,Central_Warehouse,509,68,49,7,2025-02-20
OMP020,Central_Warehouse,390,68,119,7,2025-02-20
AZI250,Central_Warehouse,952,67,224,7,2025-02-20
DOL650,Central_Warehouse,943,104,53,7,2025-02-20
PAN040,Central_Warehouse,741,67,213,7,2025-02-20
ASP075,Central_Warehouse,174,65,292,7,2025-02-20
PCM001,Central_Warehouse,191,105,122,7,2025-02-21
AMX500,Central_Warehouse,990,68,86,7,2025-02-21
IBU400,Central_Warehouse,324,69,99,7,2025-02-21
MET850,Central_Warehouse,232,69,122,7,2025-02-21
CTZ010,Central_Warehouse,633,65,158,7,2025-02-21
OMP020,Central_Warehouse,178,70,177,7,2025-02-21
AZI250,Central_Warehouse,622,67,116,7,2025-02-21
DOL650,Central_Warehouse,334,104,275,7,2025-02-21
PAN040,Central_Warehouse,503,65,324,7,2025-02-21
ASP075,Central_Warehouse,966,69,361,7,2025-02-21
PCM001,Central_Warehouse,427,133,179,7,2025-02-22
AMX500,Central_Warehouse,290,83,348,7,2025-02-22
IBU400,Central_Warehouse,119,80,184,7,2025-02-22
MET850,Central_Warehouse,225,77,166,7,2025-02-22
CTZ010,Central_Warehouse,685,78,231,7,2025-02-22
OMP020,Central_Warehouse,334,83,192,7,2025-02-22
AZI250,Central_Warehouse,129,83,189,7,2025-02-22
DOL650,Central_Warehouse,903,130,358,7,2025-02-22
PAN040,Central_Warehouse,100,83,197,7,2025-02-22
ASP075,Central_Warehouse,796,84,106,7,2025-02-22
PCM001,Central_Warehouse,207,133,351,7,2025-02-23
AMX500,Central_Warehouse,231,78,313,7,2025-02-23
IBU400,Central_Warehouse,366,78,139,7,2025-02-23
MET850,Central_Warehouse,308,80,303,7,2025-02-23
CTZ010,Central_Warehouse,179,78,71,7,2025-02-23
OMP020,Central_Warehouse,258,82,124,7,2025-02-23
AZI250,Central_Warehouse,439,84,111,7,2025-02-23
DOL650,Central_Warehouse,353,131,148,7,2025-02-23
PAN040,Central_Warehouse,153,84,73,7,2025-02-23
ASP075,Central_Warehouse,683,82,189,7,2025-02-23
PCM001,Central_Warehouse,288,94,360,7,2025-02-24
AMX500,Central_Warehouse,879,61,90,7,2025-02-24
IBU400,Central_Warehouse,225,61,304,7,2025-02-24
MET850,Central_Warehouse,107,60,122,7,2025-02-24
CTZ010,Central_Warehouse,221,59,220,7,2025-02-24
OMP020,Central_Warehouse,287,59,117,7,2025-02-24
AZI250,Central_Warehouse,608,60,158,7,2025-02-24
DOL650,Central_Warehouse,920,93,113,7,2025-02-24
PAN040,Central_Warehouse,663,61,231,7,2025-02-24
ASP075,Central_Warehouse,970,62,97,7,2025-02-24
PCM001,Central_Warehouse,234,107,196,7,2025-02-25
AMX500,Central_Warehouse,406,69,34,7,2025-02-25
IBU400,Central_Warehouse,356,68,126,7,2025-02-25
MET850,Central_Warehouse,653,69,341,7,2025-02-25
CTZ010,Central_Warehouse,206,65,337,7,2025-02-25
OMP020,Central_Warehouse,191,64,210,7,2025-02-25
AZI250,Central_Warehouse,814,68,128,7,2025-02-25
DOL650,Central_Warehouse,425,111,179,7,2025-02-25
PAN040,Central_Warehouse,766,67,358,7,2025-02-25
ASP075,Central_Warehouse,702,67,184,7,2025-02-25
PCM001,Central_Warehouse,565,111,205,7,2025-02-26
AMX500,Central_Warehouse,616,64,67,7,2025-02-26
IBU400,Central_Warehouse,131,64,37,7,2025-02-26
MET850,Central_Warehouse,599,65,326,7,2025-02-26
CTZ010,Central_Warehouse,836,64,224,7,2025-02-26
OMP020,Central_Warehouse,914,64,219,7,2025-02-26
AZI250,Central_Warehouse,730,64,353,7,2025-02-26
DOL650,Central_Warehouse,880,107,183,7,2025-02-26
PAN040,Central_Warehouse,975,67,248,7,2025-02-26
ASP075,Central_Warehouse,121,64,323,7,2025-02-26
PCM001,Central_Warehouse,882,102,216,7,2025-02-27
AMX500,Central_Warehouse,901,67,32,7,2025-02-27
IBU400,Central_Warehouse,723,67,297,7,2025-02-27
MET850,Central_Warehouse,558,66,50,7,2025-02-27
CTZ010,Central_Warehouse,831,64,313,7,2025-02-27
OMP020,Central_Warehouse,501,66,182,7,2025-02-27
AZI250,Central_Warehouse,420,65,334,7,2025-02-27
DOL650,Central_Warehouse,197,105,77,7,2025-02-27
PAN040,Central_Warehouse,936,65,208,7,2025-02-27
ASP075,Central_Warehouse,555,69,316,7,2025-02-27
PCM001,Central_Warehouse,521,104,95,7,2025-02-28
AMX500,Central_Warehouse,285,65,197,7,2025-02-28
IBU400,Central_Warehouse,962,66,132,7,2025-02-28
MET850,Central_Warehouse,540,65,277,7,2025-02-28
CTZ010,Central_Warehouse,482,64,122,7,2025-02-28
OMP020,Central_Warehouse,959,66,351,7,2025-02-28
AZI250,Central_Warehouse,762,68,80,7,2025-02-28
DOL650,Central_Warehouse,728,102,113,7,2025-02-28
PAN040,Central_Warehouse,782,70,215,7,2025-02-28
ASP075,Central_Warehouse,780,64,282,7,2025-02-28
