product_id,location,stock_level,daily_sales,expiry_days,lead_time_days,timestamp
PCM001,Central_Warehouse,416,105,34,7,2024-01-01
AMX500,Central_Warehouse,892,62,291,7,2024-01-01
IBU400,Central_Warehouse,625,64,278,7,2024-01-01
MET850,Central_Warehouse,241,63,348,7,2024-01-01
CTZ010,Central_Warehouse,345,64,180,7,2024-01-01
OMP020,Central_Warehouse,372,63,211,7,2024-01-01
AZI250,Central_Warehouse,671,65,253,7,2024-01-01
DOL650,Central_Warehouse,522,103,347,7,2024-01-01
PAN040,Central_Warehouse,197,65,279,7,2024-01-01
ASP075,Central_Warehouse,346,61,206,7,2024-01-01
PCM001,Central_Warehouse,629,111,62,7,2024-01-02
AMX500,Central_Warehouse,318,68,315,7,2024-01-02
IBU400,Central_Warehouse,618,70,233,7,2024-01-02
MET850,Central_Warehouse,145,72,267,7,2024-01-02
CTZ010,Central_Warehouse,566,67,292,7,2024-01-02
OMP020,Central_Warehouse,498,69,141,7,2024-01-02
AZI250,Central_Warehouse,947,71,155,7,2024-01-02
DOL650,Central_Warehouse,560,111,337,7,2024-01-02
PAN040,Central_Warehouse,706,66,92,7,2024-01-02
ASP075,Central_Warehouse,544,72,264,7,2024-01-02
PCM001,Central_Warehouse,893,108,337,7,2024-01-03
AMX500,Central_Warehouse,806,71,125,7,2024-01-03
IBU400,Central_Warehouse,417,70,63,7,2024-01-03
MET850,Central_Warehouse,351,71,330,7,2024-01-03
CTZ010,Central_Warehouse,665,70,326,7,2024-01-03
OMP020,Central_Warehouse,323,68,266,7,2024-01-03
AZI250,Central_Warehouse,671,67,131,7,2024-01-03
DOL650,Central_Warehouse,270,117,218,7,2024-01-03
PAN040,Central_Warehouse,313,73,267,7,2024-01-03
ASP075,Central_Warehouse,586,73,210,7,2024-01-03
PCM001,Central_Warehouse,857,108,76,7,2024-01-04
AMX500,Central_Warehouse,871,73,182,7,2024-01-04
IBU400,Central_Warehouse,453,68,220,7,2024-01-04
MET850,Central_Warehouse,207,72,220,7,2024-01-04
CTZ010,Central_Warehouse,925,73,219,7,2024-01-04
OMP020,Central_Warehouse,475,69,42,7,2024-01-04
AZI250,Central_Warehouse,876,68,208,7,2024-01-04
DOL650,Central_Warehouse,473,109,172,7,2024-01-04
PAN040,Central_Warehouse,113,67,212,7,2024-01-04
ASP075,Central_Warehouse,729,71,338,7,2024-01-04
PCM001,Central_Warehouse,978,110,141,7,2024-01-05
AMX500,Central_Warehouse,554,66,90,7,2024-01-05
IBU400,Central_Warehouse,728,69,151,7,2024-01-05
MET850,Central_Warehouse,432,67,119,7,2024-01-05
CTZ010,Central_Warehouse,143,67,244,7,2024-01-05
OMP020,Central_Warehouse,468,69,90,7,2024-01-05
AZI250,Central_Warehouse,933,69,277,7,2024-01-05
DOL650,Central_Warehouse,895,117,247,7,2024-01-05
PAN040,Central_Warehouse,160,72,364,7,2024-01-05
ASP075,Central_Warehouse,212,69,282,7,2024-01-05
PCM001,Central_Warehouse,890,141,189,7,2024-01-06
AMX500,Central_Warehouse,585,81,209,7,2024-01-06
IBU400,Central_Warehouse,713,84,257,7,2024-01-06
MET850,Central_Warehouse,295,88,247,7,2024-01-06
CTZ010,Central_Warehouse,194,85,360,7,2024-01-06
OMP020,Central_Warehouse,548,86,169,7,2024-01-06
AZI250,Central_Warehouse,922,84,234,7,2024-01-06
DOL650,Central_Warehouse,830,134,159,7,2024-01-06
PAN040,Central_Warehouse,511,84,156,7,2024-01-06
ASP075,Central_Warehouse,897,83,223,7,2024-01-06
PCM001,Central_Warehouse,433,133,286,7,2024-01-07
AMX500,Central_Warehouse,938,82,344,7,2024-01-07
IBU400,Central_Warehouse,265,84,251,7,2024-01-07
MET850,Central_Warehouse,164,84,313,7,2024-01-07
CTZ010,Central_Warehouse,605,84,44,7,2024-01-07
OMP020,Central_Warehouse,271,80,363,7,2024-01-07
AZI250,Central_Warehouse,251,86,218,7,2024-01-07
DOL650,Central_Warehouse,976,141,105,7,2024-01-07
PAN040,Central_Warehouse,861,83,162,7,2024-01-07
ASP075,Central_Warehouse,708,84,44,7,2024-01-07
PCM001,Central_Warehouse,794,97,95,7,2024-01-08
AMX500,Central_Warehouse,909,64,122,7,2024-01-08
IBU400,Central_Warehouse,307,61,166,7,2024-01-08
MET850,Central_Warehouse,662,62,67,7,2024-01-08
CTZ010,Central_Warehouse,336,65,147,7,2024-01-08
OMP020,Central_Warehouse,850,60,219,7,2024-01-08
AZI250,Central_Warehouse,526,64,129,7,2024-01-08
DOL650,Central_Warehouse,103,105,294,7,2024-01-08
PAN040,Central_Warehouse,386,62,166,7,2024-01-08
ASP075,Central_Warehouse,511,62,131,7,2024-01-08
PCM001,Central_Warehouse,286,109,94,7,2024-01-09
AMX500,Central_Warehouse,502,72,329,7,2024-01-09
IBU400,Central_Warehouse,931,71,236,7,2024-01-09
MET850,Central_Warehouse,768,73,222,7,2024-01-09
CTZ010,Central_Warehouse,118,69,113,7,2024-01-09
OMP020,Central_Warehouse,854,68,284,7,2024-01-09
AZI250,Central_Warehouse,913,72,352,7,2024-01-09
DOL650,Central_Warehouse,872,108,250,7,2024-01-09
PAN040,Central_Warehouse,275,73,248,7,2024-01-09
ASP075,Central_Warehouse,951,70,288,7,2024-01-09
PCM001,Central_Warehouse,935,117,126,7,2024-01-10
AMX500,Central_Warehouse,169,71,51,7,2024-01-10
IBU400,Central_Warehouse,804,73,176,7,2024-01-10
MET850,Central_Warehouse,627,68,338,7,2024-01-10
CTZ010,Central_Warehouse,610,67,322,7,2024-01-10
OMP020,Central_Warehouse,484,72,115,7,2024-01-10
AZI250,Central_Warehouse,931,68,314,7,2024-01-10
DOL650,Central_Warehouse,941,115,161,7,2024-01-10
PAN040,Central_Warehouse,973,69,318,7,2024-01-10
ASP075,Central_Warehouse,445,67,211,7,2024-01-10
PCM001,Central_Warehouse,918,116,293,7,2024-01-11
AMX500,Central_Warehouse,976,73,200,7,2024-01-11
IBU400,Central_Warehouse,211,69,322,7,2024-01-11
MET850,Central_Warehouse,832,72,296,7,2024-01-11
CTZ010,Central_Warehouse,212,69,276,7,2024-01-11
OMP020,Central_Warehouse,515,70,54,7,2024-01-11
AZI250,Central_Warehouse,124,73,317,7,2024-01-11
DOL650,Central_Warehouse,676,113,212,7,2024-01-11
PAN040,Central_Warehouse,503,67,66,7,2024-01-11
ASP075,Central_Warehouse,928,73,108,7,2024-01-11
PCM001,Central_Warehouse,394,115,264,7,2024-01-12
AMX500,Central_Warehouse,586,69,360,7,2024-01-12
IBU400,Central_Warehouse,878,69,329,7,2024-01-12
MET850,Central_Warehouse,158,67,214,7,2024-01-12
CTZ010,Central_Warehouse,146,72,278,7,2024-01-12
OMP020,Central_Warehouse,511,69,178,7,2024-01-12
AZI250,Central_Warehouse,368,70,86,7,2024-01-12
DOL650,Central_Warehouse,332,112,278,7,2024-01-12
PAN040,Central_Warehouse,789,70,194,7,2024-01-12
ASP075,Central_Warehouse,519,69,104,7,2024-01-12
PCM001,Central_Warehouse,542,131,60,7,2024-01-13
AMX500,Central_Warehouse,525,84,67,7,2024-01-13
IBU400,Central_Warehouse,172,81,232,7,2024-01-13
MET850,Central_Warehouse,592,85,269,7,2024-01-13
CTZ010,Central_Warehouse,733,82,154,7,2024-01-13
OMP020,Central_Warehouse,919,84,198,7,2024-01-13
AZI250,Central_Warehouse,240,86,167,7,2024-01-13
DOL650,Central_Warehouse,582,138,246,7,2024-01-13
PAN040,Central_Warehouse,115,83,88,7,2024-01-13
ASP075,Central_Warehouse,513,86,254,7,2024-01-13
PCM001,Central_Warehouse,911,137,282,7,2024-01-14
AMX500,Central_Warehouse,740,82,206,7,2024-01-14
IBU400,Central_Warehouse,148,86,301,7,2024-01-14
MET850,Central_Warehouse,904,86,182,7,2024-01-14
CTZ010,Central_Warehouse,289,82,51,7,2024-01-14
OMP020,Central_Warehouse,165,85,238,7,2024-01-14
AZI250,Central_Warehouse,453,85,200,7,2024-01-14
DOL650,Central_Warehouse,751,142,225,7,2024-01-14
PAN040,Central_Warehouse,281,86,328,7,2024-01-14
ASP075,Central_Warehouse,501,84,80,7,2024-01-14
PCM001,Central_Warehouse,337,101,303,7,2024-01-15
AMX500,Central_Warehouse,869,62,98,7,2024-01-15
IBU400,Central_Warehouse,529,63,224,7,2024-01-15
MET850,Central_Warehouse,356,65,59,7,2024-01-15
CTZ010,Central_Warehouse,243,64,48,7,2024-01-15
OMP020,Central_Warehouse,543,62,147,7,2024-01-15
AZI250,Central_Warehouse,699,66,182,7,2024-01-15
DOL650,Central_Warehouse,455,99,99,7,2024-01-15
PAN040,Central_Warehouse,839,62,160,7,2024-01-15
ASP075,Central_Warehouse,569,62,302,7,2024-01-15
PCM001,Central_Warehouse,844,110,113,7,2024-01-16
AMX500,Central_Warehouse,630,74,98,7,2024-01-16
IBU400,Central_Warehouse,247,71,319,7,2024-01-16
MET850,Central_Warehouse,664,68,196,7,2024-01-16
CTZ010,Central_Warehouse,184,67,40,7,2024-01-16
OMP020,Central_Warehouse,194,69,123,7,2024-01-16
AZI250,Central_Warehouse,572,70,163,7,2024-01-16
DOL650,Central_Warehouse,151,110,100,7,2024-01-16
PAN040,Central_Warehouse,807,71,101,7,2024-01-16
ASP075,Central_Warehouse,256,73,211,7,2024-01-16
PCM001,Central_Warehouse,531,110,324,7,2024-01-17
AMX500,Central_Warehouse,847,70,42,7,2024-01-17
IBU400,Central_Warehouse,690,70,192,7,2024-01-17
MET850,Central_Warehouse,297,67,161,7,2024-01-17
CTZ010,Central_Warehouse,114,67,69,7,2024-01-17
OMP020,Central_Warehouse,824,70,69,7,2024-01-17
AZI250,Central_Warehouse,928,72,352,7,2024-01-17
DOL650,Central_Warehouse,468,114,167,7,2024-01-17
PAN040,Central_Warehouse,901,67,135,7,2024-01-17
ASP075,Central_Warehouse,473,69,161,7,2024-01-17
PCM001,Central_Warehouse,818,113,338,7,2024-01-18
AMX500,Central_Warehouse,262,72,34,7,2024-01-18
IBU400,Central_Warehouse,266,72,151,7,2024-01-18
MET850,Central_Warehouse,181,69,190,7,2024-01-18
CTZ010,Central_Warehouse,656,67,95,7,2024-01-18
OMP020,Central_Warehouse,312,71,95,7,2024-01-18
AZI250,Central_Warehouse,295,73,97,7,2024-01-18
DOL650,Central_Warehouse,456,118,160,7,2024-01-18
PAN040,Central_Warehouse,678,69,186,7,2024-01-18
ASP075,Central_Warehouse,565,72,292,7,2024-01-18
PCM001,Central_Warehouse,486,112,212,7,2024-01-19
AMX500,Central_Warehouse,142,67,205,7,2024-01-19
IBU400,Central_Warehouse,572,69,79,7,2024-01-19
MET850,Central_Warehouse,412,69,136,7,2024-01-19
CTZ010,Central_Warehouse,301,74,129,7,2024-01-19
OMP020,Central_Warehouse,165,68,260,7,2024-01-19
AZI250,Central_Warehouse,792,70,123,7,2024-01-19
DOL650,Central_Warehouse,351,116,120,7,2024-01-19
PAN040,Central_Warehouse,240,73,52,7,2024-01-19
ASP075,Central_Warehouse,877,72,251,7,2024-01-19
PCM001,Central_Warehouse,151,139,77,7,2024-01-20
AMX500,Central_Warehouse,645,83,97,7,2024-01-20
IBU400,Central_Warehouse,687,82,77,7,2024-01-20
MET850,Central_Warehouse,953,84,105,7,2024-01-20
CTZ010,Central_Warehouse,850,82,243,7,2024-01-20
OMP020,Central_Warehouse,297,83,190,7,2024-01-20
AZI250,Central_Warehouse,825,83,350,7,2024-01-20
DOL650,Central_Warehouse,357,143,75,7,2024-01-20
PAN040,Central_Warehouse,181,87,33,7,2024-01-20
ASP075,Central_Warehouse,387,84,305,7,2024-01-20
PCM001,Central_Warehouse,631,133,213,7,2024-01-21
AMX500,Central_Warehouse,519,84,347,7,2024-01-21
IBU400,Central_Warehouse,967,87,49,7,2024-01-21
MET850,Central_Warehouse,938,84,96,7,2024-01-21
CTZ010,Central_Warehouse,769,89,107,7,2024-01-21
OMP020,Central_Warehouse,775,86,252,7,2024-01-21
AZI250,Central_Warehouse,963,84,296,7,2024-01-21
DOL650,Central_Warehouse,636,139,68,7,2024-01-21
PAN040,Central_Warehouse,420,89,200,7,2024-01-21
ASP075,Central_Warehouse,286,86,63,7,2024-01-21
PCM001,Central_Warehouse,945,97,185,7,2024-01-22
AMX500,Central_Warehouse,874,62,165,7,2024-01-22
IBU400,Central_Warehouse,489,66,42,7,2024-01-22
MET850,Central_Warehouse,859,60,43,7,2024-01-22
CTZ010,Central_Warehouse,987,67,300,7,2024-01-22
OMP020,Central_Warehouse,679,65,329,7,2024-01-22
AZI250,Central_Warehouse,703,61,106,7,2024-01-22
DOL650,Central_Warehouse,898,98,74,7,2024-01-22
PAN040,Central_Warehouse,916,64,321,7,2024-01-22
ASP075,Central_Warehouse,223,66,259,7,2024-01-22
PCM001,Central_Warehouse,114,113,169,7,2024-01-23
AMX500,Central_Warehouse,680,73,169,7,2024-01-23
IBU400,Central_Warehouse,332,69,133,7,2024-01-23
MET850,Central_Warehouse,133,72,153,7,2024-01-23
CTZ010,Central_Warehouse,515,67,346,7,2024-01-23
OMP020,Central_Warehouse,481,68,273,7,2024-01-23
AZI250,Central_Warehouse,225,68,197,7,2024-01-23
DOL650,Central_Warehouse,268,113,219,7,2024-01-23
PAN040,Central_Warehouse,952,68,283,7,2024-01-23
ASP075,Central_Warehouse,136,73,241,7,2024-01-23
PCM001,Central_Warehouse,103,118,312,7,2024-01-24
AMX500,Central_Warehouse,799,67,259,7,2024-01-24
IBU400,Central_Warehouse,726,73,296,7,2024-01-24
MET850,Central_Warehouse,185,72,348,7,2024-01-24
CTZ010,Central_Warehouse,847,70,349,7,2024-01-24
OMP020,Central_Warehouse,104,72,68,7,2024-01-24
AZI250,Central_Warehouse,207,68,319,7,2024-01-24
DOL650,Central_Warehouse,326,115,108,7,2024-01-24
PAN040,Central_Warehouse,680,71,283,7,2024-01-24
ASP075,Central_Warehouse,983,67,201,7,2024-01-24
PCM001,Central_Warehouse,199,119,139,7,2024-01-25
AMX500,Central_Warehouse,998,74,327,7,2024-01-25
IBU400,Central_Warehouse,520,67,355,7,2024-01-25
MET850,Central_Warehouse,143,70,65,7,2024-01-25
CTZ010,Central_Warehouse,308,73,175,7,2024-01-25
OMP020,Central_Warehouse,544,68,129,7,2024-01-25
AZI250,Central_Warehouse,695,67,329,7,2024-01-25
DOL650,Central_Warehouse,557,117,229,7,2024-01-25
PAN040,Central_Warehouse,605,71,252,7,2024-01-25
ASP075,Central_Warehouse,302,69,162,7,2024-01-25
PCM001,Central_Warehouse,351,117,30,7,2024-01-26
AMX500,Central_Warehouse,482,69,57,7,2024-01-26
IBU400,Central_Warehouse,831,68,345,7,2024-01-26
MET850,Central_Warehouse,575,73,330,7,2024-01-26
CTZ010,Central_Warehouse,415,72,350,7,2024-01-26
OMP020,Central_Warehouse,541,72,47,7,2024-01-26
AZI250,Central_Warehouse,230,74,255,7,2024-01-26
DOL650,Central_Warehouse,529,111,258,7,2024-01-26
PAN040,Central_Warehouse,814,72,133,7,2024-01-26
ASP075,Central_Warehouse,219,69,40,7,2024-01-26
PCM001,Central_Warehouse,812,133,298,7,2024-01-27
AMX500,Central_Warehouse,821,86,322,7,2024-01-27
IBU400,Central_Warehouse,961,89,248,7,2024-01-27
MET850,Central_Warehouse,843,89,338,7,2024-01-27
CTZ010,Central_Warehouse,121,87,344,7,2024-01-27
OMP020,Central_Warehouse,394,84,358,7,2024-01-27
AZI250,Central_Warehouse,195,83,66,7,2024-01-27
DOL650,Central_Warehouse,111,143,79,7,2024-01-27
PAN040,Central_Warehouse,327,86,186,7,2024-01-27
ASP075,Central_Warehouse,329,83,118,7,2024-01-27
PCM001,Central_Warehouse,566,135,349,7,2024-01-28
AMX500,Central_Warehouse,522,83,353,7,2024-01-28
IBU400,Central_Warehouse,200,85,61,7,2024-01-28
MET850,Central_Warehouse,374,85,163,7,2024-01-28
CTZ010,Central_Warehouse,506,88,196,7,2024-01-28
OMP020,Central_Warehouse,978,89,172,7,2024-01-28
AZI250,Central_Warehouse,593,89,191,7,2024-01-28
DOL650,Central_Warehouse,853,131,339,7,2024-01-28
PAN040,Central_Warehouse,265,86,156,7,2024-01-28
ASP075,Central_Warehouse,299,88,295,7,2024-01-28
PCM001,Central_Warehouse,997,98,214,7,2024-01-29
AMX500,Central_Warehouse,163,63,199,7,2024-01-29
IBU400,Central_Warehouse,799,67,232,7,2024-01-29
MET850,Central_Warehouse,388,66,118,7,2024-01-29
CTZ010,Central_Warehouse,517,65,300,7,2024-01-29
OMP020,Central_Warehouse,995,65,211,7,2024-01-29
AZI250,Central_Warehouse,475,66,207,7,2024-01-29
DOL650,Central_Warehouse,228,98,177,7,2024-01-29
PAN040,Central_Warehouse,495,62,124,7,2024-01-29
ASP075,Central_Warehouse,318,63,329,7,2024-01-29
PCM001,Central_Warehouse,967,117,165,7,2024-01-30
AMX500,Central_Warehouse,711,72,283,7,2024-01-30
IBU400,Central_Warehouse,275,68,90,7,2024-01-30
MET850,Central_Warehouse,852,74,269,7,2024-01-30
CTZ010,Central_Warehouse,219,72,208,7,2024-01-30
OMP020,Central_Warehouse,789,74,196,7,2024-01-30
AZI250,Central_Warehouse,401,74,287,7,2024-01-30
DOL650,Central_Warehouse,334,119,332,7,2024-01-30
PAN040,Central_Warehouse,269,72,205,7,2024-01-30
ASP075,Central_Warehouse,124,74,109,7,2024-01-30
PCM001,Central_Warehouse,705,111,159,7,2024-01-31
AMX500,Central_Warehouse,313,72,69,7,2024-01-31
IBU400,Central_Warehouse,767,71,201,7,2024-01-31
MET850,Central_Warehouse,312,72,227,7,2024-01-31
CTZ010,Central_Warehouse,848,74,129,7,2024-01-31
OMP020,Central_Warehouse,370,70,102,7,2024-01-31
AZI250,Central_Warehouse,530,74,134,7,2024-01-31
DOL650,Central_Warehouse,149,115,289,7,2024-01-31
PAN040,Central_Warehouse,563,70,351,7,2024-01-31
ASP075,Central_Warehouse,205,73,109,7,2024-01-31
PCM001,Central_Warehouse,824,81,218,7,2024-02-01
AMX500,Central_Warehouse,619,48,308,7,2024-02-01
IBU400,Central_Warehouse,153,53,136,7,2024-02-01
MET850,Central_Warehouse,291,50,93,7,2024-02-01
CTZ010,Central_Warehouse,496,50,345,7,2024-02-01
OMP020,Central_Warehouse,711,50,169,7,2024-02-01
AZI250,Central_Warehouse,829,51,173,7,2024-02-01
DOL650,Central_Warehouse,798,82,57,7,2024-02-01
PAN040,Central_Warehouse,935,49,196,7,2024-02-01
ASP075,Central_Warehouse,505,50,151,7,2024-02-01
PCM001,Central_Warehouse,446,79,181,7,2024-02-02
AMX500,Central_Warehouse,917,50,266,7,2024-02-02
IBU400,Central_Warehouse,576,51,118,7,2024-02-02
MET850,Central_Warehouse,907,49,151,7,2024-02-02
CTZ010,Central_Warehouse,587,50,233,7,2024-02-02
OMP020,Central_Warehouse,496,51,354,7,2024-02-02
AZI250,Central_Warehouse,225,49,275,7,2024-02-02
DOL650,Central_Warehouse,733,83,223,7,2024-02-02
PAN040,Central_Warehouse,561,52,64,7,2024-02-02
ASP075,Central_Warehouse,274,51,343,7,2024-02-02
PCM001,Central_Warehouse,600,99,97,7,2024-02-03
AMX500,Central_Warehouse,463,59,362,7,2024-02-03
IBU400,Central_Warehouse,361,64,104,7,2024-02-03
MET850,Central_Warehouse,854,62,286,7,2024-02-03
CTZ010,Central_Warehouse,834,62,164,7,2024-02-03
OMP020,Central_Warehouse,870,61,152,7,2024-02-03
AZI250,Central_Warehouse,376,63,213,7,2024-02-03
DOL650,Central_Warehouse,104,98,237,7,2024-02-03
PAN040,Central_Warehouse,982,60,210,7,2024-02-03
ASP075,Central_Warehouse,387,62,181,7,2024-02-03
PCM001,Central_Warehouse,650,95,263,7,2024-02-04
AMX500,Central_Warehouse,621,59,333,7,2024-02-04
IBU400,Central_Warehouse,997,64,134,7,2024-02-04
MET850,Central_Warehouse,875,61,232,7,2024-02-04
CTZ010,Central_Warehouse,745,63,63,7,2024-02-04
OMP020,Central_Warehouse,653,64,94,7,2024-02-04
AZI250,Central_Warehouse,995,62,187,7,2024-02-04
DOL650,Central_Warehouse,189,95,253,7,2024-02-04
PAN040,Central_Warehouse,865,64,133,7,2024-02-04
ASP075,Central_Warehouse,821,62,283,7,2024-02-04
PCM001,Central_Warehouse,829,72,63,7,2024-02-05
AMX500,Central_Warehouse,128,44,93,7,2024-02-05
IBU400,Central_Warehouse,753,47,270,7,2024-02-05
MET850,Central_Warehouse,611,44,203,7,2024-02-05
CTZ010,Central_Warehouse,167,46,94,7,2024-02-05
OMP020,Central_Warehouse,871,45,82,7,2024-02-05
AZI250,Central_Warehouse,758,45,217,7,2024-02-05
DOL650,Central_Warehouse,257,77,49,7,2024-02-05
PAN040,Central_Warehouse,289,48,179,7,2024-02-05
ASP075,Central_Warehouse,264,48,105,7,2024-02-05
PCM001,Central_Warehouse,355,81,364,7,2024-02-06
AMX500,Central_Warehouse,385,51,182,7,2024-02-06
IBU400,Central_Warehouse,430,52,219,7,2024-02-06
MET850,Central_Warehouse,242,50,207,7,2024-02-06
CTZ010,Central_Warehouse,375,50,296,7,2024-02-06
OMP020,Central_Warehouse,782,51,41,7,2024-02-06
AZI250,Central_Warehouse,504,52,101,7,2024-02-06
DOL650,Central_Warehouse,291,82,83,7,2024-02-06
PAN040,Central_Warehouse,762,53,249,7,2024-02-06
ASP075,Central_Warehouse,648,52,140,7,2024-02-06
PCM001,Central_Warehouse,739,78,348,7,2024-02-07
AMX500,Central_Warehouse,541,49,301,7,2024-02-07
IBU400,Central_Warehouse,465,53,274,7,2024-02-07
MET850,Central_Warehouse,315,52,74,7,2024-02-07
CTZ010,Central_Warehouse,915,53,359,7,2024-02-07
OMP020,Central_Warehouse,568,53,56,7,2024-02-07
AZI250,Central_Warehouse,427,53,248,7,2024-02-07
DOL650,Central_Warehouse,848,78,231,7,2024-02-07
PAN040,Central_Warehouse,285,49,116,7,2024-02-07
ASP075,Central_Warehouse,154,51,151,7,2024-02-07
PCM001,Central_Warehouse,913,80,212,7,2024-02-08
AMX500,Central_Warehouse,851,54,88,7,2024-02-08
IBU400,Central_Warehouse,147,52,355,7,2024-02-08
MET850,Central_Warehouse,468,53,70,7,2024-02-08
CTZ010,Central_Warehouse,932,54,53,7,2024-02-08
OMP020,Central_Warehouse,108,49,40,7,2024-02-08
AZI250,Central_Warehouse,575,49,318,7,2024-02-08
DOL650,Central_Warehouse,483,83,364,7,2024-02-08
PAN040,Central_Warehouse,912,50,354,7,2024-02-08
ASP075,Central_Warehouse,583,51,36,7,2024-02-08
PCM001,Central_Warehouse,790,83,299,7,2024-02-09
AMX500,Central_Warehouse,956,49,228,7,2024-02-09
IBU400,Central_Warehouse,553,53,118,7,2024-02-09
MET850,Central_Warehouse,626,49,308,7,2024-02-09
CTZ010,Central_Warehouse,596,49,86,7,2024-02-09
OMP020,Central_Warehouse,838,53,289,7,2024-02-09
AZI250,Central_Warehouse,437,52,51,7,2024-02-09
DOL650,Central_Warehouse,783,85,101,7,2024-02-09
PAN040,Central_Warehouse,147,53,193,7,2024-02-09
ASP075,Central_Warehouse,968,53,167,7,2024-02-09
PCM001,Central_Warehouse,450,102,276,7,2024-02-10
AMX500,Central_Warehouse,442,60,274,7,2024-02-10
IBU400,Central_Warehouse,714,64,106,7,2024-02-10
MET850,Central_Warehouse,132,60,91,7,2024-02-10
CTZ010,Central_Warehouse,726,60,97,7,2024-02-10
OMP020,Central_Warehouse,554,62,237,7,2024-02-10
AZI250,Central_Warehouse,679,63,250,7,2024-02-10
DOL650,Central_Warehouse,424,95,275,7,2024-02-10
PAN040,Central_Warehouse,892,64,222,7,2024-02-10
ASP075,Central_Warehouse,517,62,323,7,2024-02-10
PCM001,Central_Warehouse,742,97,356,7,2024-02-11
AMX500,Central_Warehouse,981,62,220,7,2024-02-11
IBU400,Central_Warehouse,467,59,210,7,2024-02-11
MET850,Central_Warehouse,207,62,337,7,2024-02-11
CTZ010,Central_Warehouse,825,65,108,7,2024-02-11
OMP020,Central_Warehouse,957,62,59,7,2024-02-11
AZI250,Central_Warehouse,450,60,236,7,2024-02-11
DOL650,Central_Warehouse,728,104,152,7,2024-02-11
PAN040,Central_Warehouse,393,60,286,7,2024-02-11
ASP075,Central_Warehouse,432,59,153,7,2024-02-11
PCM001,Central_Warehouse,736,76,170,7,2024-02-12
AMX500,Central_Warehouse,708,47,291,7,2024-02-12
IBU400,Central_Warehouse,986,47,72,7,2024-02-12
MET850,Central_Warehouse,958,45,246,7,2024-02-12
CTZ010,Central_Warehouse,601,45,228,7,2024-02-12
OMP020,Central_Warehouse,747,46,98,7,2024-02-12
AZI250,Central_Warehouse,931,44,327,7,2024-02-12
DOL650,Central_Warehouse,785,78,59,7,2024-02-12
PAN040,Central_Warehouse,158,45,62,7,2024-02-12
ASP075,Central_Warehouse,162,44,144,7,2024-02-12
PCM001,Central_Warehouse,446,83,45,7,2024-02-13
AMX500,Central_Warehouse,451,53,152,7,2024-02-13
IBU400,Central_Warehouse,507,49,159,7,2024-02-13
MET850,Central_Warehouse,378,53,64,7,2024-02-13
CTZ010,Central_Warehouse,967,54,175,7,2024-02-13
OMP020,Central_Warehouse,970,51,65,7,2024-02-13
AZI250,Central_Warehouse,981,50,357,7,2024-02-13
DOL650,Central_Warehouse,946,85,255,7,2024-02-13
PAN040,Central_Warehouse,726,50,67,7,2024-02-13
ASP075,Central_Warehouse,666,50,164,7,2024-02-13
PCM001,Central_Warehouse,580,81,202,7,2024-02-14
AMX500,Central_Warehouse,920,53,285,7,2024-02-14
IBU400,Central_Warehouse,965,50,294,7,2024-02-14
MET850,Central_Warehouse,860,51,298,7,2024-02-14
CTZ010,Central_Warehouse,304,53,171,7,2024-02-14
OMP020,Central_Warehouse,340,53,52,7,2024-02-14
AZI250,Central_Warehouse,420,51,129,7,2024-02-14
DOL650,Central_Warehouse,259,79,313,7,2024-02-14
PAN040,Central_Warehouse,216,52,348,7,2024-02-14
ASP075,Central_Warehouse,547,50,186,7,2024-02-14
PCM001,Central_Warehouse,632,82,341,7,2024-02-15
AMX500,Central_Warehouse,720,54,77,7,2024-02-15
IBU400,Central_Warehouse,958,52,83,7,2024-02-15
MET850,Central_Warehouse,305,49,164,7,2024-02-15
CTZ010,Central_Warehouse,515,51,285,7,2024-02-15
OMP020,Central_Warehouse,907,51,157,7,2024-02-15
AZI250,Central_Warehouse,697,54,211,7,2024-02-15
DOL650,Central_Warehouse,813,79,296,7,2024-02-15
PAN040,Central_Warehouse,527,53,73,7,2024-02-15
ASP075,Central_Warehouse,958,49,54,7,2024-02-15
PCM001,Central_Warehouse,119,82,360,7,2024-02-16
AMX500,Central_Warehouse,775,52,218,7,2024-02-16
IBU400,Central_Warehouse,102,51,128,7,2024-02-16
MET850,Central_Warehouse,975,51,206,7,2024-02-16
CTZ010,Central_Warehouse,151,52,329,7,2024-02-16
OMP020,Central_Warehouse,620,53,71,7,2024-02-16
AZI250,Central_Warehouse,574,50,330,7,2024-02-16
DOL650,Central_Warehouse,814,82,344,7,2024-02-16
PAN040,Central_Warehouse,201,51,350,7,2024-02-16
ASP075,Central_Warehouse,965,52,268,7,2024-02-16
PCM001,Central_Warehouse,116,94,272,7,2024-02-17
AMX500,Central_Warehouse,685,64,200,7,2024-02-17
IBU400,Central_Warehouse,904,62,72,7,2024-02-17
MET850,Central_Warehouse,901,59,146,7,2024-02-17
CTZ010,Central_Warehouse,982,65,350,7,2024-02-17
OMP020,Central_Warehouse,886,60,198,7,2024-02-17
AZI250,Central_Warehouse,340,62,285,7,2024-02-17
DOL650,Central_Warehouse,739,104,173,7,2024-02-17
PAN040,Central_Warehouse,346,62,125,7,2024-02-17
ASP075,Central_Warehouse,888,59,339,7,2024-02-17
PCM001,Central_Warehouse,836,103,78,7,2024-02-18
AMX500,Central_Warehouse,427,62,129,7,2024-02-18
IBU400,Central_Warehouse,326,59,216,7,2024-02-18
MET850,Central_Warehouse,904,62,315,7,2024-02-18
CTZ010,Central_Warehouse,971,63,341,7,2024-02-18
OMP020,Central_Warehouse,886,62,123,7,2024-02-18
AZI250,Central_Warehouse,785,61,333,7,2024-02-18
DOL650,Central_Warehouse,604,99,338,7,2024-02-18
PAN040,Central_Warehouse,134,64,225,7,2024-02-18
ASP075,Central_Warehouse,163,63,53,7,2024-02-18
PCM001,Central_Warehouse,305,78,203,7,2024-02-19
AMX500,Central_Warehouse,840,47,243,7,2024-02-19
IBU400,Central_Warehouse,932,46,109,7,2024-02-19
MET850,Central_Warehouse,272,47,65,7,2024-02-19
CTZ010,Central_Warehouse,528,48,142,7,2024-02-19
OMP020,Central_Warehouse,588,44,273,7,2024-02-19
AZI250,Central_Warehouse,891,44,311,7,2024-02-19
DOL650,Central_Warehouse,616,78,52,7,2024-02-19
PAN040,Central_Warehouse,359,47,46,7,2024-02-19
ASP075,Central_Warehouse,291,45,246,7,2024-02-19
PCM001,Central_Warehouse,316,86,209,7,2024-02-20
AMX500,Central_Warehouse,721,53,106,7,2024-02-20
IBU400,Central_Warehouse,774,51,320,7,2024-02-20
MET850,Central_Warehouse,494,50,71,7,2024-02-20
CTZ010,Central_Warehouse,120,51,360,7,2024-02-20
OMP020,Central_Warehouse,900,53,325,7,2024-02-20
AZI250,Central_Warehouse,332,50,358,7,2024-02-20
DOL650,Central_Warehouse,643,81,134,7,2024-02-20
PAN040,Central_Warehouse,533,52,125,7,2024-02-20
ASP075,Central_Warehouse,745,51,229,7,2024-02-20
PCM001,Central_Warehouse,579,84,149,7,2024-02-21
AMX500,Central_Warehouse,532,54,36,7,2024-02-21
IBU400,Central_Warehouse,670,51,255,7,2024-02-21
MET850,Central_Warehouse,427,52,328,7,2024-02-21
CTZ010,Central_Warehouse,647,49,259,7,2024-02-21
OMP020,Central_Warehouse,264,52,231,7,2024-02-21
AZI250,Central_Warehouse,575,54,180,7,2024-02-21
DOL650,Central_Warehouse,840,80,96,7,2024-02-21
PAN040,Central_Warehouse,489,54,100,7,2024-02-21
ASP075,Central_Warehouse,405,49,159,7,2024-02-21
PCM001,Central_Warehouse,860,80,130,7,2024-02-22
AMX500,Central_Warehouse,131,53,205,7,2024-02-22
IBU400,Central_Warehouse,541,54,295,7,2024-02-22
MET850,Central_Warehouse,210,53,75,7,2024-02-22
CTZ010,Central_Warehouse,111,54,346,7,2024-02-22
OMP020,Central_Warehouse,600,51,155,7,2024-02-22
AZI250,Central_Warehouse,317,53,216,7,2024-02-22
DOL650,Central_Warehouse,367,85,270,7,2024-02-22
PAN040,Central_Warehouse,997,53,327,7,2024-02-22
ASP075,Central_Warehouse,116,53,338,7,2024-02-22
PCM001,Central_Warehouse,824,87,69,7,2024-02-23
AMX500,Central_Warehouse,428,53,48,7,2024-02-23
IBU400,Central_Warehouse,243,49,180,7,2024-02-23
MET850,Central_Warehouse,532,51,42,7,2024-02-23
CTZ010,Central_Warehouse,234,54,308,7,2024-02-23
OMP020,Central_Warehouse,916,52,187,7,2024-02-23
AZI250,Central_Warehouse,955,54,72,7,2024-02-23
DOL650,Central_Warehouse,232,83,87,7,2024-02-23
PAN040,Central_Warehouse,664,52,263,7,2024-02-23
ASP075,Central_Warehouse,408,52,250,7,2024-02-23
PCM001,Central_Warehouse,878,104,161,7,2024-02-24
AMX500,Central_Warehouse,515,64,167,7,2024-02-24
IBU400,Central_Warehouse,411,63,333,7,2024-02-24
MET850,Central_Warehouse,527,62,321,7,2024-02-24
CTZ010,Central_Warehouse,296,63,131,7,2024-02-24
OMP020,Central_Warehouse,674,63,181,7,2024-02-24
AZI250,Central_Warehouse,620,62,173,7,2024-02-24
DOL650,Central_Warehouse,472,95,71,7,2024-02-24
PAN040,Central_Warehouse,758,60,238,7,2024-02-24
ASP075,Central_Warehouse,708,60,182,7,2024-02-24
PCM001,Central_Warehouse,271,99,205,7,2024-02-25
AMX500,Central_Warehouse,740,61,207,7,2024-02-25
IBU400,Central_Warehouse,435,64,179,7,2024-02-25
MET850,Central_Warehouse,504,61,67,7,2024-02-25
CTZ010,Central_Warehouse,191,63,62,7,2024-02-25
OMP020,Central_Warehouse,671,59,77,7,2024-02-25
AZI250,Central_Warehouse,690,62,92,7,2024-02-25
DOL650,Central_Warehouse,769,98,57,7,2024-02-25
PAN040,Central_Warehouse,338,64,178,7,2024-02-25
ASP075,Central_Warehouse,168,61,33,7,2024-02-25
PCM001,Central_Warehouse,702,78,32,7,2024-02-26
AMX500,Central_Warehouse,941,46,364,7,2024-02-26
IBU400,Central_Warehouse,531,46,76,7,2024-02-26
MET850,Central_Warehouse,501,46,239,7,2024-02-26
CTZ010,Central_Warehouse,327,46,195,7,2024-02-26
OMP020,Central_Warehouse,592,48,199,7,2024-02-26
AZI250,Central_Warehouse,127,47,289,7,2024-02-26
DOL650,Central_Warehouse,864,76,99,7,2024-02-26
PAN040,Central_Warehouse,484,45,117,7,2024-02-26
ASP075,Central_Warehouse,658,46,132,7,2024-02-26
PCM001,Central_Warehouse,446,83,272,7,2024-02-27
AMX500,Central_Warehouse,352,53,46,7,2024-02-27
IBU400,Central_Warehouse,814,53,217,7,2024-02-27
MET850,Central_Warehouse,645,50,209,7,2024-02-27
CTZ010,Central_Warehouse,598,52,260,7,2024-02-27
OMP020,Central_Warehouse,255,54,185,7,2024-02-27
AZI250,Central_Warehouse,654,54,347,7,2024-02-27
DOL650,Central_Warehouse,912,84,237,7,2024-02-27
PAN040,Central_Warehouse,389,49,141,7,2024-02-27
ASP075,Central_Warehouse,937,50,46,7,2024-02-27
PCM001,Central_Warehouse,981,86,198,7,2024-02-28
AMX500,Central_Warehouse,350,54,110,7,2024-02-28
IBU400,Central_Warehouse,357,53,322,7,2024-02-28
MET850,Central_Warehouse,744,53,283,7,2024-02-28
CTZ010,Central_Warehouse,202,54,210,7,2024-02-28
OMP020,Central_Warehouse,800,51,46,7,2024-02-28
AZI250,Central_Warehouse,826,54,177,7,2024-02-28
DOL650,Central_Warehouse,421,83,246,7,2024-02-28
PAN040,Central_Warehouse,184,50,222,7,2024-02-28
ASP075,Central_Warehouse,446,50,184,7,2024-02-28
PCM001,Central_Warehouse,339,81,296,7,2024-02-29
AMX500,Central_Warehouse,284,54,66,7,2024-02-29
IBU400,Central_Warehouse,691,51,277,7,2024-02-29
MET850,Central_Warehouse,166,54,334,7,2024-02-29
CTZ010,Central_Warehouse,777,52,298,7,2024-02-29
OMP020,Central_Warehouse,419,51,273,7,2024-02-29
AZI250,Central_Warehouse,755,54,66,7,2024-02-29
DOL650,Central_Warehouse,432,86,256,7,2024-02-29
PAN040,Central_Warehouse,495,54,332,7,2024-02-29
ASP075,Central_Warehouse,759,54,119,7,2024-02-29
PCM001,Central_Warehouse,463,84,50,7,2024-03-01
AMX500,Central_Warehouse,929,51,94,7,2024-03-01
IBU400,Central_Warehouse,739,49,336,7,2024-03-01
MET850,Central_Warehouse,512,50,216,7,2024-03-01
CTZ010,Central_Warehouse,245,51,50,7,2024-03-01
OMP020,Central_Warehouse,686,54,181,7,2024-03-01
AZI250,Central_Warehouse,940,53,85,7,2024-03-01
DOL650,Central_Warehouse,223,87,336,7,2024-03-01
PAN040,Central_Warehouse,730,53,141,7,2024-03-01
ASP075,Central_Warehouse,875,50,161,7,2024-03-01
PCM001,Central_Warehouse,715,99,236,7,2024-03-02
AMX500,Central_Warehouse,767,61,293,7,2024-03-02
IBU400,Central_Warehouse,888,65,120,7,2024-03-02
MET850,Central_Warehouse,738,63,328,7,2024-03-02
CTZ010,Central_Warehouse,394,64,216,7,2024-03-02
OMP020,Central_Warehouse,706,65,252,7,2024-03-02
AZI250,Central_Warehouse,340,65,341,7,2024-03-02
DOL650,Central_Warehouse,680,98,120,7,2024-03-02
PAN040,Central_Warehouse,652,65,76,7,2024-03-02
ASP075,Central_Warehouse,686,61,241,7,2024-03-02
PCM001,Central_Warehouse,470,100,272,7,2024-03-03
AMX500,Central_Warehouse,738,64,293,7,2024-03-03
IBU400,Central_Warehouse,496,60,273,7,2024-03-03
MET850,Central_Warehouse,597,62,109,7,2024-03-03
CTZ010,Central_Warehouse,950,63,49,7,2024-03-03
OMP020,Central_Warehouse,165,65,301,7,2024-03-03
AZI250,Central_Warehouse,578,60,195,7,2024-03-03
DOL650,Central_Warehouse,610,97,272,7,2024-03-03
PAN040,Central_Warehouse,131,64,219,7,2024-03-03
ASP075,Central_Warehouse,788,61,238,7,2024-03-03
PCM001,Central_Warehouse,159,74,288,7,2024-03-04
AMX500,Central_Warehouse,751,45,46,7,2024-03-04
IBU400,Central_Warehouse,641,45,224,7,2024-03-04
MET850,Central_Warehouse,367,46,298,7,2024-03-04
CTZ010,Central_Warehouse,110,45,329,7,2024-03-04
OMP020,Central_Warehouse,501,48,139,7,2024-03-04
AZI250,Central_Warehouse,682,46,46,7,2024-03-04
DOL650,Central_Warehouse,896,73,303,7,2024-03-04
PAN040,Central_Warehouse,760,47,350,7,2024-03-04
ASP075,Central_Warehouse,196,45,41,7,2024-03-04
PCM001,Central_Warehouse,279,80,116,7,2024-03-05
AMX500,Central_Warehouse,596,54,35,7,2024-03-05
IBU400,Central_Warehouse,332,55,63,7,2024-03-05
MET850,Central_Warehouse,560,53,294,7,2024-03-05
CTZ010,Central_Warehouse,908,54,312,7,2024-03-05
OMP020,Central_Warehouse,598,53,355,7,2024-03-05
AZI250,Central_Warehouse,357,51,255,7,2024-03-05
DOL650,Central_Warehouse,187,87,183,7,2024-03-05
PAN040,Central_Warehouse,429,52,58,7,2024-03-05
ASP075,Central_Warehouse,395,54,124,7,2024-03-05
PCM001,Central_Warehouse,122,82,85,7,2024-03-06
AMX500,Central_Warehouse,758,50,335,7,2024-03-06
IBU400,Central_Warehouse,199,50,245,7,2024-03-06
MET850,Central_Warehouse,991,52,98,7,2024-03-06
CTZ010,Central_Warehouse,612,52,267,7,2024-03-06
OMP020,Central_Warehouse,186,50,194,7,2024-03-06
AZI250,Central_Warehouse,167,51,141,7,2024-03-06
DOL650,Central_Warehouse,849,83,353,7,2024-03-06
PAN040,Central_Warehouse,346,51,277,7,2024-03-06
ASP075,Central_Warehouse,232,52,251,7,2024-03-06
PCM001,Central_Warehouse,716,85,246,7,2024-03-07
AMX500,Central_Warehouse,951,54,287,7,2024-03-07
IBU400,Central_Warehouse,150,54,193,7,2024-03-07
MET850,Central_Warehouse,474,53,35,7,2024-03-07
CTZ010,Central_Warehouse,418,50,347,7,2024-03-07
OMP020,Central_Warehouse,999,53,36,7,2024-03-07
AZI250,Central_Warehouse,300,54,347,7,2024-03-07
DOL650,Central_Warehouse,196,80,260,7,2024-03-07
PAN040,Central_Warehouse,396,54,241,7,2024-03-07
ASP075,Central_Warehouse,518,53,316,7,2024-03-07
PCM001,Central_Warehouse,250,86,339,7,2024-03-08
AMX500,Central_Warehouse,566,55,291,7,2024-03-08
IBU400,Central_Warehouse,277,51,63,7,2024-03-08
MET850,Central_Warehouse,515,54,204,7,2024-03-08
CTZ010,Central_Warehouse,573,51,67,7,2024-03-08
OMP020,Central_Warehouse,697,53,304,7,2024-03-08
AZI250,Central_Warehouse,444,51,175,7,2024-03-08
DOL650,Central_Warehouse,410,87,118,7,2024-03-08
PAN040,Central_Warehouse,456,54,152,7,2024-03-08
ASP075,Central_Warehouse,637,52,313,7,2024-03-08
PCM001,Central_Warehouse,147,106,198,7,2024-03-09
AMX500,Central_Warehouse,853,66,355,7,2024-03-09
IBU400,Central_Warehouse,600,66,190,7,2024-03-09
MET850,Central_Warehouse,753,60,163,7,2024-03-09
CTZ010,Central_Warehouse,301,62,230,7,2024-03-09
OMP020,Central_Warehouse,947,63,317,7,2024-03-09
AZI250,Central_Warehouse,874,64,327,7,2024-03-09
DOL650,Central_Warehouse,826,105,317,7,2024-03-09
PAN040,Central_Warehouse,728,64,94,7,2024-03-09
ASP075,Central_Warehouse,952,64,342,7,2024-03-09
PCM001,Central_Warehouse,731,98,335,7,2024-03-10
AMX500,Central_Warehouse,754,66,45,7,2024-03-10
IBU400,Central_Warehouse,475,60,208,7,2024-03-10
MET850,Central_Warehouse,982,64,297,7,2024-03-10
CTZ010,Central_Warehouse,395,61,247,7,2024-03-10
OMP020,Central_Warehouse,271,63,245,7,2024-03-10
AZI250,Central_Warehouse,963,60,184,7,2024-03-10
DOL650,Central_Warehouse,408,97,323,7,2024-03-10
PAN040,Central_Warehouse,901,64,132,7,2024-03-10
ASP075,Central_Warehouse,738,61,171,7,2024-03-10
PCM001,Central_Warehouse,183,79,181,7,2024-03-11
AMX500,Central_Warehouse,132,49,363,7,2024-03-11
IBU400,Central_Warehouse,389,49,345,7,2024-03-11
MET850,Central_Warehouse,774,46,169,7,2024-03-11
CTZ010,Central_Warehouse,767,48,111,7,2024-03-11
OMP020,Central_Warehouse,518,46,254,7,2024-03-11
AZI250,Central_Warehouse,616,48,296,7,2024-03-11
DOL650,Central_Warehouse,122,77,229,7,2024-03-11
PAN040,Central_Warehouse,735,46,304,7,2024-03-11
ASP075,Central_Warehouse,995,45,296,7,2024-03-11
PCM001,Central_Warehouse,963,86,140,7,2024-03-12
AMX500,Central_Warehouse,100,54,197,7,2024-03-12
IBU400,Central_Warehouse,792,55,331,7,2024-03-12
MET850,Central_Warehouse,912,54,160,7,2024-03-12
CTZ010,Central_Warehouse,646,50,103,7,2024-03-12
OMP020,Central_Warehouse,334,51,75,7,2024-03-12
AZI250,Central_Warehouse,192,55,107,7,2024-03-12
DOL650,Central_Warehouse,810,85,205,7,2024-03-12
PAN040,Central_Warehouse,507,51,52,7,2024-03-12
ASP075,Central_Warehouse,145,54,326,7,2024-03-12
PCM001,Central_Warehouse,163,87,205,7,2024-03-13
AMX500,Central_Warehouse,772,54,173,7,2024-03-13
IBU400,Central_Warehouse,324,52,335,7,2024-03-13
MET850,Central_Warehouse,889,52,177,7,2024-03-13
CTZ010,Central_Warehouse,501,55,127,7,2024-03-13
OMP020,Central_Warehouse,637,54,146,7,2024-03-13
AZI250,Central_Warehouse,225,52,281,7,2024-03-13
DOL650,Central_Warehouse,960,83,288,7,2024-03-13
PAN040,Central_Warehouse,722,51,252,7,2024-03-13
ASP075,Central_Warehouse,850,53,166,7,2024-03-13
PCM001,Central_Warehouse,426,87,77,7,2024-03-14
AMX500,Central_Warehouse,799,51,148,7,2024-03-14
IBU400,Central_Warehouse,252,54,108,7,2024-03-14
MET850,Central_Warehouse,653,52,234,7,2024-03-14
CTZ010,Central_Warehouse,966,53,105,7,2024-03-14
OMP020,Central_Warehouse,887,54,89,7,2024-03-14
AZI250,Central_Warehouse,526,54,257,7,2024-03-14
DOL650,Central_Warehouse,221,85,159,7,2024-03-14
PAN040,Central_Warehouse,547,53,190,7,2024-03-14
ASP075,Central_Warehouse,519,50,360,7,2024-03-14
PCM001,Central_Warehouse,994,81,278,7,2024-03-15
AMX500,Central_Warehouse,463,53,208,7,2024-03-15
IBU400,Central_Warehouse,724,52,214,7,2024-03-15
MET850,Central_Warehouse,780,54,222,7,2024-03-15
CTZ010,Central_Warehouse,517,50,301,7,2024-03-15
OMP020,Central_Warehouse,270,52,259,7,2024-03-15
AZI250,Central_Warehouse,243,52,148,7,2024-03-15
DOL650,Central_Warehouse,228,83,118,7,2024-03-15
PAN040,Central_Warehouse,702,54,129,7,2024-03-15
ASP075,Central_Warehouse,615,53,250,7,2024-03-15
PCM001,Central_Warehouse,348,106,311,7,2024-03-16
AMX500,Central_Warehouse,883,64,183,7,2024-03-16
IBU400,Central_Warehouse,995,63,191,7,2024-03-16
MET850,Central_Warehouse,665,60,157,7,2024-03-16
CTZ010,Central_Warehouse,488,60,57,7,2024-03-16
OMP020,Central_Warehouse,202,61,354,7,2024-03-16
AZI250,Central_Warehouse,797,63,331,7,2024-03-16
DOL650,Central_Warehouse,474,100,331,7,2024-03-16
PAN040,Central_Warehouse,941,62,262,7,2024-03-16
ASP075,Central_Warehouse,631,63,91,7,2024-03-16
PCM001,Central_Warehouse,651,100,48,7,2024-03-17
AMX500,Central_Warehouse,162,62,343,7,2024-03-17
IBU400,Central_Warehouse,722,64,38,7,2024-03-17
MET850,Central_Warehouse,842,65,293,7,2024-03-17
CTZ010,Central_Warehouse,694,64,110,7,2024-03-17
OMP020,Central_Warehouse,822,64,311,7,2024-03-17
AZI250,Central_Warehouse,132,65,239,7,2024-03-17
DOL650,Central_Warehouse,718,106,170,7,2024-03-17
PAN040,Central_Warehouse,770,66,176,7,2024-03-17
ASP075,Central_Warehouse,841,66,40,7,2024-03-17
PCM001,Central_Warehouse,248,77,324,7,2024-03-18
AMX500,Central_Warehouse,426,45,90,7,2024-03-18
IBU400,Central_Warehouse,409,46,242,7,2024-03-18
MET850,Central_Warehouse,597,48,249,7,2024-03-18
CTZ010,Central_Warehouse,987,50,279,7,2024-03-18
OMP020,Central_Warehouse,762,45,82,7,2024-03-18
AZI250,Central_Warehouse,156,48,60,7,2024-03-18
DOL650,Central_Warehouse,844,79,260,7,2024-03-18
PAN040,Central_Warehouse,512,45,161,7,2024-03-18
ASP075,Central_Warehouse,612,48,262,7,2024-03-18
PCM001,Central_Warehouse,440,88,340,7,2024-03-19
AMX500,Central_Warehouse,965,51,229,7,2024-03-19
IBU400,Central_Warehouse,229,54,70,7,2024-03-19
MET850,Central_Warehouse,882,54,110,7,2024-03-19
CTZ010,Central_Warehouse,998,53,302,7,2024-03-19
OMP020,Central_Warehouse,243,53,44,7,2024-03-19
AZI250,Central_Warehouse,382,55,83,7,2024-03-19
DOL650,Central_Warehouse,785,87,201,7,2024-03-19
PAN040,Central_Warehouse,871,51,63,7,2024-03-19
ASP075,Central_Warehouse,574,51,283,7,2024-03-19
PCM001,Central_Warehouse,656,82,350,7,2024-03-20
AMX500,Central_Warehouse,159,54,89,7,2024-03-20
IBU400,Central_Warehouse,875,52,140,7,2024-03-20
MET850,Central_Warehouse,928,53,225,7,2024-03-20
CTZ010,Central_Warehouse,349,55,274,7,2024-03-20
OMP020,Central_Warehouse,788,54,97,7,2024-03-20
AZI250,Central_Warehouse,452,52,85,7,2024-03-20
DOL650,Central_Warehouse,564,83,58,7,2024-03-20
PAN040,Central_Warehouse,295,53,46,7,2024-03-20
ASP075,Central_Warehouse,761,55,353,7,2024-03-20
PCM001,Central_Warehouse,522,83,206,7,2024-03-21
AMX500,Central_Warehouse,868,50,84,7,2024-03-21
IBU400,Central_Warehouse,348,53,263,7,2024-03-21
MET850,Central_Warehouse,430,53,68,7,2024-03-21
CTZ010,Central_Warehouse,578,53,300,7,2024-03-21
OMP020,Central_Warehouse,171,51,74,7,2024-03-21
AZI250,Central_Warehouse,814,51,145,7,2024-03-21
DOL650,Central_Warehouse,105,81,152,7,2024-03-21
PAN040,Central_Warehouse,774,53,104,7,2024-03-21
ASP075,Central_Warehouse,899,53,213,7,2024-03-21
PCM001,Central_Warehouse,465,82,265,7,2024-03-22
AMX500,Central_Warehouse,158,52,273,7,2024-03-22
IBU400,Central_Warehouse,899,53,60,7,2024-03-22
MET850,Central_Warehouse,172,53,234,7,2024-03-22
CTZ010,Central_Warehouse,694,52,340,7,2024-03-22
OMP020,Central_Warehouse,800,52,178,7,2024-03-22
AZI250,Central_Warehouse,516,53,358,7,2024-03-22
DOL650,Central_Warehouse,426,85,158,7,2024-03-22
PAN040,Central_Warehouse,760,53,332,7,2024-03-22
ASP075,Central_Warehouse,526,54,237,7,2024-03-22
PCM001,Central_Warehouse,647,97,207,7,2024-03-23
AMX500,Central_Warehouse,814,62,170,7,2024-03-23
IBU400,Central_Warehouse,943,63,307,7,2024-03-23
MET850,Central_Warehouse,900,62,175,7,2024-03-23
CTZ010,Central_Warehouse,197,63,341,7,2024-03-23
OMP020,Central_Warehouse,147,61,163,7,2024-03-23
AZI250,Central_Warehouse,621,64,288,7,2024-03-23
DOL650,Central_Warehouse,328,103,243,7,2024-03-23
PAN040,Central_Warehouse,331,65,359,7,2024-03-23
ASP075,Central_Warehouse,980,66,77,7,2024-03-23
PCM001,Central_Warehouse,736,102,165,7,2024-03-24
AMX500,Central_Warehouse,203,61,350,7,2024-03-24
IBU400,Central_Warehouse,446,66,222,7,2024-03-24
MET850,Central_Warehouse,980,65,275,7,2024-03-24
CTZ010,Central_Warehouse,200,61,85,7,2024-03-24
OMP020,Central_Warehouse,113,62,93,7,2024-03-24
AZI250,Central_Warehouse,621,62,60,7,2024-03-24
DOL650,Central_Warehouse,442,106,79,7,2024-03-24
PAN040,Central_Warehouse,915,61,249,7,2024-03-24
ASP075,Central_Warehouse,885,61,51,7,2024-03-24
PCM001,Central_Warehouse,747,76,293,7,2024-03-25
AMX500,Central_Warehouse,693,50,99,7,2024-03-25
IBU400,Central_Warehouse,506,50,182,7,2024-03-25
MET850,Central_Warehouse,243,47,106,7,2024-03-25
CTZ010,Central_Warehouse,167,48,274,7,2024-03-25
OMP020,Central_Warehouse,818,47,141,7,2024-03-25
AZI250,Central_Warehouse,278,48,267,7,2024-03-25
DOL650,Central_Warehouse,878,78,293,7,2024-03-25
PAN040,Central_Warehouse,759,47,244,7,2024-03-25
ASP075,Central_Warehouse,901,46,288,7,2024-03-25
PCM001,Central_Warehouse,482,89,274,7,2024-03-26
AMX500,Central_Warehouse,625,53,244,7,2024-03-26
IBU400,Central_Warehouse,757,50,195,7,2024-03-26
MET850,Central_Warehouse,399,52,207,7,2024-03-26
CTZ010,Central_Warehouse,610,54,84,7,2024-03-26
OMP020,Central_Warehouse,697,51,171,7,2024-03-26
AZI250,Central_Warehouse,298,51,302,7,2024-03-26
DOL650,Central_Warehouse,929,89,334,7,2024-03-26
PAN040,Central_Warehouse,706,53,181,7,2024-03-26
ASP075,Central_Warehouse,724,54,305,7,2024-03-26
PCM001,Central_Warehouse,790,88,319,7,2024-03-27
AMX500,Central_Warehouse,924,54,38,7,2024-03-27
IBU400,Central_Warehouse,498,52,55,7,2024-03-27
MET850,Central_Warehouse,361,53,254,7,2024-03-27
CTZ010,Central_Warehouse,661,56,177,7,2024-03-27
OMP020,Central_Warehouse,396,52,133,7,2024-03-27
AZI250,Central_Warehouse,949,53,161,7,2024-03-27
DOL650,Central_Warehouse,505,88,195,7,2024-03-27
PAN040,Central_Warehouse,952,53,251,7,2024-03-27
ASP075,Central_Warehouse,471,52,55,7,2024-03-27
PCM001,Central_Warehouse,402,89,55,7,2024-03-28
AMX500,Central_Warehouse,340,56,68,7,2024-03-28
IBU400,Central_Warehouse,280,52,152,7,2024-03-28
MET850,Central_Warehouse,919,55,303,7,2024-03-28
CTZ010,Central_Warehouse,168,51,235,7,2024-03-28
OMP020,Central_Warehouse,603,53,288,7,2024-03-28
AZI250,Central_Warehouse,306,55,245,7,2024-03-28
DOL650,Central_Warehouse,585,86,135,7,2024-03-28
PAN040,Central_Warehouse,564,53,47,7,2024-03-28
ASP075,Central_Warehouse,372,51,119,7,2024-03-28
PCM001,Central_Warehouse,846,85,298,7,2024-03-29
AMX500,Central_Warehouse,291,55,95,7,2024-03-29
IBU400,Central_Warehouse,492,51,349,7,2024-03-29
MET850,Central_Warehouse,180,54,229,7,2024-03-29
CTZ010,Central_Warehouse,879,51,315,7,2024-03-29
OMP020,Central_Warehouse,145,51,147,7,2024-03-29
AZI250,Central_Warehouse,900,53,113,7,2024-03-29
DOL650,Central_Warehouse,761,86,49,7,2024-03-29
PAN040,Central_Warehouse,325,55,364,7,2024-03-29
ASP075,Central_Warehouse,794,51,78,7,2024-03-29
PCM001,Central_Warehouse,133,104,249,7,2024-03-30
AMX500,Central_Warehouse,404,61,101,7,2024-03-30
IBU400,Central_Warehouse,499,64,131,7,2024-03-30
MET850,Central_Warehouse,301,63,108,7,2024-03-30
CTZ010,Central_Warehouse,154,63,83,7,2024-03-30
OMP020,Central_Warehouse,754,63,256,7,2024-03-30
AZI250,Central_Warehouse,530,66,157,7,2024-03-30
DOL650,Central_Warehouse,342,103,254,7,2024-03-30
PAN040,Central_Warehouse,267,64,94,7,2024-03-30
ASP075,Central_Warehouse,809,65,129,7,2024-03-30
PCM001,Central_Warehouse,200,107,251,7,2024-03-31
AMX500,Central_Warehouse,561,62,63,7,2024-03-31
IBU400,Central_Warehouse,420,67,251,7,2024-03-31
MET850,Central_Warehouse,501,63,208,7,2024-03-31
CTZ010,Central_Warehouse,683,62,184,7,2024-03-31
OMP020,Central_Warehouse,590,66,205,7,2024-03-31
AZI250,Central_Warehouse,414,67,183,7,2024-03-31
DOL650,Central_Warehouse,160,105,318,7,2024-03-31
PAN040,Central_Warehouse,288,61,204,7,2024-03-31
ASP075,Central_Warehouse,666,63,312,7,2024-03-31
PCM001,Central_Warehouse,377,74,40,7,2024-04-01
AMX500,Central_Warehouse,974,49,299,7,2024-04-01
IBU400,Central_Warehouse,332,48,149,7,2024-04-01
MET850,Central_Warehouse,875,49,96,7,2024-04-01
CTZ010,Central_Warehouse,278,46,168,7,2024-04-01
OMP020,Central_Warehouse,223,49,267,7,2024-04-01
AZI250,Central_Warehouse,942,48,237,7,2024-04-01
DOL650,Central_Warehouse,405,78,279,7,2024-04-01
PAN040,Central_Warehouse,884,49,34,7,2024-04-01
ASP075,Central_Warehouse,526,50,124,7,2024-04-01
PCM001,Central_Warehouse,942,89,83,7,2024-04-02
AMX500,Central_Warehouse,630,55,40,7,2024-04-02
IBU400,Central_Warehouse,750,55,91,7,2024-04-02
MET850,Central_Warehouse,905,56,49,7,2024-04-02
CTZ010,Central_Warehouse,963,53,145,7,2024-04-02
OMP020,Central_Warehouse,105,51,217,7,2024-04-02
AZI250,Central_Warehouse,676,52,187,7,2024-04-02
DOL650,Central_Warehouse,886,83,31,7,2024-04-02
PAN040,Central_Warehouse,395,53,82,7,2024-04-02
ASP075,Central_Warehouse,113,55,266,7,2024-04-02
PCM001,Central_Warehouse,278,85,235,7,2024-04-03
AMX500,Central_Warehouse,273,53,90,7,2024-04-03
IBU400,Central_Warehouse,403,53,136,7,2024-04-03
MET850,Central_Warehouse,750,54,162,7,2024-04-03
CTZ010,Central_Warehouse,430,55,310,7,2024-04-03
OMP020,Central_Warehouse,955,54,77,7,2024-04-03
AZI250,Central_Warehouse,461,52,316,7,2024-04-03
DOL650,Central_Warehouse,479,90,124,7,2024-04-03
PAN040,Central_Warehouse,337,53,319,7,2024-04-03
ASP075,Central_Warehouse,233,53,221,7,2024-04-03
PCM001,Central_Warehouse,481,88,222,7,2024-04-04
AMX500,Central_Warehouse,892,51,177,7,2024-04-04
IBU400,Central_Warehouse,602,56,45,7,2024-04-04
MET850,Central_Warehouse,157,54,54,7,2024-04-04
CTZ010,Central_Warehouse,395,51,128,7,2024-04-04
OMP020,Central_Warehouse,870,56,304,7,2024-04-04
AZI250,Central_Warehouse,724,52,186,7,2024-04-04
DOL650,Central_Warehouse,731,84,200,7,2024-04-04
PAN040,Central_Warehouse,617,53,67,7,2024-04-04
ASP075,Central_Warehouse,976,55,86,7,2024-04-04
PCM001,Central_Warehouse,695,84,280,7,2024-04-05
AMX500,Central_Warehouse,327,51,349,7,2024-04-05
IBU400,Central_Warehouse,934,55,39,7,2024-04-05
MET850,Central_Warehouse,788,53,275,7,2024-04-05
CTZ010,Central_Warehouse,645,52,214,7,2024-04-05
OMP020,Central_Warehouse,337,52,42,7,2024-04-05
AZI250,Central_Warehouse,141,52,153,7,2024-04-05
DOL650,Central_Warehouse,327,83,246,7,2024-04-05
PAN040,Central_Warehouse,221,53,364,7,2024-04-05
ASP075,Central_Warehouse,150,53,70,7,2024-04-05
PCM001,Central_Warehouse,717,108,109,7,2024-04-06
AMX500,Central_Warehouse,744,65,354,7,2024-04-06
IBU400,Central_Warehouse,406,62,270,7,2024-04-06
MET850,Central_Warehouse,562,61,67,7,2024-04-06
CTZ010,Central_Warehouse,208,65,82,7,2024-04-06
OMP020,Central_Warehouse,974,62,118,7,2024-04-06
AZI250,Central_Warehouse,390,65,61,7,2024-04-06
DOL650,Central_Warehouse,403,99,269,7,2024-04-06
PAN040,Central_Warehouse,112,62,158,7,2024-04-06
ASP075,Central_Warehouse,403,65,251,7,2024-04-06
PCM001,Central_Warehouse,733,108,63,7,2024-04-07
AMX500,Central_Warehouse,654,67,47,7,2024-04-07
IBU400,Central_Warehouse,549,64,361,7,2024-04-07
MET850,Central_Warehouse,685,65,75,7,2024-04-07
CTZ010,Central_Warehouse,959,67,190,7,2024-04-07
OMP020,Central_Warehouse,614,66,134,7,2024-04-07
AZI250,Central_Warehouse,876,66,61,7,2024-04-07
DOL650,Central_Warehouse,400,103,285,7,2024-04-07
PAN040,Central_Warehouse,789,65,208,7,2024-04-07
ASP075,Central_Warehouse,860,64,126,7,2024-04-07
PCM001,Central_Warehouse,781,74,118,7,2024-04-08
AMX500,Central_Warehouse,833,47,112,7,2024-04-08
IBU400,Central_Warehouse,965,47,66,7,2024-04-08
MET850,Central_Warehouse,884,49,117,7,2024-04-08
CTZ010,Central_Warehouse,692,47,37,7,2024-04-08
OMP020,Central_Warehouse,653,50,241,7,2024-04-08
AZI250,Central_Warehouse,585,46,187,7,2024-04-08
DOL650,Central_Warehouse,284,78,46,7,2024-04-08
PAN040,Central_Warehouse,193,46,164,7,2024-04-08
ASP075,Central_Warehouse,209,49,277,7,2024-04-08
PCM001,Central_Warehouse,745,82,98,7,2024-04-09
AMX500,Central_Warehouse,158,54,142,7,2024-04-09
IBU400,Central_Warehouse,826,51,285,7,2024-04-09
MET850,Central_Warehouse,919,56,96,7,2024-04-09
CTZ010,Central_Warehouse,831,52,47,7,2024-04-09
OMP020,Central_Warehouse,699,55,319,7,2024-04-09
AZI250,Central_Warehouse,322,56,349,7,2024-04-09
DOL650,Central_Warehouse,414,90,302,7,2024-04-09
PAN040,Central_Warehouse,236,55,155,7,2024-04-09
ASP075,Central_Warehouse,983,53,164,7,2024-04-09
PCM001,Central_Warehouse,501,88,218,7,2024-04-10
AMX500,Central_Warehouse,111,52,158,7,2024-04-10
IBU400,Central_Warehouse,585,55,57,7,2024-04-10
MET850,Central_Warehouse,693,53,211,7,2024-04-10
CTZ010,Central_Warehouse,251,55,160,7,2024-04-10
OMP020,Central_Warehouse,307,51,72,7,2024-04-10
AZI250,Central_Warehouse,485,52,220,7,2024-04-10
DOL650,Central_Warehouse,711,82,189,7,2024-04-10
PAN040,Central_Warehouse,797,52,238,7,2024-04-10
ASP075,Central_Warehouse,408,53,192,7,2024-04-10
PCM001,Central_Warehouse,470,85,68,7,2024-04-11
AMX500,Central_Warehouse,620,52,43,7,2024-04-11
IBU400,Central_Warehouse,395,52,102,7,2024-04-11
MET850,Central_Warehouse,445,52,167,7,2024-04-11
CTZ010,Central_Warehouse,147,52,256,7,2024-04-11
OMP020,Central_Warehouse,551,56,337,7,2024-04-11
AZI250,Central_Warehouse,247,52,264,7,2024-04-11
DOL650,Central_Warehouse,251,88,308,7,2024-04-11
PAN040,Central_Warehouse,867,52,122,7,2024-04-11
ASP075,Central_Warehouse,534,54,90,7,2024-04-11
PCM001,Central_Warehouse,396,86,224,7,2024-04-12
AMX500,Central_Warehouse,794,55,265,7,2024-04-12
IBU400,Central_Warehouse,457,53,231,7,2024-04-12
MET850,Central_Warehouse,642,51,332,7,2024-04-12
CTZ010,Central_Warehouse,439,53,356,7,2024-04-12
OMP020,Central_Warehouse,389,54,70,7,2024-04-12
AZI250,Central_Warehouse,295,55,89,7,2024-04-12
DOL650,Central_Warehouse,365,86,63,7,2024-04-12
PAN040,Central_Warehouse,526,53,334,7,2024-04-12
ASP075,Central_Warehouse,434,56,251,7,2024-04-12
PCM001,Central_Warehouse,918,100,73,7,2024-04-13
AMX500,Central_Warehouse,634,64,34,7,2024-04-13
IBU400,Central_Warehouse,613,65,250,7,2024-04-13
MET850,Central_Warehouse,980,66,35,7,2024-04-13
CTZ010,Central_Warehouse,398,64,135,7,2024-04-13
OMP020,Central_Warehouse,966,65,165,7,2024-04-13
AZI250,Central_Warehouse,376,64,298,7,2024-04-13
DOL650,Central_Warehouse,496,107,175,7,2024-04-13
PAN040,Central_Warehouse,727,67,295,7,2024-04-13
ASP075,Central_Warehouse,180,64,127,7,2024-04-13
PCM001,Central_Warehouse,692,99,209,7,2024-04-14
AMX500,Central_Warehouse,919,66,240,7,2024-04-14
IBU400,Central_Warehouse,646,63,79,7,2024-04-14
MET850,Central_Warehouse,845,67,173,7,2024-04-14
CTZ010,Central_Warehouse,320,63,358,7,2024-04-14
OMP020,Central_Warehouse,544,62,93,7,2024-04-14
AZI250,Central_Warehouse,675,63,86,7,2024-04-14
DOL650,Central_Warehouse,993,103,323,7,2024-04-14
PAN040,Central_Warehouse,308,64,87,7,2024-04-14
ASP075,Central_Warehouse,425,64,315,7,2024-04-14
PCM001,Central_Warehouse,602,74,77,7,2024-04-15
AMX500,Central_Warehouse,629,51,159,7,2024-04-15
IBU400,Central_Warehouse,483,49,101,7,2024-04-15
MET850,Central_Warehouse,138,50,327,7,2024-04-15
CTZ010,Central_Warehouse,705,48,217,7,2024-04-15
OMP020,Central_Warehouse,615,48,329,7,2024-04-15
AZI250,Central_Warehouse,581,48,146,7,2024-04-15
DOL650,Central_Warehouse,391,75,149,7,2024-04-15
PAN040,Central_Warehouse,434,48,180,7,2024-04-15
ASP075,Central_Warehouse,496,47,112,7,2024-04-15
PCM001,Central_Warehouse,408,87,107,7,2024-04-16
AMX500,Central_Warehouse,567,53,363,7,2024-04-16
IBU400,Central_Warehouse,105,56,230,7,2024-04-16
MET850,Central_Warehouse,961,56,233,7,2024-04-16
CTZ010,Central_Warehouse,957,51,96,7,2024-04-16
OMP020,Central_Warehouse,302,54,345,7,2024-04-16
AZI250,Central_Warehouse,623,54,153,7,2024-04-16
DOL650,Central_Warehouse,316,89,168,7,2024-04-16
PAN040,Central_Warehouse,407,54,252,7,2024-04-16
ASP075,Central_Warehouse,779,52,94,7,2024-04-16
PCM001,Central_Warehouse,257,82,166,7,2024-04-17
AMX500,Central_Warehouse,629,52,123,7,2024-04-17
IBU400,Central_Warehouse,877,52,350,7,2024-04-17
MET850,Central_Warehouse,695,56,286,7,2024-04-17
CTZ010,Central_Warehouse,357,53,334,7,2024-04-17
OMP020,Central_Warehouse,285,54,271,7,2024-04-17
AZI250,Central_Warehouse,693,56,76,7,2024-04-17
DOL650,Central_Warehouse,957,89,93,7,2024-04-17
PAN040,Central_Warehouse,615,51,157,7,2024-04-17
ASP075,Central_Warehouse,716,55,53,7,2024-04-17
PCM001,Central_Warehouse,282,83,48,7,2024-04-18
AMX500,Central_Warehouse,843,55,39,7,2024-04-18
IBU400,Central_Warehouse,507,52,141,7,2024-04-18
MET850,Central_Warehouse,917,56,170,7,2024-04-18
CTZ010,Central_Warehouse,904,53,143,7,2024-04-18
OMP020,Central_Warehouse,617,52,223,7,2024-04-18
AZI250,Central_Warehouse,824,56,324,7,2024-04-18
DOL650,Central_Warehouse,901,87,163,7,2024-04-18
PAN040,Central_Warehouse,361,54,196,7,2024-04-18
ASP075,Central_Warehouse,589,56,192,7,2024-04-18
PCM001,Central_Warehouse,232,87,182,7,2024-04-19
AMX500,Central_Warehouse,959,55,122,7,2024-04-19
IBU400,Central_Warehouse,930,53,330,7,2024-04-19
MET850,Central_Warehouse,946,54,60,7,2024-04-19
CTZ010,Central_Warehouse,152,55,261,7,2024-04-19
OMP020,Central_Warehouse,664,52,127,7,2024-04-19
AZI250,Central_Warehouse,796,56,77,7,2024-04-19
DOL650,Central_Warehouse,879,87,141,7,2024-04-19
PAN040,Central_Warehouse,462,52,112,7,2024-04-19
ASP075,Central_Warehouse,316,57,180,7,2024-04-19
PCM001,Central_Warehouse,180,101,201,7,2024-04-20
AMX500,Central_Warehouse,718,65,174,7,2024-04-20
IBU400,Central_Warehouse,362,68,59,7,2024-04-20
MET850,Central_Warehouse,230,67,43,7,2024-04-20
CTZ010,Central_Warehouse,895,67,239,7,2024-04-20
OMP020,Central_Warehouse,602,63,253,7,2024-04-20
AZI250,Central_Warehouse,559,64,134,7,2024-04-20
DOL650,Central_Warehouse,371,103,88,7,2024-04-20
PAN040,Central_Warehouse,392,67,103,7,2024-04-20
ASP075,Central_Warehouse,973,66,245,7,2024-04-20
PCM001,Central_Warehouse,900,103,60,7,2024-04-21
AMX500,Central_Warehouse,304,66,282,7,2024-04-21
IBU400,Central_Warehouse,289,63,363,7,2024-04-21
MET850,Central_Warehouse,676,65,330,7,2024-04-21
CTZ010,Central_Warehouse,980,66,123,7,2024-04-21
OMP020,Central_Warehouse,391,68,347,7,2024-04-21
AZI250,Central_Warehouse,984,66,283,7,2024-04-21
DOL650,Central_Warehouse,716,102,338,7,2024-04-21
PAN040,Central_Warehouse,679,67,196,7,2024-04-21
ASP075,Central_Warehouse,505,68,122,7,2024-04-21
PCM001,Central_Warehouse,876,79,210,7,2024-04-22
AMX500,Central_Warehouse,428,47,305,7,2024-04-22
IBU400,Central_Warehouse,162,50,134,7,2024-04-22
MET850,Central_Warehouse,927,48,246,7,2024-04-22
CTZ010,Central_Warehouse,705,51,179,7,2024-04-22
OMP020,Central_Warehouse,759,50,77,7,2024-04-22
AZI250,Central_Warehouse,269,46,31,7,2024-04-22
DOL650,Central_Warehouse,873,78,236,7,2024-04-22
PAN040,Central_Warehouse,970,47,109,7,2024-04-22
ASP075,Central_Warehouse,690,48,140,7,2024-04-22
PCM001,Central_Warehouse,192,87,165,7,2024-04-23
AMX500,Central_Warehouse,731,57,361,7,2024-04-23
IBU400,Central_Warehouse,281,55,201,7,2024-04-23
MET850,Central_Warehouse,941,54,344,7,2024-04-23
CTZ010,Central_Warehouse,846,56,339,7,2024-04-23
OMP020,Central_Warehouse,555,57,116,7,2024-04-23
AZI250,Central_Warehouse,720,55,207,7,2024-04-23
DOL650,Central_Warehouse,581,86,232,7,2024-04-23
PAN040,Central_Warehouse,123,57,222,7,2024-04-23
ASP075,Central_Warehouse,446,52,69,7,2024-04-23
PCM001,Central_Warehouse,908,90,240,7,2024-04-24
AMX500,Central_Warehouse,451,55,342,7,2024-04-24
IBU400,Central_Warehouse,486,54,218,7,2024-04-24
MET850,Central_Warehouse,330,52,180,7,2024-04-24
CTZ010,Central_Warehouse,875,52,238,7,2024-04-24
OMP020,Central_Warehouse,532,55,212,7,2024-04-24
AZI250,Central_Warehouse,760,56,358,7,2024-04-24
DOL650,Central_Warehouse,715,89,72,7,2024-04-24
PAN040,Central_Warehouse,243,54,147,7,2024-04-24
ASP075,Central_Warehouse,207,56,132,7,2024-04-24
PCM001,Central_Warehouse,727,88,225,7,2024-04-25
AMX500,Central_Warehouse,175,56,77,7,2024-04-25
IBU400,Central_Warehouse,860,57,172,7,2024-04-25
MET850,Central_Warehouse,748,52,309,7,2024-04-25
CTZ010,Central_Warehouse,902,52,248,7,2024-04-25
OMP020,Central_Warehouse,121,54,273,7,2024-04-25
AZI250,Central_Warehouse,544,52,115,7,2024-04-25
DOL650,Central_Warehouse,524,91,361,7,2024-04-25
PAN040,Central_Warehouse,586,53,86,7,2024-04-25
ASP075,Central_Warehouse,208,56,189,7,2024-04-25
PCM001,Central_Warehouse,819,86,83,7,2024-04-26
AMX500,Central_Warehouse,398,53,96,7,2024-04-26
IBU400,Central_Warehouse,530,52,351,7,2024-04-26
MET850,Central_Warehouse,704,55,34,7,2024-04-26
CTZ010,Central_Warehouse,138,56,207,7,2024-04-26
OMP020,Central_Warehouse,698,54,132,7,2024-04-26
AZI250,Central_Warehouse,436,53,311,7,2024-04-26
DOL650,Central_Warehouse,728,89,137,7,2024-04-26
PAN040,Central_Warehouse,453,55,43,7,2024-04-26
ASP075,Central_Warehouse,600,56,298,7,2024-04-26
PCM001,Central_Warehouse,316,100,219,7,2024-04-27
AMX500,Central_Warehouse,276,65,335,7,2024-04-27
IBU400,Central_Warehouse,399,62,321,7,2024-04-27
MET850,Central_Warehouse,478,65,170,7,2024-04-27
CTZ010,Central_Warehouse,432,64,192,7,2024-04-27
OMP020,Central_Warehouse,130,65,340,7,2024-04-27
AZI250,Central_Warehouse,428,68,346,7,2024-04-27
DOL650,Central_Warehouse,700,107,33,7,2024-04-27
PAN040,Central_Warehouse,523,67,141,7,2024-04-27
ASP075,Central_Warehouse,981,67,306,7,2024-04-27
PCM001,Central_Warehouse,342,104,185,7,2024-04-28
AMX500,Central_Warehouse,566,65,80,7,2024-04-28
IBU400,Central_Warehouse,534,67,49,7,2024-04-28
MET850,Central_Warehouse,847,65,281,7,2024-04-28
CTZ010,Central_Warehouse,811,67,363,7,2024-04-28
OMP020,Central_Warehouse,120,62,333,7,2024-04-28
AZI250,Central_Warehouse,976,66,315,7,2024-04-28
DOL650,Central_Warehouse,263,102,191,7,2024-04-28
PAN040,Central_Warehouse,289,62,282,7,2024-04-28
ASP075,Central_Warehouse,635,65,95,7,2024-04-28
PCM001,Central_Warehouse,181,75,323,7,2024-04-29
AMX500,Central_Warehouse,615,47,128,7,2024-04-29
IBU400,Central_Warehouse,147,50,139,7,2024-04-29
MET850,Central_Warehouse,728,49,364,7,2024-04-29
CTZ010,Central_Warehouse,909,48,365,7,2024-04-29
OMP020,Central_Warehouse,347,50,347,7,2024-04-29
AZI250,Central_Warehouse,612,50,259,7,2024-04-29
DOL650,Central_Warehouse,351,76,334,7,2024-04-29
PAN040,Central_Warehouse,910,47,213,7,2024-04-29
ASP075,Central_Warehouse,882,48,113,7,2024-04-29
PCM001,Central_Warehouse,123,86,305,7,2024-04-30
AMX500,Central_Warehouse,187,55,136,7,2024-04-30
IBU400,Central_Warehouse,213,57,282,7,2024-04-30
MET850,Central_Warehouse,361,56,327,7,2024-04-30
CTZ010,Central_Warehouse,850,55,84,7,2024-04-30
OMP020,Central_Warehouse,210,56,169,7,2024-04-30
AZI250,Central_Warehouse,716,55,206,7,2024-04-30
DOL650,Central_Warehouse,131,87,192,7,2024-04-30
PAN040,Central_Warehouse,505,55,57,7,2024-04-30
ASP075,Central_Warehouse,704,55,157,7,2024-04-30
PCM001,Central_Warehouse,790,91,109,7,2024-05-01
AMX500,Central_Warehouse,140,55,97,7,2024-05-01
IBU400,Central_Warehouse,545,54,237,7,2024-05-01
MET850,Central_Warehouse,415,54,141,7,2024-05-01
CTZ010,Central_Warehouse,342,55,199,7,2024-05-01
OMP020,Central_Warehouse,636,53,53,7,2024-05-01
AZI250,Central_Warehouse,690,56,122,7,2024-05-01
DOL650,Central_Warehouse,161,92,319,7,2024-05-01
PAN040,Central_Warehouse,621,54,244,7,2024-05-01
ASP075,Central_Warehouse,270,54,119,7,2024-05-01
PCM001,Central_Warehouse,792,90,92,7,2024-05-02
AMX500,Central_Warehouse,191,54,94,7,2024-05-02
IBU400,Central_Warehouse,578,53,68,7,2024-05-02
MET850,Central_Warehouse,612,53,239,7,2024-05-02
CTZ010,Central_Warehouse,225,56,36,7,2024-05-02
OMP020,Central_Warehouse,111,56,289,7,2024-05-02
AZI250,Central_Warehouse,888,55,68,7,2024-05-02
DOL650,Central_Warehouse,696,84,168,7,2024-05-02
PAN040,Central_Warehouse,568,54,304,7,2024-05-02
ASP075,Central_Warehouse,296,53,201,7,2024-05-02
PCM001,Central_Warehouse,203,86,295,7,2024-05-03
AMX500,Central_Warehouse,847,52,224,7,2024-05-03
IBU400,Central_Warehouse,626,54,107,7,2024-05-03
MET850,Central_Warehouse,352,53,268,7,2024-05-03
CTZ010,Central_Warehouse,715,57,171,7,2024-05-03
OMP020,Central_Warehouse,374,52,33,7,2024-05-03
AZI250,Central_Warehouse,897,53,326,7,2024-05-03
DOL650,Central_Warehouse,588,84,189,7,2024-05-03
PAN040,Central_Warehouse,778,56,98,7,2024-05-03
ASP075,Central_Warehouse,928,53,114,7,2024-05-03
PCM001,Central_Warehouse,182,105,138,7,2024-05-04
AMX500,Central_Warehouse,566,65,68,7,2024-05-04
IBU400,Central_Warehouse,754,68,271,7,2024-05-04
MET850,Central_Warehouse,494,68,336,7,2024-05-04
CTZ010,Central_Warehouse,250,63,275,7,2024-05-04
OMP020,Central_Warehouse,461,64,179,7,2024-05-04
AZI250,Central_Warehouse,526,68,346,7,2024-05-04
DOL650,Central_Warehouse,307,110,238,7,2024-05-04
PAN040,Central_Warehouse,343,69,182,7,2024-05-04
ASP075,Central_Warehouse,910,68,71,7,2024-05-04
PCM001,Central_Warehouse,641,103,173,7,2024-05-05
AMX500,Central_Warehouse,812,63,240,7,2024-05-05
IBU400,Central_Warehouse,346,65,124,7,2024-05-05
MET850,Central_Warehouse,272,64,247,7,2024-05-05
CTZ010,Central_Warehouse,277,64,217,7,2024-05-05
OMP020,Central_Warehouse,125,66,130,7,2024-05-05
AZI250,Central_Warehouse,517,65,45,7,2024-05-05
DOL650,Central_Warehouse,187,106,117,7,2024-05-05
PAN040,Central_Warehouse,429,68,245,7,2024-05-05
ASP075,Central_Warehouse,125,64,313,7,2024-05-05
PCM001,Central_Warehouse,238,82,337,7,2024-05-06
AMX500,Central_Warehouse,137,49,286,7,2024-05-06
IBU400,Central_Warehouse,134,50,159,7,2024-05-06
MET850,Central_Warehouse,628,51,283,7,2024-05-06
CTZ010,Central_Warehouse,581,48,195,7,2024-05-06
OMP020,Central_Warehouse,218,50,148,7,2024-05-06
AZI250,Central_Warehouse,346,51,187,7,2024-05-06
DOL650,Central_Warehouse,340,82,160,7,2024-05-06
PAN040,Central_Warehouse,630,48,238,7,2024-05-06
ASP075,Central_Warehouse,964,48,65,7,2024-05-06
PCM001,Central_Warehouse,935,89,35,7,2024-05-07
AMX500,Central_Warehouse,748,52,195,7,2024-05-07
IBU400,Central_Warehouse,370,52,146,7,2024-05-07
MET850,Central_Warehouse,857,54,280,7,2024-05-07
CTZ010,Central_Warehouse,451,54,94,7,2024-05-07
OMP020,Central_Warehouse,656,55,241,7,2024-05-07
AZI250,Central_Warehouse,472,57,225,7,2024-05-07
DOL650,Central_Warehouse,238,89,285,7,2024-05-07
PAN040,Central_Warehouse,591,54,141,7,2024-05-07
ASP075,Central_Warehouse,596,53,147,7,2024-05-07
PCM001,Central_Warehouse,890,87,97,7,2024-05-08
AMX500,Central_Warehouse,681,53,67,7,2024-05-08
IBU400,Central_Warehouse,341,55,105,7,2024-05-08
MET850,Central_Warehouse,207,56,262,7,2024-05-08
CTZ010,Central_Warehouse,815,54,41,7,2024-05-08
OMP020,Central_Warehouse,839,55,186,7,2024-05-08
AZI250,Central_Warehouse,559,53,206,7,2024-05-08
DOL650,Central_Warehouse,955,87,96,7,2024-05-08
PAN040,Central_Warehouse,408,56,64,7,2024-05-08
ASP075,Central_Warehouse,130,57,179,7,2024-05-08
PCM001,Central_Warehouse,220,88,330,7,2024-05-09
AMX500,Central_Warehouse,775,54,235,7,2024-05-09
IBU400,Central_Warehouse,444,57,151,7,2024-05-09
MET850,Central_Warehouse,962,52,48,7,2024-05-09
CTZ010,Central_Warehouse,130,54,90,7,2024-05-09
OMP020,Central_Warehouse,861,56,68,7,2024-05-09
AZI250,Central_Warehouse,620,54,71,7,2024-05-09
DOL650,Central_Warehouse,758,84,95,7,2024-05-09
PAN040,Central_Warehouse,326,54,35,7,2024-05-09
ASP075,Central_Warehouse,897,56,73,7,2024-05-09
PCM001,Central_Warehouse,612,90,162,7,2024-05-10
AMX500,Central_Warehouse,608,53,61,7,2024-05-10
IBU400,Central_Warehouse,993,54,266,7,2024-05-10
MET850,Central_Warehouse,999,55,74,7,2024-05-10
CTZ010,Central_Warehouse,505,57,98,7,2024-05-10
OMP020,Central_Warehouse,562,55,37,7,2024-05-10
AZI250,Central_Warehouse,745,57,212,7,2024-05-10
DOL650,Central_Warehouse,427,85,190,7,2024-05-10
PAN040,Central_Warehouse,659,55,361,7,2024-05-10
ASP075,Central_Warehouse,489,55,295,7,2024-05-10
PCM001,Central_Warehouse,275,108,231,7,2024-05-11
AMX500,Central_Warehouse,418,68,112,7,2024-05-11
IBU400,Central_Warehouse,227,65,316,7,2024-05-11
MET850,Central_Warehouse,463,68,334,7,2024-05-11
CTZ010,Central_Warehouse,340,67,288,7,2024-05-11
OMP020,Central_Warehouse,455,68,327,7,2024-05-11
AZI250,Central_Warehouse,294,68,198,7,2024-05-11
DOL650,Central_Warehouse,325,110,136,7,2024-05-11
PAN040,Central_Warehouse,713,69,265,7,2024-05-11
ASP075,Central_Warehouse,110,69,170,7,2024-05-11
PCM001,Central_Warehouse,125,106,199,7,2024-05-12
AMX500,Central_Warehouse,155,65,160,7,2024-05-12
IBU400,Central_Warehouse,592,67,207,7,2024-05-12
MET850,Central_Warehouse,875,69,141,7,2024-05-12
CTZ010,Central_Warehouse,176,66,236,7,2024-05-12
OMP020,Central_Warehouse,649,63,279,7,2024-05-12
AZI250,Central_Warehouse,466,67,59,7,2024-05-12
DOL650,Central_Warehouse,844,102,36,7,2024-05-12
PAN040,Central_Warehouse,822,67,136,7,2024-05-12
ASP075,Central_Warehouse,700,64,237,7,2024-05-12
PCM001,Central_Warehouse,510,79,364,7,2024-05-13
AMX500,Central_Warehouse,881,48,338,7,2024-05-13
IBU400,Central_Warehouse,442,49,68,7,2024-05-13
MET850,Central_Warehouse,330,51,236,7,2024-05-13
CTZ010,Central_Warehouse,355,48,338,7,2024-05-13
OMP020,Central_Warehouse,427,50,277,7,2024-05-13
AZI250,Central_Warehouse,274,49,183,7,2024-05-13
DOL650,Central_Warehouse,474,82,111,7,2024-05-13
PAN040,Central_Warehouse,714,48,187,7,2024-05-13
ASP075,Central_Warehouse,251,48,37,7,2024-05-13
PCM001,Central_Warehouse,557,92,250,7,2024-05-14
AMX500,Central_Warehouse,237,55,35,7,2024-05-14
IBU400,Central_Warehouse,551,54,194,7,2024-05-14
MET850,Central_Warehouse,179,54,83,7,2024-05-14
CTZ010,Central_Warehouse,540,56,248,7,2024-05-14
OMP020,Central_Warehouse,169,56,143,7,2024-05-14
AZI250,Central_Warehouse,921,56,72,7,2024-05-14
DOL650,Central_Warehouse,964,91,52,7,2024-05-14
PAN040,Central_Warehouse,724,55,234,7,2024-05-14
ASP075,Central_Warehouse,367,57,191,7,2024-05-14
PCM001,Central_Warehouse,791,88,362,7,2024-05-15
AMX500,Central_Warehouse,571,53,223,7,2024-05-15
IBU400,Central_Warehouse,699,54,161,7,2024-05-15
MET850,Central_Warehouse,517,56,194,7,2024-05-15
CTZ010,Central_Warehouse,667,53,63,7,2024-05-15
OMP020,Central_Warehouse,839,57,306,7,2024-05-15
AZI250,Central_Warehouse,604,55,171,7,2024-05-15
DOL650,Central_Warehouse,163,84,52,7,2024-05-15
PAN040,Central_Warehouse,573,53,319,7,2024-05-15
ASP075,Central_Warehouse,494,56,59,7,2024-05-15
PCM001,Central_Warehouse,203,85,304,7,2024-05-16
AMX500,Central_Warehouse,564,53,39,7,2024-05-16
IBU400,Central_Warehouse,829,54,65,7,2024-05-16
MET850,Central_Warehouse,382,55,285,7,2024-05-16
CTZ010,Central_Warehouse,500,58,205,7,2024-05-16
OMP020,Central_Warehouse,645,56,345,7,2024-05-16
AZI250,Central_Warehouse,389,56,262,7,2024-05-16
DOL650,Central_Warehouse,760,85,47,7,2024-05-16
PAN040,Central_Warehouse,132,56,148,7,2024-05-16
ASP075,Central_Warehouse,260,54,58,7,2024-05-16
PCM001,Central_Warehouse,118,91,324,7,2024-05-17
AMX500,Central_Warehouse,943,53,223,7,2024-05-17
IBU400,Central_Warehouse,378,57,122,7,2024-05-17
MET850,Central_Warehouse,251,53,224,7,2024-05-17
CTZ010,Central_Warehouse,231,53,118,7,2024-05-17
OMP020,Central_Warehouse,522,56,102,7,2024-05-17
AZI250,Central_Warehouse,841,57,138,7,2024-05-17
DOL650,Central_Warehouse,853,89,130,7,2024-05-17
PAN040,Central_Warehouse,256,56,81,7,2024-05-17
ASP075,Central_Warehouse,395,58,258,7,2024-05-17
PCM001,Central_Warehouse,667,108,281,7,2024-05-18
AMX500,Central_Warehouse,478,66,267,7,2024-05-18
IBU400,Central_Warehouse,179,68,335,7,2024-05-18
MET850,Central_Warehouse,171,69,268,7,2024-05-18
CTZ010,Central_Warehouse,314,67,154,7,2024-05-18
OMP020,Central_Warehouse,664,69,304,7,2024-05-18
AZI250,Central_Warehouse,796,65,255,7,2024-05-18
DOL650,Central_Warehouse,605,101,320,7,2024-05-18
PAN040,Central_Warehouse,243,68,239,7,2024-05-18
ASP075,Central_Warehouse,512,68,32,7,2024-05-18
PCM001,Central_Warehouse,974,110,304,7,2024-05-19
AMX500,Central_Warehouse,667,67,264,7,2024-05-19
IBU400,Central_Warehouse,384,70,250,7,2024-05-19
MET850,Central_Warehouse,328,69,138,7,2024-05-19
CTZ010,Central_Warehouse,382,66,160,7,2024-05-19
OMP020,Central_Warehouse,239,67,226,7,2024-05-19
AZI250,Central_Warehouse,149,65,244,7,2024-05-19
DOL650,Central_Warehouse,360,104,221,7,2024-05-19
PAN040,Central_Warehouse,946,65,39,7,2024-05-19
ASP075,Central_Warehouse,848,66,296,7,2024-05-19
PCM001,Central_Warehouse,488,79,183,7,2024-05-20
AMX500,Central_Warehouse,247,49,230,7,2024-05-20
IBU400,Central_Warehouse,922,50,312,7,2024-05-20
MET850,Central_Warehouse,641,51,129,7,2024-05-20
CTZ010,Central_Warehouse,274,48,363,7,2024-05-20
OMP020,Central_Warehouse,965,50,324,7,2024-05-20
AZI250,Central_Warehouse,594,49,152,7,2024-05-20
DOL650,Central_Warehouse,647,76,106,7,2024-05-20
PAN040,Central_Warehouse,651,48,258,7,2024-05-20
ASP075,Central_Warehouse,457,50,327,7,2024-05-20
PCM001,Central_Warehouse,254,84,254,7,2024-05-21
AMX500,Central_Warehouse,951,56,43,7,2024-05-21
IBU400,Central_Warehouse,665,54,168,7,2024-05-21
MET850,Central_Warehouse,143,53,41,7,2024-05-21
CTZ010,Central_Warehouse,187,58,37,7,2024-05-21
OMP020,Central_Warehouse,359,56,259,7,2024-05-21
AZI250,Central_Warehouse,798,55,351,7,2024-05-21
DOL650,Central_Warehouse,711,89,201,7,2024-05-21
PAN040,Central_Warehouse,453,53,46,7,2024-05-21
ASP075,Central_Warehouse,436,55,118,7,2024-05-21
PCM001,Central_Warehouse,974,86,334,7,2024-05-22
AMX500,Central_Warehouse,269,57,63,7,2024-05-22
IBU400,Central_Warehouse,345,53,113,7,2024-05-22
MET850,Central_Warehouse,487,53,355,7,2024-05-22
CTZ010,Central_Warehouse,977,58,301,7,2024-05-22
OMP020,Central_Warehouse,606,58,79,7,2024-05-22
AZI250,Central_Warehouse,984,58,351,7,2024-05-22
DOL650,Central_Warehouse,211,89,165,7,2024-05-22
PAN040,Central_Warehouse,833,53,107,7,2024-05-22
ASP075,Central_Warehouse,961,55,249,7,2024-05-22
PCM001,Central_Warehouse,299,85,307,7,2024-05-23
AMX500,Central_Warehouse,355,58,298,7,2024-05-23
IBU400,Central_Warehouse,794,54,308,7,2024-05-23
MET850,Central_Warehouse,538,56,228,7,2024-05-23
CTZ010,Central_Warehouse,474,58,341,7,2024-05-23
OMP020,Central_Warehouse,459,53,126,7,2024-05-23
AZI250,Central_Warehouse,711,57,202,7,2024-05-23
DOL650,Central_Warehouse,637,91,77,7,2024-05-23
PAN040,Central_Warehouse,948,54,360,7,2024-05-23
ASP075,Central_Warehouse,336,57,333,7,2024-05-23
PCM001,Central_Warehouse,248,87,324,7,2024-05-24
AMX500,Central_Warehouse,698,58,86,7,2024-05-24
IBU400,Central_Warehouse,898,54,48,7,2024-05-24
MET850,Central_Warehouse,209,56,84,7,2024-05-24
CTZ010,Central_Warehouse,920,55,131,7,2024-05-24
OMP020,Central_Warehouse,554,55,118,7,2024-05-24
AZI250,Central_Warehouse,190,55,336,7,2024-05-24
DOL650,Central_Warehouse,871,92,48,7,2024-05-24
PAN040,Central_Warehouse,267,57,239,7,2024-05-24
ASP075,Central_Warehouse,686,58,124,7,2024-05-24
PCM001,Central_Warehouse,541,103,350,7,2024-05-25
AMX500,Central_Warehouse,868,66,129,7,2024-05-25
IBU400,Central_Warehouse,381,69,182,7,2024-05-25
MET850,Central_Warehouse,734,69,241,7,2024-05-25
CTZ010,Central_Warehouse,516,66,305,7,2024-05-25
OMP020,Central_Warehouse,953,70,307,7,2024-05-25
AZI250,Central_Warehouse,919,68,282,7,2024-05-25
DOL650,Central_Warehouse,876,108,320,7,2024-05-25
PAN040,Central_Warehouse,726,68,320,7,2024-05-25
ASP075,Central_Warehouse,404,65,187,7,2024-05-25
PCM001,Central_Warehouse,475,106,126,7,2024-05-26
AMX500,Central_Warehouse,519,68,285,7,2024-05-26
IBU400,Central_Warehouse,392,70,266,7,2024-05-26
MET850,Central_Warehouse,406,64,130,7,2024-05-26
CTZ010,Central_Warehouse,738,68,175,7,2024-05-26
OMP020,Central_Warehouse,309,65,334,7,2024-05-26
AZI250,Central_Warehouse,878,68,190,7,2024-05-26
DOL650,Central_Warehouse,313,105,310,7,2024-05-26
PAN040,Central_Warehouse,735,65,61,7,2024-05-26
ASP075,Central_Warehouse,742,68,134,7,2024-05-26
PCM001,Central_Warehouse,848,78,295,7,2024-05-27
AMX500,Central_Warehouse,539,52,158,7,2024-05-27
IBU400,Central_Warehouse,778,51,108,7,2024-05-27
MET850,Central_Warehouse,312,51,359,7,2024-05-27
CTZ010,Central_Warehouse,979,49,282,7,2024-05-27
OMP020,Central_Warehouse,943,48,239,7,2024-05-27
AZI250,Central_Warehouse,693,50,119,7,2024-05-27
DOL650,Central_Warehouse,309,78,162,7,2024-05-27
PAN040,Central_Warehouse,599,52,199,7,2024-05-27
ASP075,Central_Warehouse,729,48,170,7,2024-05-27
PCM001,Central_Warehouse,625,85,175,7,2024-05-28
AMX500,Central_Warehouse,394,53,89,7,2024-05-28
IBU400,Central_Warehouse,332,58,301,7,2024-05-28
MET850,Central_Warehouse,541,57,170,7,2024-05-28
CTZ010,Central_Warehouse,636,56,68,7,2024-05-28
OMP020,Central_Warehouse,160,53,119,7,2024-05-28
AZI250,Central_Warehouse,380,55,315,7,2024-05-28
DOL650,Central_Warehouse,701,90,300,7,2024-05-28
PAN040,Central_Warehouse,430,56,181,7,2024-05-28
ASP075,Central_Warehouse,156,57,287,7,2024-05-28
PCM001,Central_Warehouse,236,92,291,7,2024-05-29
AMX500,Central_Warehouse,112,58,236,7,2024-05-29
IBU400,Central_Warehouse,478,58,357,7,2024-05-29
MET850,Central_Warehouse,555,54,222,7,2024-05-29
CTZ010,Central_Warehouse,255,56,349,7,2024-05-29
OMP020,Central_Warehouse,875,58,235,7,2024-05-29
AZI250,Central_Warehouse,641,58,287,7,2024-05-29
DOL650,Central_Warehouse,503,86,253,7,2024-05-29
PAN040,Central_Warehouse,841,53,226,7,2024-05-29
ASP075,Central_Warehouse,501,53,77,7,2024-05-29
PCM001,Central_Warehouse,972,92,101,7,2024-05-30
AMX500,Central_Warehouse,711,58,224,7,2024-05-30
IBU400,Central_Warehouse,837,58,31,7,2024-05-30
MET850,Central_Warehouse,301,54,304,7,2024-05-30
CTZ010,Central_Warehouse,363,57,89,7,2024-05-30
OMP020,Central_Warehouse,915,53,112,7,2024-05-30
AZI250,Central_Warehouse,201,56,176,7,2024-05-30
DOL650,Central_Warehouse,552,91,168,7,2024-05-30
PAN040,Central_Warehouse,971,55,242,7,2024-05-30
ASP075,Central_Warehouse,948,57,350,7,2024-05-30
PCM001,Central_Warehouse,394,91,158,7,2024-05-31
AMX500,Central_Warehouse,489,54,281,7,2024-05-31
IBU400,Central_Warehouse,610,55,190,7,2024-05-31
MET850,Central_Warehouse,475,58,188,7,2024-05-31
CTZ010,Central_Warehouse,301,58,179,7,2024-05-31
OMP020,Central_Warehouse,958,57,210,7,2024-05-31
AZI250,Central_Warehouse,643,54,161,7,2024-05-31
DOL650,Central_Warehouse,748,86,69,7,2024-05-31
PAN040,Central_Warehouse,707,57,143,7,2024-05-31
ASP075,Central_Warehouse,669,56,50,7,2024-05-31
PCM001,Central_Warehouse,891,124,164,7,2024-06-01
AMX500,Central_Warehouse,810,83,281,7,2024-06-01
IBU400,Central_Warehouse,811,84,297,7,2024-06-01
MET850,Central_Warehouse,986,81,30,7,2024-06-01
CTZ010,Central_Warehouse,224,77,214,7,2024-06-01
OMP020,Central_Warehouse,988,77,227,7,2024-06-01
AZI250,Central_Warehouse,695,81,80,7,2024-06-01
DOL650,Central_Warehouse,288,125,185,7,2024-06-01
PAN040,Central_Warehouse,795,83,241,7,2024-06-01
ASP075,Central_Warehouse,478,84,254,7,2024-06-01
PCM001,Central_Warehouse,449,130,305,7,2024-06-02
AMX500,Central_Warehouse,415,78,253,7,2024-06-02
IBU400,Central_Warehouse,306,79,144,7,2024-06-02
MET850,Central_Warehouse,108,80,113,7,2024-06-02
CTZ010,Central_Warehouse,578,81,353,7,2024-06-02
OMP020,Central_Warehouse,333,83,62,7,2024-06-02
AZI250,Central_Warehouse,249,77,96,7,2024-06-02
DOL650,Central_Warehouse,451,124,116,7,2024-06-02
PAN040,Central_Warehouse,838,78,225,7,2024-06-02
ASP075,Central_Warehouse,862,79,340,7,2024-06-02
PCM001,Central_Warehouse,402,94,247,7,2024-06-03
AMX500,Central_Warehouse,605,60,327,7,2024-06-03
IBU400,Central_Warehouse,142,63,158,7,2024-06-03
MET850,Central_Warehouse,109,57,222,7,2024-06-03
CTZ010,Central_Warehouse,291,61,298,7,2024-06-03
OMP020,Central_Warehouse,996,61,286,7,2024-06-03
AZI250,Central_Warehouse,998,58,257,7,2024-06-03
DOL650,Central_Warehouse,259,99,43,7,2024-06-03
PAN040,Central_Warehouse,345,63,234,7,2024-06-03
ASP075,Central_Warehouse,568,57,165,7,2024-06-03
PCM001,Central_Warehouse,348,113,346,7,2024-06-04
AMX500,Central_Warehouse,622,68,291,7,2024-06-04
IBU400,Central_Warehouse,990,69,339,7,2024-06-04
MET850,Central_Warehouse,276,68,330,7,2024-06-04
CTZ010,Central_Warehouse,454,70,290,7,2024-06-04
OMP020,Central_Warehouse,453,67,305,7,2024-06-04
AZI250,Central_Warehouse,398,70,315,7,2024-06-04
DOL650,Central_Warehouse,692,106,359,7,2024-06-04
PAN040,Central_Warehouse,583,69,148,7,2024-06-04
ASP075,Central_Warehouse,220,66,126,7,2024-06-04
PCM001,Central_Warehouse,879,108,133,7,2024-06-05
AMX500,Central_Warehouse,381,66,52,7,2024-06-05
IBU400,Central_Warehouse,447,68,37,7,2024-06-05
MET850,Central_Warehouse,535,65,353,7,2024-06-05
CTZ010,Central_Warehouse,591,65,121,7,2024-06-05
OMP020,Central_Warehouse,675,67,240,7,2024-06-05
AZI250,Central_Warehouse,348,67,57,7,2024-06-05
DOL650,Central_Warehouse,339,109,83,7,2024-06-05
PAN040,Central_Warehouse,211,69,98,7,2024-06-05
ASP075,Central_Warehouse,581,65,190,7,2024-06-05
PCM001,Central_Warehouse,215,109,174,7,2024-06-06
AMX500,Central_Warehouse,691,66,94,7,2024-06-06
IBU400,Central_Warehouse,226,70,150,7,2024-06-06
MET850,Central_Warehouse,656,69,283,7,2024-06-06
CTZ010,Central_Warehouse,298,67,177,7,2024-06-06
OMP020,Central_Warehouse,932,68,256,7,2024-06-06
AZI250,Central_Warehouse,255,66,214,7,2024-06-06
DOL650,Central_Warehouse,122,113,214,7,2024-06-06
PAN040,Central_Warehouse,128,69,114,7,2024-06-06
ASP075,Central_Warehouse,276,70,266,7,2024-06-06
PCM001,Central_Warehouse,264,110,114,7,2024-06-07
AMX500,Central_Warehouse,407,69,341,7,2024-06-07
IBU400,Central_Warehouse,130,67,266,7,2024-06-07
MET850,Central_Warehouse,510,65,298,7,2024-06-07
CTZ010,Central_Warehouse,922,67,278,7,2024-06-07
OMP020,Central_Warehouse,980,65,316,7,2024-06-07
AZI250,Central_Warehouse,301,66,225,7,2024-06-07
DOL650,Central_Warehouse,232,107,342,7,2024-06-07
PAN040,Central_Warehouse,167,64,244,7,2024-06-07
ASP075,Central_Warehouse,694,68,115,7,2024-06-07
PCM001,Central_Warehouse,704,136,340,7,2024-06-08
AMX500,Central_Warehouse,150,78,114,7,2024-06-08
IBU400,Central_Warehouse,284,79,209,7,2024-06-08
MET850,Central_Warehouse,520,82,53,7,2024-06-08
CTZ010,Central_Warehouse,715,78,301,7,2024-06-08
OMP020,Central_Warehouse,830,77,40,7,2024-06-08
AZI250,Central_Warehouse,914,82,161,7,2024-06-08
DOL650,Central_Warehouse,960,129,200,7,2024-06-08
PAN040,Central_Warehouse,416,80,113,7,2024-06-08
ASP075,Central_Warehouse,544,81,338,7,2024-06-08
PCM001,Central_Warehouse,790,124,257,7,2024-06-09
AMX500,Central_Warehouse,112,85,358,7,2024-06-09
IBU400,Central_Warehouse,177,83,324,7,2024-06-09
MET850,Central_Warehouse,233,84,220,7,2024-06-09
CTZ010,Central_Warehouse,735,83,315,7,2024-06-09
OMP020,Central_Warehouse,606,79,139,7,2024-06-09
AZI250,Central_Warehouse,315,83,335,7,2024-06-09
DOL650,Central_Warehouse,956,130,244,7,2024-06-09
PAN040,Central_Warehouse,726,80,301,7,2024-06-09
ASP075,Central_Warehouse,610,82,150,7,2024-06-09
PCM001,Central_Warehouse,414,100,49,7,2024-06-10
AMX500,Central_Warehouse,319,62,259,7,2024-06-10
IBU400,Central_Warehouse,288,62,269,7,2024-06-10
MET850,Central_Warehouse,854,61,212,7,2024-06-10
CTZ010,Central_Warehouse,835,61,333,7,2024-06-10
OMP020,Central_Warehouse,743,62,173,7,2024-06-10
AZI250,Central_Warehouse,467,60,349,7,2024-06-10
DOL650,Central_Warehouse,655,101,31,7,2024-06-10
PAN040,Central_Warehouse,811,58,216,7,2024-06-10
ASP075,Central_Warehouse,918,60,225,7,2024-06-10
PCM001,Central_Warehouse,858,107,341,7,2024-06-11
AMX500,Central_Warehouse,371,69,312,7,2024-06-11
IBU400,Central_Warehouse,856,66,303,7,2024-06-11
MET850,Central_Warehouse,209,67,100,7,2024-06-11
CTZ010,Central_Warehouse,701,67,243,7,2024-06-11
OMP020,Central_Warehouse,235,70,302,7,2024-06-11
AZI250,Central_Warehouse,161,66,348,7,2024-06-11
DOL650,Central_Warehouse,927,103,129,7,2024-06-11
PAN040,Central_Warehouse,633,69,176,7,2024-06-11
ASP075,Central_Warehouse,496,69,250,7,2024-06-11
PCM001,Central_Warehouse,372,107,202,7,2024-06-12
AMX500,Central_Warehouse,528,68,320,7,2024-06-12
IBU400,Central_Warehouse,223,66,307,7,2024-06-12
MET850,Central_Warehouse,863,67,56,7,2024-06-12
CTZ010,Central_Warehouse,207,66,138,7,2024-06-12
OMP020,Central_Warehouse,407,69,100,7,2024-06-12
AZI250,Central_Warehouse,136,65,174,7,2024-06-12
DOL650,Central_Warehouse,797,110,53,7,2024-06-12
PAN040,Central_Warehouse,619,69,199,7,2024-06-12
ASP075,Central_Warehouse,926,69,119,7,2024-06-12
PCM001,Central_Warehouse,219,111,204,7,2024-06-13
AMX500,Central_Warehouse,249,69,356,7,2024-06-13
IBU400,Central_Warehouse,634,69,89,7,2024-06-13
MET850,Central_Warehouse,512,71,220,7,2024-06-13
CTZ010,Central_Warehouse,898,68,138,7,2024-06-13
OMP020,Central_Warehouse,607,65,79,7,2024-06-13
AZI250,Central_Warehouse,225,69,109,7,2024-06-13
DOL650,Central_Warehouse,882,113,255,7,2024-06-13
PAN040,Central_Warehouse,780,69,32,7,2024-06-13
ASP075,Central_Warehouse,655,65,347,7,2024-06-13
PCM001,Central_Warehouse,317,106,327,7,2024-06-14
AMX500,Central_Warehouse,943,70,41,7,2024-06-14
IBU400,Central_Warehouse,700,64,153,7,2024-06-14
MET850,Central_Warehouse,643,68,53,7,2024-06-14
CTZ010,Central_Warehouse,546,69,98,7,2024-06-14
OMP020,Central_Warehouse,336,70,56,7,2024-06-14
AZI250,Central_Warehouse,350,69,175,7,2024-06-14
DOL650,Central_Warehouse,548,113,132,7,2024-06-14
PAN040,Central_Warehouse,893,69,85,7,2024-06-14
ASP075,Central_Warehouse,437,68,310,7,2024-06-14
PCM001,Central_Warehouse,963,127,66,7,2024-06-15
AMX500,Central_Warehouse,893,84,196,7,2024-06-15
IBU400,Central_Warehouse,415,83,202,7,2024-06-15
MET850,Central_Warehouse,381,80,172,7,2024-06-15
CTZ010,Central_Warehouse,800,84,188,7,2024-06-15
OMP020,Central_Warehouse,821,85,216,7,2024-06-15
AZI250,Central_Warehouse,642,79,128,7,2024-06-15
DOL650,Central_Warehouse,831,128,320,7,2024-06-15
PAN040,Central_Warehouse,888,80,320,7,2024-06-15
ASP075,Central_Warehouse,841,80,331,7,2024-06-15
PCM001,Central_Warehouse,629,128,261,7,2024-06-16
AMX500,Central_Warehouse,773,81,104,7,2024-06-16
IBU400,Central_Warehouse,967,83,342,7,2024-06-16
MET850,Central_Warehouse,921,79,75,7,2024-06-16
CTZ010,Central_Warehouse,587,85,69,7,2024-06-16
OMP020,Central_Warehouse,274,85,354,7,2024-06-16
AZI250,Central_Warehouse,257,85,167,7,2024-06-16
DOL650,Central_Warehouse,970,130,224,7,2024-06-16
PAN040,Central_Warehouse,152,80,202,7,2024-06-16
ASP075,Central_Warehouse,123,83,180,7,2024-06-16
PCM001,Central_Warehouse,788,96,276,7,2024-06-17
AMX500,Central_Warehouse,846,63,256,7,2024-06-17
IBU400,Central_Warehouse,249,60,278,7,2024-06-17
MET850,Central_Warehouse,486,64,322,7,2024-06-17
CTZ010,Central_Warehouse,885,63,117,7,2024-06-17
OMP020,Central_Warehouse,236,62,255,7,2024-06-17
AZI250,Central_Warehouse,749,60,188,7,2024-06-17
DOL650,Central_Warehouse,418,98,233,7,2024-06-17
PAN040,Central_Warehouse,656,58,135,7,2024-06-17
ASP075,Central_Warehouse,981,59,151,7,2024-06-17
PCM001,Central_Warehouse,587,113,241,7,2024-06-18
AMX500,Central_Warehouse,927,66,311,7,2024-06-18
IBU400,Central_Warehouse,763,71,204,7,2024-06-18
MET850,Central_Warehouse,440,66,37,7,2024-06-18
CTZ010,Central_Warehouse,240,66,203,7,2024-06-18
OMP020,Central_Warehouse,622,68,128,7,2024-06-18
AZI250,Central_Warehouse,994,66,202,7,2024-06-18
DOL650,Central_Warehouse,544,108,194,7,2024-06-18
PAN040,Central_Warehouse,201,69,259,7,2024-06-18
ASP075,Central_Warehouse,185,69,267,7,2024-06-18
PCM001,Central_Warehouse,854,109,307,7,2024-06-19
AMX500,Central_Warehouse,494,69,231,7,2024-06-19
IBU400,Central_Warehouse,535,70,302,7,2024-06-19
MET850,Central_Warehouse,224,64,345,7,2024-06-19
CTZ010,Central_Warehouse,800,69,72,7,2024-06-19
OMP020,Central_Warehouse,343,69,171,7,2024-06-19
AZI250,Central_Warehouse,905,70,346,7,2024-06-19
DOL650,Central_Warehouse,107,114,160,7,2024-06-19
PAN040,Central_Warehouse,637,71,123,7,2024-06-19
ASP075,Central_Warehouse,634,71,358,7,2024-06-19
PCM001,Central_Warehouse,624,104,225,7,2024-06-20
AMX500,Central_Warehouse,683,68,124,7,2024-06-20
IBU400,Central_Warehouse,605,66,325,7,2024-06-20
MET850,Central_Warehouse,268,66,121,7,2024-06-20
CTZ010,Central_Warehouse,857,67,278,7,2024-06-20
OMP020,Central_Warehouse,171,66,247,7,2024-06-20
AZI250,Central_Warehouse,638,68,253,7,2024-06-20
DOL650,Central_Warehouse,316,106,244,7,2024-06-20
PAN040,Central_Warehouse,680,71,351,7,2024-06-20
ASP075,Central_Warehouse,805,65,353,7,2024-06-20
PCM001,Central_Warehouse,182,106,254,7,2024-06-21
AMX500,Central_Warehouse,313,71,104,7,2024-06-21
IBU400,Central_Warehouse,686,71,337,7,2024-06-21
MET850,Central_Warehouse,306,71,138,7,2024-06-21
CTZ010,Central_Warehouse,366,68,329,7,2024-06-21
OMP020,Central_Warehouse,980,71,154,7,2024-06-21
AZI250,Central_Warehouse,117,71,316,7,2024-06-21
DOL650,Central_Warehouse,856,107,334,7,2024-06-21
PAN040,Central_Warehouse,166,65,184,7,2024-06-21
ASP075,Central_Warehouse,389,66,200,7,2024-06-21
PCM001,Central_Warehouse,516,132,76,7,2024-06-22
AMX500,Central_Warehouse,191,83,133,7,2024-06-22
IBU400,Central_Warehouse,762,80,162,7,2024-06-22
MET850,Central_Warehouse,143,81,172,7,2024-06-22
CTZ010,Central_Warehouse,276,85,49,7,2024-06-22
OMP020,Central_Warehouse,824,78,223,7,2024-06-22
AZI250,Central_Warehouse,645,79,224,7,2024-06-22
DOL650,Central_Warehouse,505,125,255,7,2024-06-22
PAN040,Central_Warehouse,291,79,82,7,2024-06-22
ASP075,Central_Warehouse,947,86,271,7,2024-06-22
PCM001,Central_Warehouse,981,136,314,7,2024-06-23
AMX500,Central_Warehouse,269,80,284,7,2024-06-23
IBU400,Central_Warehouse,718,85,126,7,2024-06-23
MET850,Central_Warehouse,382,78,100,7,2024-06-23
CTZ010,Central_Warehouse,439,84,350,7,2024-06-23
OMP020,Central_Warehouse,293,79,308,7,2024-06-23
AZI250,Central_Warehouse,876,78,59,7,2024-06-23
DOL650,Central_Warehouse,782,126,202,7,2024-06-23
PAN040,Central_Warehouse,235,84,52,7,2024-06-23
ASP075,Central_Warehouse,118,84,182,7,2024-06-23
PCM001,Central_Warehouse,967,102,68,7,2024-06-24
AMX500,Central_Warehouse,842,59,271,7,2024-06-24
IBU400,Central_Warehouse,132,62,81,7,2024-06-24
MET850,Central_Warehouse,985,62,218,7,2024-06-24
CTZ010,Central_Warehouse,267,60,57,7,2024-06-24
OMP020,Central_Warehouse,674,64,283,7,2024-06-24
AZI250,Central_Warehouse,589,60,185,7,2024-06-24
DOL650,Central_Warehouse,827,95,133,7,2024-06-24
PAN040,Central_Warehouse,635,58,296,7,2024-06-24
ASP075,Central_Warehouse,810,64,178,7,2024-06-24
PCM001,Central_Warehouse,729,106,72,7,2024-06-25
AMX500,Central_Warehouse,290,70,179,7,2024-06-25
IBU400,Central_Warehouse,300,65,146,7,2024-06-25
MET850,Central_Warehouse,468,66,114,7,2024-06-25
CTZ010,Central_Warehouse,407,68,328,7,2024-06-25
OMP020,Central_Warehouse,139,67,65,7,2024-06-25
AZI250,Central_Warehouse,783,69,228,7,2024-06-25
DOL650,Central_Warehouse,654,104,189,7,2024-06-25
PAN040,Central_Warehouse,874,67,323,7,2024-06-25
ASP075,Central_Warehouse,158,67,237,7,2024-06-25
PCM001,Central_Warehouse,414,110,351,7,2024-06-26
AMX500,Central_Warehouse,959,69,319,7,2024-06-26
IBU400,Central_Warehouse,118,67,280,7,2024-06-26
MET850,Central_Warehouse,724,66,329,7,2024-06-26
CTZ010,Central_Warehouse,559,71,258,7,2024-06-26
OMP020,Central_Warehouse,620,71,151,7,2024-06-26
AZI250,Central_Warehouse,736,66,340,7,2024-06-26
DOL650,Central_Warehouse,511,109,353,7,2024-06-26
PAN040,Central_Warehouse,927,68,91,7,2024-06-26
ASP075,Central_Warehouse,923,66,307,7,2024-06-26
PCM001,Central_Warehouse,697,106,307,7,2024-06-27
AMX500,Central_Warehouse,862,69,288,7,2024-06-27
IBU400,Central_Warehouse,101,69,99,7,2024-06-27
MET850,Central_Warehouse,629,67,299,7,2024-06-27
CTZ010,Central_Warehouse,753,67,90,7,2024-06-27
OMP020,Central_Warehouse,326,72,248,7,2024-06-27
AZI250,Central_Warehouse,887,70,306,7,2024-06-27
DOL650,Central_Warehouse,118,109,147,7,2024-06-27
PAN040,Central_Warehouse,280,69,75,7,2024-06-27
ASP075,Central_Warehouse,682,68,178,7,2024-06-27
PCM001,Central_Warehouse,680,107,138,7,2024-06-28
AMX500,Central_Warehouse,454,68,170,7,2024-06-28
IBU400,Central_Warehouse,198,66,204,7,2024-06-28
MET850,Central_Warehouse,882,70,74,7,2024-06-28
CTZ010,Central_Warehouse,606,71,68,7,2024-06-28
OMP020,Central_Warehouse,871,67,233,7,2024-06-28
AZI250,Central_Warehouse,949,70,199,7,2024-06-28
DOL650,Central_Warehouse,857,106,359,7,2024-06-28
PAN040,Central_Warehouse,784,69,365,7,2024-06-28
ASP075,Central_Warehouse,885,67,154,7,2024-06-28
PCM001,Central_Warehouse,291,131,255,7,2024-06-29
AMX500,Central_Warehouse,738,85,287,7,2024-06-29
IBU400,Central_Warehouse,558,79,298,7,2024-06-29
MET850,Central_Warehouse,730,84,224,7,2024-06-29
CTZ010,Central_Warehouse,896,79,125,7,2024-06-29
OMP020,Central_Warehouse,772,79,33,7,2024-06-29
AZI250,Central_Warehouse,489,82,229,7,2024-06-29
DOL650,Central_Warehouse,882,131,273,7,2024-06-29
PAN040,Central_Warehouse,759,82,255,7,2024-06-29
ASP075,Central_Warehouse,603,83,209,7,2024-06-29
PCM001,Central_Warehouse,834,125,203,7,2024-06-30
AMX500,Central_Warehouse,846,85,243,7,2024-06-30
IBU400,Central_Warehouse,989,85,266,7,2024-06-30
MET850,Central_Warehouse,974,84,224,7,2024-06-30
CTZ010,Central_Warehouse,373,79,106,7,2024-06-30
OMP020,Central_Warehouse,745,85,160,7,2024-06-30
AZI250,Central_Warehouse,866,79,129,7,2024-06-30
DOL650,Central_Warehouse,244,128,91,7,2024-06-30
PAN040,Central_Warehouse,236,84,137,7,2024-06-30
ASP075,Central_Warehouse,107,82,52,7,2024-06-30
PCM001,Central_Warehouse,547,99,227,7,2024-07-01
AMX500,Central_Warehouse,901,59,252,7,2024-07-01
IBU400,Central_Warehouse,627,64,239,7,2024-07-01
MET850,Central_Warehouse,411,63,136,7,2024-07-01
CTZ010,Central_Warehouse,442,64,255,7,2024-07-01
OMP020,Central_Warehouse,423,62,84,7,2024-07-01
AZI250,Central_Warehouse,605,64,282,7,2024-07-01
DOL650,Central_Warehouse,135,98,290,7,2024-07-01
PAN040,Central_Warehouse,255,64,237,7,2024-07-01
ASP075,Central_Warehouse,704,61,216,7,2024-07-01
PCM001,Central_Warehouse,439,113,175,7,2024-07-02
AMX500,Central_Warehouse,407,72,170,7,2024-07-02
IBU400,Central_Warehouse,667,68,352,7,2024-07-02
MET850,Central_Warehouse,646,69,234,7,2024-07-02
CTZ010,Central_Warehouse,692,66,142,7,2024-07-02
OMP020,Central_Warehouse,153,70,95,7,2024-07-02
AZI250,Central_Warehouse,756,68,228,7,2024-07-02
DOL650,Central_Warehouse,640,115,302,7,2024-07-02
PAN040,Central_Warehouse,294,66,258,7,2024-07-02
ASP075,Central_Warehouse,894,71,177,7,2024-07-02
PCM001,Central_Warehouse,617,107,310,7,2024-07-03
AMX500,Central_Warehouse,140,71,109,7,2024-07-03
IBU400,Central_Warehouse,891,67,54,7,2024-07-03
MET850,Central_Warehouse,228,65,234,7,2024-07-03
CTZ010,Central_Warehouse,834,69,246,7,2024-07-03
OMP020,Central_Warehouse,838,70,243,7,2024-07-03
AZI250,Central_Warehouse,230,71,74,7,2024-07-03
DOL650,Central_Warehouse,236,106,71,7,2024-07-03
PAN040,Central_Warehouse,668,71,103,7,2024-07-03
ASP075,Central_Warehouse,423,67,185,7,2024-07-03
PCM001,Central_Warehouse,871,111,42,7,2024-07-04
AMX500,Central_Warehouse,908,68,201,7,2024-07-04
IBU400,Central_Warehouse,235,66,181,7,2024-07-04
MET850,Central_Warehouse,971,67,199,7,2024-07-04
CTZ010,Central_Warehouse,848,70,328,7,2024-07-04
OMP020,Central_Warehouse,897,70,135,7,2024-07-04
AZI250,Central_Warehouse,179,72,126,7,2024-07-04
DOL650,Central_Warehouse,621,115,303,7,2024-07-04
PAN040,Central_Warehouse,375,68,306,7,2024-07-04
ASP075,Central_Warehouse,405,67,327,7,2024-07-04
PCM001,Central_Warehouse,319,112,204,7,2024-07-05
AMX500,Central_Warehouse,538,66,245,7,2024-07-05
IBU400,Central_Warehouse,385,66,257,7,2024-07-05
MET850,Central_Warehouse,882,66,169,7,2024-07-05
CTZ010,Central_Warehouse,533,68,211,7,2024-07-05
OMP020,Central_Warehouse,549,69,55,7,2024-07-05
AZI250,Central_Warehouse,891,71,301,7,2024-07-05
DOL650,Central_Warehouse,137,107,299,7,2024-07-05
PAN040,Central_Warehouse,827,70,70,7,2024-07-05
ASP075,Central_Warehouse,369,71,240,7,2024-07-05
PCM001,Central_Warehouse,639,129,65,7,2024-07-06
AMX500,Central_Warehouse,820,86,254,7,2024-07-06
IBU400,Central_Warehouse,619,80,317,7,2024-07-06
MET850,Central_Warehouse,388,86,140,7,2024-07-06
CTZ010,Central_Warehouse,872,80,267,7,2024-07-06
OMP020,Central_Warehouse,664,80,250,7,2024-07-06
AZI250,Central_Warehouse,574,84,272,7,2024-07-06
DOL650,Central_Warehouse,110,132,86,7,2024-07-06
PAN040,Central_Warehouse,377,83,336,7,2024-07-06
ASP075,Central_Warehouse,319,86,285,7,2024-07-06
PCM001,Central_Warehouse,547,139,299,7,2024-07-07
AMX500,Central_Warehouse,361,86,59,7,2024-07-07
IBU400,Central_Warehouse,219,86,266,7,2024-07-07
MET850,Central_Warehouse,484,86,123,7,2024-07-07
CTZ010,Central_Warehouse,530,82,346,7,2024-07-07
OMP020,Central_Warehouse,906,82,344,7,2024-07-07
AZI250,Central_Warehouse,887,80,219,7,2024-07-07
DOL650,Central_Warehouse,436,132,87,7,2024-07-07
PAN040,Central_Warehouse,639,81,277,7,2024-07-07
ASP075,Central_Warehouse,379,85,162,7,2024-07-07
PCM001,Central_Warehouse,667,102,272,7,2024-07-08
AMX500,Central_Warehouse,657,59,58,7,2024-07-08
IBU400,Central_Warehouse,519,63,344,7,2024-07-08
MET850,Central_Warehouse,124,63,185,7,2024-07-08
CTZ010,Central_Warehouse,176,62,187,7,2024-07-08
OMP020,Central_Warehouse,683,65,136,7,2024-07-08
AZI250,Central_Warehouse,713,63,337,7,2024-07-08
DOL650,Central_Warehouse,627,99,63,7,2024-07-08
PAN040,Central_Warehouse,849,62,293,7,2024-07-08
ASP075,Central_Warehouse,667,59,341,7,2024-07-08
PCM001,Central_Warehouse,631,109,283,7,2024-07-09
AMX500,Central_Warehouse,283,72,248,7,2024-07-09
IBU400,Central_Warehouse,139,70,229,7,2024-07-09
MET850,Central_Warehouse,635,70,361,7,2024-07-09
CTZ010,Central_Warehouse,827,69,176,7,2024-07-09
OMP020,Central_Warehouse,916,69,342,7,2024-07-09
AZI250,Central_Warehouse,661,67,342,7,2024-07-09
DOL650,Central_Warehouse,879,115,346,7,2024-07-09
PAN040,Central_Warehouse,240,66,336,7,2024-07-09
ASP075,Central_Warehouse,130,67,184,7,2024-07-09
PCM001,Central_Warehouse,677,114,204,7,2024-07-10
AMX500,Central_Warehouse,994,69,231,7,2024-07-10
IBU400,Central_Warehouse,893,68,58,7,2024-07-10
MET850,Central_Warehouse,265,71,284,7,2024-07-10
CTZ010,Central_Warehouse,753,71,348,7,2024-07-10
OMP020,Central_Warehouse,198,72,256,7,2024-07-10
AZI250,Central_Warehouse,838,69,324,7,2024-07-10
DOL650,Central_Warehouse,725,110,97,7,2024-07-10
PAN040,Central_Warehouse,901,69,206,7,2024-07-10
ASP075,Central_Warehouse,497,70,250,7,2024-07-10
PCM001,Central_Warehouse,160,115,348,7,2024-07-11
AMX500,Central_Warehouse,930,69,175,7,2024-07-11
IBU400,Central_Warehouse,846,66,326,7,2024-07-11
MET850,Central_Warehouse,476,67,92,7,2024-07-11
CTZ010,Central_Warehouse,131,70,152,7,2024-07-11
OMP020,Central_Warehouse,586,70,48,7,2024-07-11
AZI250,Central_Warehouse,433,66,280,7,2024-07-11
DOL650,Central_Warehouse,993,106,272,7,2024-07-11
PAN040,Central_Warehouse,157,66,297,7,2024-07-11
ASP075,Central_Warehouse,923,71,252,7,2024-07-11
PCM001,Central_Warehouse,490,115,360,7,2024-07-12
AMX500,Central_Warehouse,484,67,93,7,2024-07-12
IBU400,Central_Warehouse,947,69,350,7,2024-07-12
MET850,Central_Warehouse,458,70,330,7,2024-07-12
CTZ010,Central_Warehouse,275,66,80,7,2024-07-12
OMP020,Central_Warehouse,164,71,332,7,2024-07-12
AZI250,Central_Warehouse,541,70,86,7,2024-07-12
DOL650,Central_Warehouse,355,113,230,7,2024-07-12
PAN040,Central_Warehouse,606,72,157,7,2024-07-12
ASP075,Central_Warehouse,225,71,351,7,2024-07-12
PCM001,Central_Warehouse,526,129,143,7,2024-07-13
AMX500,Central_Warehouse,238,86,61,7,2024-07-13
IBU400,Central_Warehouse,412,87,52,7,2024-07-13
MET850,Central_Warehouse,404,81,100,7,2024-07-13
CTZ010,Central_Warehouse,590,87,101,7,2024-07-13
OMP020,Central_Warehouse,960,85,187,7,2024-07-13
AZI250,Central_Warehouse,843,83,73,7,2024-07-13
DOL650,Central_Warehouse,177,131,166,7,2024-07-13
PAN040,Central_Warehouse,997,83,226,7,2024-07-13
ASP075,Central_Warehouse,209,83,236,7,2024-07-13
PCM001,Central_Warehouse,999,134,261,7,2024-07-14
AMX500,Central_Warehouse,475,83,213,7,2024-07-14
IBU400,Central_Warehouse,602,81,288,7,2024-07-14
MET850,Central_Warehouse,232,81,76,7,2024-07-14
CTZ010,Central_Warehouse,105,83,179,7,2024-07-14
OMP020,Central_Warehouse,511,85,268,7,2024-07-14
AZI250,Central_Warehouse,198,83,89,7,2024-07-14
DOL650,Central_Warehouse,213,138,298,7,2024-07-14
PAN040,Central_Warehouse,374,87,127,7,2024-07-14
ASP075,Central_Warehouse,220,83,330,7,2024-07-14
PCM001,Central_Warehouse,145,98,74,7,2024-07-15
AMX500,Central_Warehouse,627,63,245,7,2024-07-15
IBU400,Central_Warehouse,764,61,348,7,2024-07-15
MET850,Central_Warehouse,291,64,192,7,2024-07-15
CTZ010,Central_Warehouse,701,63,64,7,2024-07-15
OMP020,Central_Warehouse,145,64,281,7,2024-07-15
AZI250,Central_Warehouse,901,61,308,7,2024-07-15
DOL650,Central_Warehouse,935,96,121,7,2024-07-15
PAN040,Central_Warehouse,237,61,30,7,2024-07-15
ASP075,Central_Warehouse,869,63,257,7,2024-07-15
PCM001,Central_Warehouse,893,109,359,7,2024-07-16
AMX500,Central_Warehouse,823,70,53,7,2024-07-16
IBU400,Central_Warehouse,433,71,343,7,2024-07-16
MET850,Central_Warehouse,473,71,279,7,2024-07-16
CTZ010,Central_Warehouse,220,71,176,7,2024-07-16
OMP020,Central_Warehouse,596,70,58,7,2024-07-16
AZI250,Central_Warehouse,720,68,228,7,2024-07-16
DOL650,Central_Warehouse,346,106,156,7,2024-07-16
PAN040,Central_Warehouse,908,69,74,7,2024-07-16
ASP075,Central_Warehouse,628,68,54,7,2024-07-16
PCM001,Central_Warehouse,860,113,348,7,2024-07-17
AMX500,Central_Warehouse,633,67,340,7,2024-07-17
IBU400,Central_Warehouse,378,67,121,7,2024-07-17
MET850,Central_Warehouse,291,71,363,7,2024-07-17
CTZ010,Central_Warehouse,234,73,302,7,2024-07-17
OMP020,Central_Warehouse,407,66,67,7,2024-07-17
AZI250,Central_Warehouse,441,69,298,7,2024-07-17
DOL650,Central_Warehouse,827,111,92,7,2024-07-17
PAN040,Central_Warehouse,557,69,329,7,2024-07-17
ASP075,Central_Warehouse,591,71,213,7,2024-07-17
PCM001,Central_Warehouse,704,111,304,7,2024-07-18
AMX500,Central_Warehouse,987,70,345,7,2024-07-18
IBU400,Central_Warehouse,383,69,294,7,2024-07-18
MET850,Central_Warehouse,399,68,134,7,2024-07-18
CTZ010,Central_Warehouse,267,66,323,7,2024-07-18
OMP020,Central_Warehouse,236,71,358,7,2024-07-18
AZI250,Central_Warehouse,680,66,100,7,2024-07-18
DOL650,Central_Warehouse,860,116,152,7,2024-07-18
PAN040,Central_Warehouse,502,70,299,7,2024-07-18
ASP075,Central_Warehouse,831,67,269,7,2024-07-18
PCM001,Central_Warehouse,128,115,215,7,2024-07-19
AMX500,Central_Warehouse,504,72,356,7,2024-07-19
IBU400,Central_Warehouse,302,66,184,7,2024-07-19
MET850,Central_Warehouse,247,67,227,7,2024-07-19
CTZ010,Central_Warehouse,895,67,250,7,2024-07-19
OMP020,Central_Warehouse,853,66,224,7,2024-07-19
AZI250,Central_Warehouse,772,68,130,7,2024-07-19
DOL650,Central_Warehouse,733,110,274,7,2024-07-19
PAN040,Central_Warehouse,256,68,362,7,2024-07-19
ASP075,Central_Warehouse,619,70,248,7,2024-07-19
PCM001,Central_Warehouse,920,137,163,7,2024-07-20
AMX500,Central_Warehouse,796,85,119,7,2024-07-20
IBU400,Central_Warehouse,491,79,284,7,2024-07-20
MET850,Central_Warehouse,756,87,251,7,2024-07-20
CTZ010,Central_Warehouse,480,80,54,7,2024-07-20
OMP020,Central_Warehouse,853,83,70,7,2024-07-20
AZI250,Central_Warehouse,992,82,316,7,2024-07-20
DOL650,Central_Warehouse,154,129,314,7,2024-07-20
PAN040,Central_Warehouse,932,80,83,7,2024-07-20
ASP075,Central_Warehouse,243,81,122,7,2024-07-20
PCM001,Central_Warehouse,599,132,326,7,2024-07-21
AMX500,Central_Warehouse,123,80,242,7,2024-07-21
IBU400,Central_Warehouse,901,85,206,7,2024-07-21
MET850,Central_Warehouse,584,80,249,7,2024-07-21
CTZ010,Central_Warehouse,640,82,346,7,2024-07-21
OMP020,Central_Warehouse,406,82,179,7,2024-07-21
AZI250,Central_Warehouse,605,82,293,7,2024-07-21
DOL650,Central_Warehouse,968,136,221,7,2024-07-21
PAN040,Central_Warehouse,517,87,228,7,2024-07-21
ASP075,Central_Warehouse,939,79,323,7,2024-07-21
PCM001,Central_Warehouse,599,104,50,7,2024-07-22
AMX500,Central_Warehouse,327,62,241,7,2024-07-22
IBU400,Central_Warehouse,883,62,309,7,2024-07-22
MET850,Central_Warehouse,754,64,122,7,2024-07-22
CTZ010,Central_Warehouse,308,63,78,7,2024-07-22
OMP020,Central_Warehouse,845,63,52,7,2024-07-22
AZI250,Central_Warehouse,317,63,289,7,2024-07-22
DOL650,Central_Warehouse,973,105,51,7,2024-07-22
PAN040,Central_Warehouse,728,65,160,7,2024-07-22
ASP075,Central_Warehouse,504,64,323,7,2024-07-22
PCM001,Central_Warehouse,697,117,311,7,2024-07-23
AMX500,Central_Warehouse,502,71,213,7,2024-07-23
IBU400,Central_Warehouse,750,68,37,7,2024-07-23
MET850,Central_Warehouse,216,71,58,7,2024-07-23
CTZ010,Central_Warehouse,723,70,65,7,2024-07-23
OMP020,Central_Warehouse,854,70,307,7,2024-07-23
AZI250,Central_Warehouse,711,70,204,7,2024-07-23
DOL650,Central_Warehouse,355,111,96,7,2024-07-23
PAN040,Central_Warehouse,231,69,133,7,2024-07-23
ASP075,Central_Warehouse,826,66,350,7,2024-07-23
PCM001,Central_Warehouse,826,115,116,7,2024-07-24
AMX500,Central_Warehouse,967,67,75,7,2024-07-24
IBU400,Central_Warehouse,770,71,121,7,2024-07-24
MET850,Central_Warehouse,129,69,134,7,2024-07-24
CTZ010,Central_Warehouse,423,70,188,7,2024-07-24
OMP020,Central_Warehouse,184,69,45,7,2024-07-24
AZI250,Central_Warehouse,565,66,267,7,2024-07-24
DOL650,Central_Warehouse,329,115,135,7,2024-07-24
PAN040,Central_Warehouse,461,70,351,7,2024-07-24
ASP075,Central_Warehouse,643,67,77,7,2024-07-24
PCM001,Central_Warehouse,975,112,266,7,2024-07-25
AMX500,Central_Warehouse,153,73,195,7,2024-07-25
IBU400,Central_Warehouse,316,72,160,7,2024-07-25
MET850,Central_Warehouse,661,71,170,7,2024-07-25
CTZ010,Central_Warehouse,198,71,36,7,2024-07-25
OMP020,Central_Warehouse,475,70,170,7,2024-07-25
AZI250,Central_Warehouse,349,69,33,7,2024-07-25
DOL650,Central_Warehouse,112,108,294,7,2024-07-25
PAN040,Central_Warehouse,675,66,266,7,2024-07-25
ASP075,Central_Warehouse,523,67,148,7,2024-07-25
PCM001,Central_Warehouse,929,111,106,7,2024-07-26
AMX500,Central_Warehouse,141,72,290,7,2024-07-26
IBU400,Central_Warehouse,1000,68,124,7,2024-07-26
MET850,Central_Warehouse,700,68,223,7,2024-07-26
CTZ010,Central_Warehouse,606,67,351,7,2024-07-26
OMP020,Central_Warehouse,929,67,244,7,2024-07-26
AZI250,Central_Warehouse,784,71,102,7,2024-07-26
DOL650,Central_Warehouse,527,117,247,7,2024-07-26
PAN040,Central_Warehouse,193,67,355,7,2024-07-26
ASP075,Central_Warehouse,909,68,360,7,2024-07-26
PCM001,Central_Warehouse,474,138,258,7,2024-07-27
AMX500,Central_Warehouse,556,88,280,7,2024-07-27
IBU400,Central_Warehouse,201,82,42,7,2024-07-27
MET850,Central_Warehouse,783,87,360,7,2024-07-27
CTZ010,Central_Warehouse,543,88,141,7,2024-07-27
OMP020,Central_Warehouse,407,81,106,7,2024-07-27
AZI250,Central_Warehouse,521,84,136,7,2024-07-27
DOL650,Central_Warehouse,553,141,79,7,2024-07-27
PAN040,Central_Warehouse,406,81,176,7,2024-07-27
ASP075,Central_Warehouse,750,80,141,7,2024-07-27
PCM001,Central_Warehouse,373,140,110,7,2024-07-28
AMX500,Central_Warehouse,478,82,313,7,2024-07-28
IBU400,Central_Warehouse,791,88,315,7,2024-07-28
MET850,Central_Warehouse,843,82,187,7,2024-07-28
CTZ010,Central_Warehouse,752,80,324,7,2024-07-28
OMP020,Central_Warehouse,925,80,154,7,2024-07-28
AZI250,Central_Warehouse,631,81,68,7,2024-07-28
DOL650,Central_Warehouse,729,136,116,7,2024-07-28
PAN040,Central_Warehouse,864,86,337,7,2024-07-28
ASP075,Central_Warehouse,865,85,281,7,2024-07-28
PCM001,Central_Warehouse,279,102,156,7,2024-07-29
AMX500,Central_Warehouse,624,62,229,7,2024-07-29
IBU400,Central_Warehouse,140,64,302,7,2024-07-29
MET850,Central_Warehouse,941,62,313,7,2024-07-29
CTZ010,Central_Warehouse,883,63,127,7,2024-07-29
OMP020,Central_Warehouse,507,62,186,7,2024-07-29
AZI250,Central_Warehouse,176,64,314,7,2024-07-29
DOL650,Central_Warehouse,859,100,326,7,2024-07-29
PAN040,Central_Warehouse,534,62,317,7,2024-07-29
ASP075,Central_Warehouse,624,65,334,7,2024-07-29
PCM001,Central_Warehouse,260,108,239,7,2024-07-30
AMX500,Central_Warehouse,541,67,299,7,2024-07-30
IBU400,Central_Warehouse,411,71,363,7,2024-07-30
MET850,Central_Warehouse,410,67,136,7,2024-07-30
CTZ010,Central_Warehouse,537,68,41,7,2024-07-30
OMP020,Central_Warehouse,590,70,132,7,2024-07-30
AZI250,Central_Warehouse,839,70,318,7,2024-07-30
DOL650,Central_Warehouse,790,112,142,7,2024-07-30
PAN040,Central_Warehouse,646,69,193,7,2024-07-30
ASP075,Central_Warehouse,531,70,250,7,2024-07-30
PCM001,Central_Warehouse,896,112,291,7,2024-07-31
AMX500,Central_Warehouse,558,69,355,7,2024-07-31
IBU400,Central_Warehouse,528,71,103,7,2024-07-31
MET850,Central_Warehouse,423,70,320,7,2024-07-31
CTZ010,Central_Warehouse,346,67,175,7,2024-07-31
OMP020,Central_Warehouse,144,70,223,7,2024-07-31
AZI250,Central_Warehouse,272,72,223,7,2024-07-31
DOL650,Central_Warehouse,532,117,192,7,2024-07-31
PAN040,Central_Warehouse,237,71,96,7,2024-07-31
ASP075,Central_Warehouse,211,68,325,7,2024-07-31
PCM001,Central_Warehouse,237,109,243,7,2024-08-01
AMX500,Central_Warehouse,722,67,200,7,2024-08-01
IBU400,Central_Warehouse,859,68,215,7,2024-08-01
MET850,Central_Warehouse,838,72,230,7,2024-08-01
CTZ010,Central_Warehouse,218,67,255,7,2024-08-01
OMP020,Central_Warehouse,652,69,196,7,2024-08-01
AZI250,Central_Warehouse,516,69,76,7,2024-08-01
DOL650,Central_Warehouse,588,114,317,7,2024-08-01
PAN040,Central_Warehouse,865,71,142,7,2024-08-01
ASP075,Central_Warehouse,431,67,200,7,2024-08-01
PCM001,Central_Warehouse,327,118,99,7,2024-08-02
AMX500,Central_Warehouse,951,71,167,7,2024-08-02
IBU400,Central_Warehouse,688,69,194,7,2024-08-02
MET850,Central_Warehouse,156,68,344,7,2024-08-02
CTZ010,Central_Warehouse,985,72,142,7,2024-08-02
OMP020,Central_Warehouse,745,71,225,7,2024-08-02
AZI250,Central_Warehouse,914,70,267,7,2024-08-02
DOL650,Central_Warehouse,512,115,284,7,2024-08-02
PAN040,Central_Warehouse,677,67,43,7,2024-08-02
ASP075,Central_Warehouse,460,68,201,7,2024-08-02
PCM001,Central_Warehouse,536,139,43,7,2024-08-03
AMX500,Central_Warehouse,975,86,131,7,2024-08-03
IBU400,Central_Warehouse,478,81,320,7,2024-08-03
MET850,Central_Warehouse,449,88,267,7,2024-08-03
CTZ010,Central_Warehouse,273,87,130,7,2024-08-03
OMP020,Central_Warehouse,596,87,336,7,2024-08-03
AZI250,Central_Warehouse,630,80,51,7,2024-08-03
DOL650,Central_Warehouse,343,130,299,7,2024-08-03
PAN040,Central_Warehouse,310,87,240,7,2024-08-03
ASP075,Central_Warehouse,768,83,245,7,2024-08-03
PCM001,Central_Warehouse,890,129,249,7,2024-08-04
AMX500,Central_Warehouse,376,81,124,7,2024-08-04
IBU400,Central_Warehouse,999,88,73,7,2024-08-04
MET850,Central_Warehouse,310,85,80,7,2024-08-04
CTZ010,Central_Warehouse,933,83,330,7,2024-08-04
OMP020,Central_Warehouse,297,83,225,7,2024-08-04
AZI250,Central_Warehouse,293,86,77,7,2024-08-04
DOL650,Central_Warehouse,692,141,123,7,2024-08-04
PAN040,Central_Warehouse,962,80,329,7,2024-08-04
ASP075,Central_Warehouse,336,88,34,7,2024-08-04
PCM001,Central_Warehouse,279,104,158,7,2024-08-05
AMX500,Central_Warehouse,431,63,332,7,2024-08-05
IBU400,Central_Warehouse,985,61,233,7,2024-08-05
MET850,Central_Warehouse,628,66,272,7,2024-08-05
CTZ010,Central_Warehouse,638,64,335,7,2024-08-05
OMP020,Central_Warehouse,339,65,97,7,2024-08-05
AZI250,Central_Warehouse,582,61,295,7,2024-08-05
DOL650,Central_Warehouse,100,106,166,7,2024-08-05
PAN040,Central_Warehouse,146,62,66,7,2024-08-05
ASP075,Central_Warehouse,611,63,220,7,2024-08-05
PCM001,Central_Warehouse,570,109,123,7,2024-08-06
AMX500,Central_Warehouse,184,73,160,7,2024-08-06
IBU400,Central_Warehouse,397,73,183,7,2024-08-06
MET850,Central_Warehouse,682,73,213,7,2024-08-06
CTZ010,Central_Warehouse,247,72,287,7,2024-08-06
OMP020,Central_Warehouse,696,68,270,7,2024-08-06
AZI250,Central_Warehouse,496,69,365,7,2024-08-06
DOL650,Central_Warehouse,474,112,127,7,2024-08-06
PAN040,Central_Warehouse,676,72,149,7,2024-08-06
ASP075,Central_Warehouse,145,73,231,7,2024-08-06
PCM001,Central_Warehouse,187,109,174,7,2024-08-07
AMX500,Central_Warehouse,325,71,44,7,2024-08-07
IBU400,Central_Warehouse,247,72,238,7,2024-08-07
MET850,Central_Warehouse,616,71,58,7,2024-08-07
CTZ010,Central_Warehouse,438,69,152,7,2024-08-07
OMP020,Central_Warehouse,402,73,310,7,2024-08-07
AZI250,Central_Warehouse,599,70,250,7,2024-08-07
DOL650,Central_Warehouse,752,108,291,7,2024-08-07
PAN040,Central_Warehouse,787,73,291,7,2024-08-07
ASP075,Central_Warehouse,224,67,40,7,2024-08-07
PCM001,Central_Warehouse,840,108,152,7,2024-08-08
AMX500,Central_Warehouse,459,72,332,7,2024-08-08
IBU400,Central_Warehouse,754,72,142,7,2024-08-08
MET850,Central_Warehouse,152,71,285,7,2024-08-08
CTZ010,Central_Warehouse,681,70,198,7,2024-08-08
OMP020,Central_Warehouse,716,70,132,7,2024-08-08
AZI250,Central_Warehouse,408,68,56,7,2024-08-08
DOL650,Central_Warehouse,644,115,313,7,2024-08-08
PAN040,Central_Warehouse,620,72,240,7,2024-08-08
ASP075,Central_Warehouse,558,72,235,7,2024-08-08
PCM001,Central_Warehouse,861,115,197,7,2024-08-09
AMX500,Central_Warehouse,309,70,145,7,2024-08-09
IBU400,Central_Warehouse,428,68,353,7,2024-08-09
MET850,Central_Warehouse,885,72,173,7,2024-08-09
CTZ010,Central_Warehouse,470,71,202,7,2024-08-09
OMP020,Central_Warehouse,711,74,96,7,2024-08-09
AZI250,Central_Warehouse,998,70,213,7,2024-08-09
DOL650,Central_Warehouse,264,116,233,7,2024-08-09
PAN040,Central_Warehouse,696,70,327,7,2024-08-09
ASP075,Central_Warehouse,282,67,178,7,2024-08-09
PCM001,Central_Warehouse,778,131,293,7,2024-08-10
AMX500,Central_Warehouse,127,81,280,7,2024-08-10
IBU400,Central_Warehouse,128,89,284,7,2024-08-10
MET850,Central_Warehouse,474,87,138,7,2024-08-10
CTZ010,Central_Warehouse,855,81,69,7,2024-08-10
OMP020,Central_Warehouse,910,85,113,7,2024-08-10
AZI250,Central_Warehouse,943,84,145,7,2024-08-10
DOL650,Central_Warehouse,941,142,159,7,2024-08-10
PAN040,Central_Warehouse,861,88,159,7,2024-08-10
ASP075,Central_Warehouse,489,83,138,7,2024-08-10
PCM001,Central_Warehouse,118,135,57,7,2024-08-11
AMX500,Central_Warehouse,372,84,208,7,2024-08-11
IBU400,Central_Warehouse,921,84,104,7,2024-08-11
MET850,Central_Warehouse,932,85,50,7,2024-08-11
CTZ010,Central_Warehouse,510,87,191,7,2024-08-11
OMP020,Central_Warehouse,825,85,136,7,2024-08-11
AZI250,Central_Warehouse,435,83,156,7,2024-08-11
DOL650,Central_Warehouse,527,140,78,7,2024-08-11
PAN040,Central_Warehouse,196,84,125,7,2024-08-11
ASP075,Central_Warehouse,234,87,294,7,2024-08-11
PCM001,Central_Warehouse,381,97,46,7,2024-08-12
AMX500,Central_Warehouse,919,63,133,7,2024-08-12
IBU400,Central_Warehouse,463,63,225,7,2024-08-12
MET850,Central_Warehouse,918,65,231,7,2024-08-12
CTZ010,Central_Warehouse,573,61,101,7,2024-08-12
OMP020,Central_Warehouse,498,64,276,7,2024-08-12
AZI250,Central_Warehouse,663,64,86,7,2024-08-12
DOL650,Central_Warehouse,208,97,317,7,2024-08-12
PAN040,Central_Warehouse,900,66,108,7,2024-08-12
ASP075,Central_Warehouse,156,61,88,7,2024-08-12
PCM001,Central_Warehouse,532,108,92,7,2024-08-13
AMX500,Central_Warehouse,254,70,163,7,2024-08-13
IBU400,Central_Warehouse,739,71,261,7,2024-08-13
MET850,Central_Warehouse,279,70,267,7,2024-08-13
CTZ010,Central_Warehouse,982,69,279,7,2024-08-13
OMP020,Central_Warehouse,401,67,296,7,2024-08-13
AZI250,Central_Warehouse,797,71,361,7,2024-08-13
DOL650,Central_Warehouse,933,116,175,7,2024-08-13
PAN040,Central_Warehouse,358,69,350,7,2024-08-13
ASP075,Central_Warehouse,566,72,356,7,2024-08-13
PCM001,Central_Warehouse,272,112,313,7,2024-08-14
AMX500,Central_Warehouse,503,68,170,7,2024-08-14
IBU400,Central_Warehouse,813,73,264,7,2024-08-14
MET850,Central_Warehouse,380,68,209,7,2024-08-14
CTZ010,Central_Warehouse,250,71,217,7,2024-08-14
OMP020,Central_Warehouse,989,69,190,7,2024-08-14
AZI250,Central_Warehouse,692,72,365,7,2024-08-14
DOL650,Central_Warehouse,667,112,273,7,2024-08-14
PAN040,Central_Warehouse,987,71,103,7,2024-08-14
ASP075,Central_Warehouse,704,72,298,7,2024-08-14
PCM001,Central_Warehouse,778,113,75,7,2024-08-15
AMX500,Central_Warehouse,356,71,334,7,2024-08-15
IBU400,Central_Warehouse,231,73,256,7,2024-08-15
MET850,Central_Warehouse,336,74,286,7,2024-08-15
CTZ010,Central_Warehouse,931,72,162,7,2024-08-15
OMP020,Central_Warehouse,144,69,110,7,2024-08-15
AZI250,Central_Warehouse,496,70,196,7,2024-08-15
DOL650,Central_Warehouse,827,109,344,7,2024-08-15
PAN040,Central_Warehouse,624,68,178,7,2024-08-15
ASP075,Central_Warehouse,789,72,339,7,2024-08-15
PCM001,Central_Warehouse,535,119,281,7,2024-08-16
AMX500,Central_Warehouse,782,71,92,7,2024-08-16
IBU400,Central_Warehouse,880,72,156,7,2024-08-16
MET850,Central_Warehouse,863,72,236,7,2024-08-16
CTZ010,Central_Warehouse,290,72,161,7,2024-08-16
OMP020,Central_Warehouse,791,70,204,7,2024-08-16
AZI250,Central_Warehouse,527,73,242,7,2024-08-16
DOL650,Central_Warehouse,462,111,128,7,2024-08-16
PAN040,Central_Warehouse,559,72,344,7,2024-08-16
ASP075,Central_Warehouse,349,72,313,7,2024-08-16
PCM001,Central_Warehouse,906,137,303,7,2024-08-17
AMX500,Central_Warehouse,354,82,316,7,2024-08-17
IBU400,Central_Warehouse,358,88,250,7,2024-08-17
MET850,Central_Warehouse,620,88,72,7,2024-08-17
CTZ010,Central_Warehouse,606,85,232,7,2024-08-17
OMP020,Central_Warehouse,863,84,73,7,2024-08-17
AZI250,Central_Warehouse,632,81,152,7,2024-08-17
DOL650,Central_Warehouse,258,133,316,7,2024-08-17
PAN040,Central_Warehouse,447,89,115,7,2024-08-17
ASP075,Central_Warehouse,103,88,212,7,2024-08-17
PCM001,Central_Warehouse,369,142,218,7,2024-08-18
AMX500,Central_Warehouse,639,88,114,7,2024-08-18
IBU400,Central_Warehouse,849,85,123,7,2024-08-18
MET850,Central_Warehouse,429,86,193,7,2024-08-18
CTZ010,Central_Warehouse,167,82,43,7,2024-08-18
OMP020,Central_Warehouse,663,88,259,7,2024-08-18
AZI250,Central_Warehouse,327,82,324,7,2024-08-18
DOL650,Central_Warehouse,443,140,213,7,2024-08-18
PAN040,Central_Warehouse,731,87,89,7,2024-08-18
ASP075,Central_Warehouse,507,86,341,7,2024-08-18
PCM001,Central_Warehouse,321,104,36,7,2024-08-19
AMX500,Central_Warehouse,349,66,31,7,2024-08-19
IBU400,Central_Warehouse,546,63,184,7,2024-08-19
MET850,Central_Warehouse,880,62,215,7,2024-08-19
CTZ010,Central_Warehouse,676,66,95,7,2024-08-19
OMP020,Central_Warehouse,350,63,338,7,2024-08-19
AZI250,Central_Warehouse,850,63,96,7,2024-08-19
DOL650,Central_Warehouse,336,107,343,7,2024-08-19
PAN040,Central_Warehouse,423,66,74,7,2024-08-19
ASP075,Central_Warehouse,611,65,48,7,2024-08-19
PCM001,Central_Warehouse,932,118,38,7,2024-08-20
AMX500,Central_Warehouse,966,74,134,7,2024-08-20
IBU400,Central_Warehouse,885,70,91,7,2024-08-20
MET850,Central_Warehouse,911,73,172,7,2024-08-20
CTZ010,Central_Warehouse,462,69,351,7,2024-08-20
OMP020,Central_Warehouse,981,74,79,7,2024-08-20
AZI250,Central_Warehouse,331,69,259,7,2024-08-20
DOL650,Central_Warehouse,734,119,150,7,2024-08-20
PAN040,Central_Warehouse,920,73,163,7,2024-08-20
ASP075,Central_Warehouse,727,74,180,7,2024-08-20
PCM001,Central_Warehouse,247,111,164,7,2024-08-21
AMX500,Central_Warehouse,623,69,93,7,2024-08-21
IBU400,Central_Warehouse,863,73,252,7,2024-08-21
MET850,Central_Warehouse,137,71,92,7,2024-08-21
CTZ010,Central_Warehouse,648,71,353,7,2024-08-21
OMP020,Central_Warehouse,920,72,108,7,2024-08-21
AZI250,Central_Warehouse,578,73,77,7,2024-08-21
DOL650,Central_Warehouse,484,116,278,7,2024-08-21
PAN040,Central_Warehouse,342,68,183,7,2024-08-21
ASP075,Central_Warehouse,324,69,306,7,2024-08-21
PCM001,Central_Warehouse,142,113,102,7,2024-08-22
AMX500,Central_Warehouse,976,73,213,7,2024-08-22
IBU400,Central_Warehouse,324,69,112,7,2024-08-22
MET850,Central_Warehouse,568,71,47,7,2024-08-22
CTZ010,Central_Warehouse,802,71,184,7,2024-08-22
OMP020,Central_Warehouse,189,71,183,7,2024-08-22
AZI250,Central_Warehouse,653,70,76,7,2024-08-22
DOL650,Central_Warehouse,873,109,229,7,2024-08-22
PAN040,Central_Warehouse,568,71,148,7,2024-08-22
ASP075,Central_Warehouse,654,68,145,7,2024-08-22
PCM001,Central_Warehouse,516,112,211,7,2024-08-23
AMX500,Central_Warehouse,320,72,331,7,2024-08-23
IBU400,Central_Warehouse,124,71,302,7,2024-08-23
MET850,Central_Warehouse,596,71,233,7,2024-08-23
CTZ010,Central_Warehouse,709,72,292,7,2024-08-23
OMP020,Central_Warehouse,436,72,351,7,2024-08-23
AZI250,Central_Warehouse,275,74,45,7,2024-08-23
DOL650,Central_Warehouse,111,115,217,7,2024-08-23
PAN040,Central_Warehouse,374,72,70,7,2024-08-23
ASP075,Central_Warehouse,921,69,71,7,2024-08-23
PCM001,Central_Warehouse,911,138,343,7,2024-08-24
AMX500,Central_Warehouse,575,82,292,7,2024-08-24
IBU400,Central_Warehouse,407,82,234,7,2024-08-24
MET850,Central_Warehouse,235,86,105,7,2024-08-24
CTZ010,Central_Warehouse,635,89,307,7,2024-08-24
OMP020,Central_Warehouse,360,89,159,7,2024-08-24
AZI250,Central_Warehouse,385,85,295,7,2024-08-24
DOL650,Central_Warehouse,213,132,326,7,2024-08-24
PAN040,Central_Warehouse,119,83,179,7,2024-08-24
ASP075,Central_Warehouse,487,87,142,7,2024-08-24
PCM001,Central_Warehouse,992,139,331,7,2024-08-25
AMX500,Central_Warehouse,461,88,181,7,2024-08-25
IBU400,Central_Warehouse,955,86,311,7,2024-08-25
MET850,Central_Warehouse,336,86,306,7,2024-08-25
CTZ010,Central_Warehouse,584,90,40,7,2024-08-25
OMP020,Central_Warehouse,320,85,184,7,2024-08-25
AZI250,Central_Warehouse,454,84,49,7,2024-08-25
DOL650,Central_Warehouse,656,131,178,7,2024-08-25
PAN040,Central_Warehouse,449,89,237,7,2024-08-25
ASP075,Central_Warehouse,390,89,208,7,2024-08-25
PCM001,Central_Warehouse,693,105,310,7,2024-08-26
AMX500,Central_Warehouse,126,64,263,7,2024-08-26
IBU400,Central_Warehouse,640,62,217,7,2024-08-26
MET850,Central_Warehouse,964,63,178,7,2024-08-26
CTZ010,Central_Warehouse,154,62,142,7,2024-08-26
OMP020,Central_Warehouse,235,64,254,7,2024-08-26
AZI250,Central_Warehouse,658,66,276,7,2024-08-26
DOL650,Central_Warehouse,704,98,256,7,2024-08-26
PAN040,Central_Warehouse,845,64,79,7,2024-08-26
ASP075,Central_Warehouse,199,66,49,7,2024-08-26
PCM001,Central_Warehouse,856,117,68,7,2024-08-27
AMX500,Central_Warehouse,728,70,82,7,2024-08-27
IBU400,Central_Warehouse,568,70,138,7,2024-08-27
MET850,Central_Warehouse,793,71,216,7,2024-08-27
CTZ010,Central_Warehouse,803,75,322,7,2024-08-27
OMP020,Central_Warehouse,367,72,115,7,2024-08-27
AZI250,Central_Warehouse,783,68,248,7,2024-08-27
DOL650,Central_Warehouse,502,115,315,7,2024-08-27
PAN040,Central_Warehouse,459,72,126,7,2024-08-27
ASP075,Central_Warehouse,682,68,246,7,2024-08-27
PCM001,Central_Warehouse,640,114,202,7,2024-08-28
AMX500,Central_Warehouse,422,72,294,7,2024-08-28
IBU400,Central_Warehouse,154,72,196,7,2024-08-28
MET850,Central_Warehouse,692,68,43,7,2024-08-28
CTZ010,Central_Warehouse,683,72,359,7,2024-08-28
OMP020,Central_Warehouse,101,70,123,7,2024-08-28
AZI250,Central_Warehouse,208,68,85,7,2024-08-28
DOL650,Central_Warehouse,841,114,271,7,2024-08-28
PAN040,Central_Warehouse,869,73,356,7,2024-08-28
ASP075,Central_Warehouse,399,72,70,7,2024-08-28
PCM001,Central_Warehouse,664,114,297,7,2024-08-29
AMX500,Central_Warehouse,211,71,275,7,2024-08-29
IBU400,Central_Warehouse,982,73,244,7,2024-08-29
MET850,Central_Warehouse,455,71,119,7,2024-08-29
CTZ010,Central_Warehouse,790,73,90,7,2024-08-29
OMP020,Central_Warehouse,690,74,222,7,2024-08-29
AZI250,Central_Warehouse,694,69,325,7,2024-08-29
DOL650,Central_Warehouse,509,117,257,7,2024-08-29
PAN040,Central_Warehouse,252,75,255,7,2024-08-29
ASP075,Central_Warehouse,437,73,329,7,2024-08-29
PCM001,Central_Warehouse,595,114,274,7,2024-08-30
AMX500,Central_Warehouse,346,69,143,7,2024-08-30
IBU400,Central_Warehouse,163,74,165,7,2024-08-30
MET850,Central_Warehouse,965,73,335,7,2024-08-30
CTZ010,Central_Warehouse,655,71,298,7,2024-08-30
OMP020,Central_Warehouse,183,72,252,7,2024-08-30
AZI250,Central_Warehouse,876,74,33,7,2024-08-30
DOL650,Central_Warehouse,745,112,155,7,2024-08-30
PAN040,Central_Warehouse,565,72,102,7,2024-08-30
ASP075,Central_Warehouse,849,71,323,7,2024-08-30
PCM001,Central_Warehouse,434,131,105,7,2024-08-31
AMX500,Central_Warehouse,926,87,340,7,2024-08-31
IBU400,Central_Warehouse,440,83,240,7,2024-08-31
MET850,Central_Warehouse,504,86,281,7,2024-08-31
CTZ010,Central_Warehouse,117,84,363,7,2024-08-31
OMP020,Central_Warehouse,126,86,310,7,2024-08-31
AZI250,Central_Warehouse,417,87,269,7,2024-08-31
DOL650,Central_Warehouse,152,136,358,7,2024-08-31
PAN040,Central_Warehouse,180,82,286,7,2024-08-31
ASP075,Central_Warehouse,557,82,295,7,2024-08-31
PCM001,Central_Warehouse,530,120,277,7,2024-09-01
AMX500,Central_Warehouse,442,72,331,7,2024-09-01
IBU400,Central_Warehouse,365,74,343,7,2024-09-01
MET850,Central_Warehouse,215,74,248,7,2024-09-01
CTZ010,Central_Warehouse,810,71,340,7,2024-09-01
OMP020,Central_Warehouse,981,69,282,7,2024-09-01
AZI250,Central_Warehouse,730,70,242,7,2024-09-01
DOL650,Central_Warehouse,141,116,220,7,2024-09-01
PAN040,Central_Warehouse,588,73,288,7,2024-09-01
ASP075,Central_Warehouse,174,73,345,7,2024-09-01
PCM001,Central_Warehouse,661,90,323,7,2024-09-02
AMX500,Central_Warehouse,268,56,242,7,2024-09-02
IBU400,Central_Warehouse,982,55,152,7,2024-09-02
MET850,Central_Warehouse,297,52,229,7,2024-09-02
CTZ010,Central_Warehouse,603,55,161,7,2024-09-02
OMP020,Central_Warehouse,802,52,114,7,2024-09-02
AZI250,Central_Warehouse,335,54,144,7,2024-09-02
DOL650,Central_Warehouse,377,88,88,7,2024-09-02
PAN040,Central_Warehouse,306,55,220,7,2024-09-02
ASP075,Central_Warehouse,827,52,349,7,2024-09-02
PCM001,Central_Warehouse,984,94,223,7,2024-09-03
AMX500,Central_Warehouse,577,61,311,7,2024-09-03
IBU400,Central_Warehouse,358,58,172,7,2024-09-03
MET850,Central_Warehouse,715,60,282,7,2024-09-03
CTZ010,Central_Warehouse,394,62,220,7,2024-09-03
OMP020,Central_Warehouse,582,60,80,7,2024-09-03
AZI250,Central_Warehouse,530,62,146,7,2024-09-03
DOL650,Central_Warehouse,968,91,328,7,2024-09-03
PAN040,Central_Warehouse,809,62,183,7,2024-09-03
ASP075,Central_Warehouse,870,57,50,7,2024-09-03
PCM001,Central_Warehouse,862,97,205,7,2024-09-04
AMX500,Central_Warehouse,174,62,119,7,2024-09-04
IBU400,Central_Warehouse,175,57,295,7,2024-09-04
MET850,Central_Warehouse,551,57,204,7,2024-09-04
CTZ010,Central_Warehouse,270,58,220,7,2024-09-04
OMP020,Central_Warehouse,378,63,118,7,2024-09-04
AZI250,Central_Warehouse,258,59,364,7,2024-09-04
DOL650,Central_Warehouse,379,100,217,7,2024-09-04
PAN040,Central_Warehouse,280,60,38,7,2024-09-04
ASP075,Central_Warehouse,565,62,218,7,2024-09-04
PCM001,Central_Warehouse,583,99,248,7,2024-09-05
AMX500,Central_Warehouse,579,60,171,7,2024-09-05
IBU400,Central_Warehouse,172,60,268,7,2024-09-05
MET850,Central_Warehouse,238,61,318,7,2024-09-05
CTZ010,Central_Warehouse,647,62,156,7,2024-09-05
OMP020,Central_Warehouse,170,62,225,7,2024-09-05
AZI250,Central_Warehouse,141,57,66,7,2024-09-05
DOL650,Central_Warehouse,251,99,223,7,2024-09-05
PAN040,Central_Warehouse,909,61,45,7,2024-09-05
ASP075,Central_Warehouse,656,61,33,7,2024-09-05
PCM001,Central_Warehouse,116,98,134,7,2024-09-06
AMX500,Central_Warehouse,708,58,203,7,2024-09-06
IBU400,Central_Warehouse,624,61,220,7,2024-09-06
MET850,Central_Warehouse,320,61,166,7,2024-09-06
CTZ010,Central_Warehouse,368,59,32,7,2024-09-06
OMP020,Central_Warehouse,823,61,199,7,2024-09-06
AZI250,Central_Warehouse,515,62,109,7,2024-09-06
DOL650,Central_Warehouse,724,97,175,7,2024-09-06
PAN040,Central_Warehouse,392,60,89,7,2024-09-06
ASP075,Central_Warehouse,278,61,189,7,2024-09-06
PCM001,Central_Warehouse,548,110,116,7,2024-09-07
AMX500,Central_Warehouse,339,69,205,7,2024-09-07
IBU400,Central_Warehouse,732,71,279,7,2024-09-07
MET850,Central_Warehouse,320,75,135,7,2024-09-07
CTZ010,Central_Warehouse,151,71,322,7,2024-09-07
OMP020,Central_Warehouse,540,72,170,7,2024-09-07
AZI250,Central_Warehouse,742,72,39,7,2024-09-07
DOL650,Central_Warehouse,336,111,216,7,2024-09-07
PAN040,Central_Warehouse,404,68,208,7,2024-09-07
ASP075,Central_Warehouse,102,74,209,7,2024-09-07
PCM001,Central_Warehouse,110,110,101,7,2024-09-08
AMX500,Central_Warehouse,337,73,94,7,2024-09-08
IBU400,Central_Warehouse,750,71,251,7,2024-09-08
MET850,Central_Warehouse,892,71,93,7,2024-09-08
CTZ010,Central_Warehouse,808,72,262,7,2024-09-08
OMP020,Central_Warehouse,250,72,206,7,2024-09-08
AZI250,Central_Warehouse,686,72,361,7,2024-09-08
DOL650,Central_Warehouse,912,113,316,7,2024-09-08
PAN040,Central_Warehouse,529,70,226,7,2024-09-08
ASP075,Central_Warehouse,507,72,140,7,2024-09-08
PCM001,Central_Warehouse,828,88,320,7,2024-09-09
AMX500,Central_Warehouse,683,51,49,7,2024-09-09
IBU400,Central_Warehouse,717,54,166,7,2024-09-09
MET850,Central_Warehouse,452,53,203,7,2024-09-09
CTZ010,Central_Warehouse,924,53,43,7,2024-09-09
OMP020,Central_Warehouse,889,54,210,7,2024-09-09
AZI250,Central_Warehouse,352,53,310,7,2024-09-09
DOL650,Central_Warehouse,932,82,218,7,2024-09-09
PAN040,Central_Warehouse,422,54,191,7,2024-09-09
ASP075,Central_Warehouse,690,54,116,7,2024-09-09
PCM001,Central_Warehouse,322,100,30,7,2024-09-10
AMX500,Central_Warehouse,497,59,135,7,2024-09-10
IBU400,Central_Warehouse,272,62,290,7,2024-09-10
MET850,Central_Warehouse,236,63,186,7,2024-09-10
CTZ010,Central_Warehouse,567,60,285,7,2024-09-10
OMP020,Central_Warehouse,636,57,86,7,2024-09-10
AZI250,Central_Warehouse,174,60,114,7,2024-09-10
DOL650,Central_Warehouse,797,101,90,7,2024-09-10
PAN040,Central_Warehouse,916,58,332,7,2024-09-10
ASP075,Central_Warehouse,397,58,333,7,2024-09-10
PCM001,Central_Warehouse,336,101,327,7,2024-09-11
AMX500,Central_Warehouse,117,63,284,7,2024-09-11
IBU400,Central_Warehouse,165,57,259,7,2024-09-11
MET850,Central_Warehouse,347,58,158,7,2024-09-11
CTZ010,Central_Warehouse,259,59,129,7,2024-09-11
OMP020,Central_Warehouse,825,59,319,7,2024-09-11
AZI250,Central_Warehouse,940,61,365,7,2024-09-11
DOL650,Central_Warehouse,119,98,327,7,2024-09-11
PAN040,Central_Warehouse,160,59,122,7,2024-09-11
ASP075,Central_Warehouse,149,59,343,7,2024-09-11
PCM001,Central_Warehouse,214,91,44,7,2024-09-12
AMX500,Central_Warehouse,354,57,288,7,2024-09-12
IBU400,Central_Warehouse,322,60,253,7,2024-09-12
MET850,Central_Warehouse,610,57,211,7,2024-09-12
CTZ010,Central_Warehouse,611,59,101,7,2024-09-12
OMP020,Central_Warehouse,113,62,92,7,2024-09-12
AZI250,Central_Warehouse,130,63,337,7,2024-09-12
DOL650,Central_Warehouse,624,100,320,7,2024-09-12
PAN040,Central_Warehouse,770,60,106,7,2024-09-12
ASP075,Central_Warehouse,606,62,85,7,2024-09-12
PCM001,Central_Warehouse,661,95,194,7,2024-09-13
AMX500,Central_Warehouse,777,60,291,7,2024-09-13
IBU400,Central_Warehouse,267,62,71,7,2024-09-13
MET850,Central_Warehouse,557,57,94,7,2024-09-13
CTZ010,Central_Warehouse,600,60,265,7,2024-09-13
OMP020,Central_Warehouse,553,61,321,7,2024-09-13
AZI250,Central_Warehouse,516,61,330,7,2024-09-13
DOL650,Central_Warehouse,516,97,113,7,2024-09-13
PAN040,Central_Warehouse,396,63,119,7,2024-09-13
ASP075,Central_Warehouse,366,63,271,7,2024-09-13
PCM001,Central_Warehouse,414,112,285,7,2024-09-14
AMX500,Central_Warehouse,277,69,145,7,2024-09-14
IBU400,Central_Warehouse,953,69,215,7,2024-09-14
MET850,Central_Warehouse,997,75,297,7,2024-09-14
CTZ010,Central_Warehouse,996,74,181,7,2024-09-14
OMP020,Central_Warehouse,591,72,249,7,2024-09-14
AZI250,Central_Warehouse,394,71,41,7,2024-09-14
DOL650,Central_Warehouse,648,113,39,7,2024-09-14
PAN040,Central_Warehouse,349,69,217,7,2024-09-14
ASP075,Central_Warehouse,311,72,198,7,2024-09-14
PCM001,Central_Warehouse,538,116,32,7,2024-09-15
AMX500,Central_Warehouse,973,70,149,7,2024-09-15
IBU400,Central_Warehouse,855,72,192,7,2024-09-15
MET850,Central_Warehouse,179,70,301,7,2024-09-15
CTZ010,Central_Warehouse,198,74,206,7,2024-09-15
OMP020,Central_Warehouse,762,70,57,7,2024-09-15
AZI250,Central_Warehouse,181,71,328,7,2024-09-15
DOL650,Central_Warehouse,125,121,74,7,2024-09-15
PAN040,Central_Warehouse,951,75,359,7,2024-09-15
ASP075,Central_Warehouse,529,74,169,7,2024-09-15
PCM001,Central_Warehouse,230,90,326,7,2024-09-16
AMX500,Central_Warehouse,807,52,148,7,2024-09-16
IBU400,Central_Warehouse,272,52,280,7,2024-09-16
MET850,Central_Warehouse,670,55,218,7,2024-09-16
CTZ010,Central_Warehouse,215,54,314,7,2024-09-16
OMP020,Central_Warehouse,608,56,233,7,2024-09-16
AZI250,Central_Warehouse,484,52,258,7,2024-09-16
DOL650,Central_Warehouse,751,85,77,7,2024-09-16
PAN040,Central_Warehouse,843,53,230,7,2024-09-16
ASP075,Central_Warehouse,963,55,108,7,2024-09-16
PCM001,Central_Warehouse,299,99,151,7,2024-09-17
AMX500,Central_Warehouse,592,61,194,7,2024-09-17
IBU400,Central_Warehouse,469,59,108,7,2024-09-17
MET850,Central_Warehouse,294,60,76,7,2024-09-17
CTZ010,Central_Warehouse,159,62,331,7,2024-09-17
OMP020,Central_Warehouse,816,58,133,7,2024-09-17
AZI250,Central_Warehouse,504,63,39,7,2024-09-17
DOL650,Central_Warehouse,267,97,256,7,2024-09-17
PAN040,Central_Warehouse,747,57,171,7,2024-09-17
ASP075,Central_Warehouse,691,62,175,7,2024-09-17
PCM001,Central_Warehouse,517,92,201,7,2024-09-18
AMX500,Central_Warehouse,412,63,355,7,2024-09-18
IBU400,Central_Warehouse,608,63,252,7,2024-09-18
MET850,Central_Warehouse,319,61,277,7,2024-09-18
CTZ010,Central_Warehouse,729,60,174,7,2024-09-18
OMP020,Central_Warehouse,592,61,363,7,2024-09-18
AZI250,Central_Warehouse,404,63,157,7,2024-09-18
DOL650,Central_Warehouse,635,94,154,7,2024-09-18
PAN040,Central_Warehouse,681,61,365,7,2024-09-18
ASP075,Central_Warehouse,316,60,250,7,2024-09-18
PCM001,Central_Warehouse,167,95,59,7,2024-09-19
AMX500,Central_Warehouse,464,61,153,7,2024-09-19
IBU400,Central_Warehouse,185,62,350,7,2024-09-19
MET850,Central_Warehouse,301,63,144,7,2024-09-19
CTZ010,Central_Warehouse,277,61,46,7,2024-09-19
OMP020,Central_Warehouse,989,58,242,7,2024-09-19
AZI250,Central_Warehouse,197,63,246,7,2024-09-19
DOL650,Central_Warehouse,464,95,177,7,2024-09-19
PAN040,Central_Warehouse,113,57,311,7,2024-09-19
ASP075,Central_Warehouse,512,62,155,7,2024-09-19
PCM001,Central_Warehouse,156,96,55,7,2024-09-20
AMX500,Central_Warehouse,996,60,43,7,2024-09-20
IBU400,Central_Warehouse,479,62,187,7,2024-09-20
MET850,Central_Warehouse,807,63,65,7,2024-09-20
CTZ010,Central_Warehouse,687,59,31,7,2024-09-20
OMP020,Central_Warehouse,162,62,209,7,2024-09-20
AZI250,Central_Warehouse,437,58,33,7,2024-09-20
DOL650,Central_Warehouse,714,99,227,7,2024-09-20
PAN040,Central_Warehouse,831,63,153,7,2024-09-20
ASP075,Central_Warehouse,493,59,281,7,2024-09-20
PCM001,Central_Warehouse,461,111,123,7,2024-09-21
AMX500,Central_Warehouse,335,75,142,7,2024-09-21
IBU400,Central_Warehouse,849,74,247,7,2024-09-21
MET850,Central_Warehouse,369,73,269,7,2024-09-21
CTZ010,Central_Warehouse,988,70,158,7,2024-09-21
OMP020,Central_Warehouse,777,70,363,7,2024-09-21
AZI250,Central_Warehouse,400,76,40,7,2024-09-21
DOL650,Central_Warehouse,787,112,64,7,2024-09-21
PAN040,Central_Warehouse,546,75,322,7,2024-09-21
ASP075,Central_Warehouse,133,70,364,7,2024-09-21
PCM001,Central_Warehouse,503,118,184,7,2024-09-22
AMX500,Central_Warehouse,839,72,51,7,2024-09-22
IBU400,Central_Warehouse,463,73,255,7,2024-09-22
MET850,Central_Warehouse,224,73,335,7,2024-09-22
CTZ010,Central_Warehouse,203,75,247,7,2024-09-22
OMP020,Central_Warehouse,953,75,327,7,2024-09-22
AZI250,Central_Warehouse,705,76,182,7,2024-09-22
DOL650,Central_Warehouse,484,121,50,7,2024-09-22
PAN040,Central_Warehouse,645,74,30,7,2024-09-22
ASP075,Central_Warehouse,714,72,334,7,2024-09-22
PCM001,Central_Warehouse,687,86,137,7,2024-09-23
AMX500,Central_Warehouse,511,52,104,7,2024-09-23
IBU400,Central_Warehouse,973,55,107,7,2024-09-23
MET850,Central_Warehouse,131,52,106,7,2024-09-23
CTZ010,Central_Warehouse,161,56,343,7,2024-09-23
OMP020,Central_Warehouse,995,57,105,7,2024-09-23
AZI250,Central_Warehouse,503,54,121,7,2024-09-23
DOL650,Central_Warehouse,352,89,34,7,2024-09-23
PAN040,Central_Warehouse,664,52,323,7,2024-09-23
ASP075,Central_Warehouse,123,57,42,7,2024-09-23
PCM001,Central_Warehouse,329,101,298,7,2024-09-24
AMX500,Central_Warehouse,511,58,176,7,2024-09-24
IBU400,Central_Warehouse,363,60,188,7,2024-09-24
MET850,Central_Warehouse,555,59,255,7,2024-09-24
CTZ010,Central_Warehouse,582,58,241,7,2024-09-24
OMP020,Central_Warehouse,755,59,303,7,2024-09-24
AZI250,Central_Warehouse,292,61,215,7,2024-09-24
DOL650,Central_Warehouse,939,95,323,7,2024-09-24
PAN040,Central_Warehouse,490,63,253,7,2024-09-24
ASP075,Central_Warehouse,392,62,99,7,2024-09-24
PCM001,Central_Warehouse,358,101,169,7,2024-09-25
AMX500,Central_Warehouse,454,59,86,7,2024-09-25
IBU400,Central_Warehouse,521,60,352,7,2024-09-25
MET850,Central_Warehouse,552,63,298,7,2024-09-25
CTZ010,Central_Warehouse,772,59,41,7,2024-09-25
OMP020,Central_Warehouse,907,63,133,7,2024-09-25
AZI250,Central_Warehouse,910,58,238,7,2024-09-25
DOL650,Central_Warehouse,560,94,183,7,2024-09-25
PAN040,Central_Warehouse,586,61,281,7,2024-09-25
ASP075,Central_Warehouse,923,60,114,7,2024-09-25
PCM001,Central_Warehouse,877,101,361,7,2024-09-26
AMX500,Central_Warehouse,116,60,246,7,2024-09-26
IBU400,Central_Warehouse,312,62,362,7,2024-09-26
MET850,Central_Warehouse,824,59,298,7,2024-09-26
CTZ010,Central_Warehouse,332,60,311,7,2024-09-26
OMP020,Central_Warehouse,440,61,300,7,2024-09-26
AZI250,Central_Warehouse,205,63,171,7,2024-09-26
DOL650,Central_Warehouse,195,101,84,7,2024-09-26
PAN040,Central_Warehouse,415,59,191,7,2024-09-26
ASP075,Central_Warehouse,360,59,146,7,2024-09-26
PCM001,Central_Warehouse,871,97,252,7,2024-09-27
AMX500,Central_Warehouse,951,63,241,7,2024-09-27
IBU400,Central_Warehouse,843,61,96,7,2024-09-27
MET850,Central_Warehouse,994,58,100,7,2024-09-27
CTZ010,Central_Warehouse,893,58,326,7,2024-09-27
OMP020,Central_Warehouse,900,58,312,7,2024-09-27
AZI250,Central_Warehouse,482,60,119,7,2024-09-27
DOL650,Central_Warehouse,442,93,320,7,2024-09-27
PAN040,Central_Warehouse,732,59,150,7,2024-09-27
ASP075,Central_Warehouse,933,59,97,7,2024-09-27
PCM001,Central_Warehouse,702,114,228,7,2024-09-28
AMX500,Central_Warehouse,593,71,127,7,2024-09-28
IBU400,Central_Warehouse,889,72,291,7,2024-09-28
MET850,Central_Warehouse,365,75,238,7,2024-09-28
CTZ010,Central_Warehouse,262,75,224,7,2024-09-28
OMP020,Central_Warehouse,884,74,202,7,2024-09-28
AZI250,Central_Warehouse,494,70,197,7,2024-09-28
DOL650,Central_Warehouse,451,115,302,7,2024-09-28
PAN040,Central_Warehouse,411,72,277,7,2024-09-28
ASP075,Central_Warehouse,854,71,62,7,2024-09-28
PCM001,Central_Warehouse,914,117,39,7,2024-09-29
AMX500,Central_Warehouse,367,72,320,7,2024-09-29
IBU400,Central_Warehouse,681,75,78,7,2024-09-29
MET850,Central_Warehouse,945,75,212,7,2024-09-29
CTZ010,Central_Warehouse,470,75,178,7,2024-09-29
OMP020,Central_Warehouse,994,76,187,7,2024-09-29
AZI250,Central_Warehouse,299,72,297,7,2024-09-29
DOL650,Central_Warehouse,173,121,272,7,2024-09-29
PAN040,Central_Warehouse,474,70,205,7,2024-09-29
ASP075,Central_Warehouse,690,69,56,7,2024-09-29
PCM001,Central_Warehouse,337,86,102,7,2024-09-30
AMX500,Central_Warehouse,510,52,143,7,2024-09-30
IBU400,Central_Warehouse,330,52,73,7,2024-09-30
MET850,Central_Warehouse,368,54,231,7,2024-09-30
CTZ010,Central_Warehouse,332,54,338,7,2024-09-30
OMP020,Central_Warehouse,796,57,110,7,2024-09-30
AZI250,Central_Warehouse,944,55,34,7,2024-09-30
DOL650,Central_Warehouse,464,86,300,7,2024-09-30
PAN040,Central_Warehouse,417,53,310,7,2024-09-30
ASP075,Central_Warehouse,625,54,272,7,2024-09-30
PCM001,Central_Warehouse,702,139,75,7,2024-10-01
AMX500,Central_Warehouse,532,83,75,7,2024-10-01
IBU400,Central_Warehouse,897,88,323,7,2024-10-01
MET850,Central_Warehouse,318,86,83,7,2024-10-01
CTZ010,Central_Warehouse,826,87,234,7,2024-10-01
OMP020,Central_Warehouse,983,89,37,7,2024-10-01
AZI250,Central_Warehouse,750,81,361,7,2024-10-01
DOL650,Central_Warehouse,529,137,344,7,2024-10-01
PAN040,Central_Warehouse,129,83,363,7,2024-10-01
ASP075,Central_Warehouse,962,89,244,7,2024-10-01
PCM001,Central_Warehouse,719,131,73,7,2024-10-02
AMX500,Central_Warehouse,538,88,358,7,2024-10-02
IBU400,Central_Warehouse,610,85,364,7,2024-10-02
MET850,Central_Warehouse,704,89,81,7,2024-10-02
CTZ010,Central_Warehouse,629,86,175,7,2024-10-02
OMP020,Central_Warehouse,605,88,161,7,2024-10-02
AZI250,Central_Warehouse,897,89,291,7,2024-10-02
DOL650,Central_Warehouse,777,133,73,7,2024-10-02
PAN040,Central_Warehouse,106,83,225,7,2024-10-02
ASP075,Central_Warehouse,593,85,320,7,2024-10-02
PCM001,Central_Warehouse,487,140,136,7,2024-10-03
AMX500,Central_Warehouse,264,88,70,7,2024-10-03
IBU400,Central_Warehouse,199,87,197,7,2024-10-03
MET850,Central_Warehouse,431,85,93,7,2024-10-03
CTZ010,Central_Warehouse,345,88,215,7,2024-10-03
OMP020,Central_Warehouse,627,89,43,7,2024-10-03
AZI250,Central_Warehouse,307,82,71,7,2024-10-03
DOL650,Central_Warehouse,860,137,129,7,2024-10-03
PAN040,Central_Warehouse,429,83,362,7,2024-10-03
ASP075,Central_Warehouse,692,86,323,7,2024-10-03
PCM001,Central_Warehouse,306,131,314,7,2024-10-04
AMX500,Central_Warehouse,786,86,246,7,2024-10-04
IBU400,Central_Warehouse,339,89,49,7,2024-10-04
MET850,Central_Warehouse,893,86,242,7,2024-10-04
CTZ010,Central_Warehouse,329,86,83,7,2024-10-04
OMP020,Central_Warehouse,341,89,200,7,2024-10-04
AZI250,Central_Warehouse,912,84,83,7,2024-10-04
DOL650,Central_Warehouse,822,139,233,7,2024-10-04
PAN040,Central_Warehouse,616,88,309,7,2024-10-04
ASP075,Central_Warehouse,783,87,215,7,2024-10-04
PCM001,Central_Warehouse,984,168,127,7,2024-10-05
AMX500,Central_Warehouse,602,104,113,7,2024-10-05
IBU400,Central_Warehouse,344,99,90,7,2024-10-05
MET850,Central_Warehouse,189,105,104,7,2024-10-05
CTZ010,Central_Warehouse,994,100,117,7,2024-10-05
OMP020,Central_Warehouse,969,101,86,7,2024-10-05
AZI250,Central_Warehouse,742,108,55,7,2024-10-05
DOL650,Central_Warehouse,458,157,268,7,2024-10-05
PAN040,Central_Warehouse,582,98,79,7,2024-10-05
ASP075,Central_Warehouse,571,105,207,7,2024-10-05
PCM001,Central_Warehouse,193,161,138,7,2024-10-06
AMX500,Central_Warehouse,735,102,145,7,2024-10-06
IBU400,Central_Warehouse,691,105,365,7,2024-10-06
MET850,Central_Warehouse,268,99,251,7,2024-10-06
CTZ010,Central_Warehouse,792,101,91,7,2024-10-06
OMP020,Central_Warehouse,701,106,225,7,2024-10-06
AZI250,Central_Warehouse,572,107,84,7,2024-10-06
DOL650,Central_Warehouse,916,168,290,7,2024-10-06
PAN040,Central_Warehouse,581,99,47,7,2024-10-06
ASP075,Central_Warehouse,266,104,344,7,2024-10-06
PCM001,Central_Warehouse,104,118,35,7,2024-10-07
AMX500,Central_Warehouse,994,79,267,7,2024-10-07
IBU400,Central_Warehouse,577,75,362,7,2024-10-07
MET850,Central_Warehouse,196,78,126,7,2024-10-07
CTZ010,Central_Warehouse,368,76,200,7,2024-10-07
OMP020,Central_Warehouse,923,77,352,7,2024-10-07
AZI250,Central_Warehouse,303,75,341,7,2024-10-07
DOL650,Central_Warehouse,862,124,365,7,2024-10-07
PAN040,Central_Warehouse,145,78,149,7,2024-10-07
ASP075,Central_Warehouse,569,80,337,7,2024-10-07
PCM001,Central_Warehouse,735,136,173,7,2024-10-08
AMX500,Central_Warehouse,638,82,147,7,2024-10-08
IBU400,Central_Warehouse,836,89,140,7,2024-10-08
MET850,Central_Warehouse,435,86,189,7,2024-10-08
CTZ010,Central_Warehouse,736,83,74,7,2024-10-08
OMP020,Central_Warehouse,690,82,325,7,2024-10-08
AZI250,Central_Warehouse,989,83,354,7,2024-10-08
DOL650,Central_Warehouse,831,143,165,7,2024-10-08
PAN040,Central_Warehouse,273,83,123,7,2024-10-08
ASP075,Central_Warehouse,191,82,190,7,2024-10-08
PCM001,Central_Warehouse,896,136,347,7,2024-10-09
AMX500,Central_Warehouse,525,87,56,7,2024-10-09
IBU400,Central_Warehouse,131,85,364,7,2024-10-09
MET850,Central_Warehouse,953,86,64,7,2024-10-09
CTZ010,Central_Warehouse,476,82,232,7,2024-10-09
OMP020,Central_Warehouse,830,86,196,7,2024-10-09
AZI250,Central_Warehouse,401,82,52,7,2024-10-09
DOL650,Central_Warehouse,753,141,206,7,2024-10-09
PAN040,Central_Warehouse,284,87,178,7,2024-10-09
ASP075,Central_Warehouse,428,89,290,7,2024-10-09
PCM001,Central_Warehouse,995,132,284,7,2024-10-10
AMX500,Central_Warehouse,637,86,349,7,2024-10-10
IBU400,Central_Warehouse,943,88,110,7,2024-10-10
MET850,Central_Warehouse,200,89,119,7,2024-10-10
CTZ010,Central_Warehouse,490,86,120,7,2024-10-10
OMP020,Central_Warehouse,252,89,127,7,2024-10-10
AZI250,Central_Warehouse,435,83,165,7,2024-10-10
DOL650,Central_Warehouse,588,132,133,7,2024-10-10
PAN040,Central_Warehouse,708,81,103,7,2024-10-10
ASP075,Central_Warehouse,673,85,234,7,2024-10-10
PCM001,Central_Warehouse,436,143,225,7,2024-10-11
AMX500,Central_Warehouse,495,89,332,7,2024-10-11
IBU400,Central_Warehouse,408,86,266,7,2024-10-11
MET850,Central_Warehouse,405,88,92,7,2024-10-11
CTZ010,Central_Warehouse,192,90,234,7,2024-10-11
OMP020,Central_Warehouse,142,85,131,7,2024-10-11
AZI250,Central_Warehouse,158,84,63,7,2024-10-11
DOL650,Central_Warehouse,633,143,88,7,2024-10-11
PAN040,Central_Warehouse,391,85,119,7,2024-10-11
ASP075,Central_Warehouse,952,82,209,7,2024-10-11
PCM001,Central_Warehouse,789,170,320,7,2024-10-12
AMX500,Central_Warehouse,962,100,55,7,2024-10-12
IBU400,Central_Warehouse,665,105,140,7,2024-10-12
MET850,Central_Warehouse,630,106,198,7,2024-10-12
CTZ010,Central_Warehouse,487,101,283,7,2024-10-12
OMP020,Central_Warehouse,285,101,85,7,2024-10-12
AZI250,Central_Warehouse,709,106,146,7,2024-10-12
DOL650,Central_Warehouse,949,169,138,7,2024-10-12
PAN040,Central_Warehouse,787,105,110,7,2024-10-12
ASP075,Central_Warehouse,225,102,128,7,2024-10-12
PCM001,Central_Warehouse,842,161,152,7,2024-10-13
AMX500,Central_Warehouse,561,103,289,7,2024-10-13
IBU400,Central_Warehouse,221,101,127,7,2024-10-13
MET850,Central_Warehouse,760,103,72,7,2024-10-13
CTZ010,Central_Warehouse,269,100,165,7,2024-10-13
OMP020,Central_Warehouse,383,103,187,7,2024-10-13
AZI250,Central_Warehouse,989,103,189,7,2024-10-13
DOL650,Central_Warehouse,107,168,211,7,2024-10-13
PAN040,Central_Warehouse,478,101,317,7,2024-10-13
ASP075,Central_Warehouse,509,104,224,7,2024-10-13
PCM001,Central_Warehouse,686,125,42,7,2024-10-14
AMX500,Central_Warehouse,907,80,197,7,2024-10-14
IBU400,Central_Warehouse,970,77,257,7,2024-10-14
MET850,Central_Warehouse,144,78,242,7,2024-10-14
CTZ010,Central_Warehouse,962,80,224,7,2024-10-14
OMP020,Central_Warehouse,631,78,286,7,2024-10-14
AZI250,Central_Warehouse,831,78,289,7,2024-10-14
DOL650,Central_Warehouse,315,129,184,7,2024-10-14
PAN040,Central_Warehouse,421,76,251,7,2024-10-14
ASP075,Central_Warehouse,248,79,153,7,2024-10-14
PCM001,Central_Warehouse,105,134,113,7,2024-10-15
AMX500,Central_Warehouse,865,88,156,7,2024-10-15
IBU400,Central_Warehouse,391,82,49,7,2024-10-15
MET850,Central_Warehouse,994,88,293,7,2024-10-15
CTZ010,Central_Warehouse,273,88,265,7,2024-10-15
OMP020,Central_Warehouse,118,89,199,7,2024-10-15
AZI250,Central_Warehouse,330,87,60,7,2024-10-15
DOL650,Central_Warehouse,482,138,279,7,2024-10-15
PAN040,Central_Warehouse,853,90,326,7,2024-10-15
ASP075,Central_Warehouse,447,90,350,7,2024-10-15
PCM001,Central_Warehouse,971,132,233,7,2024-10-16
AMX500,Central_Warehouse,155,85,92,7,2024-10-16
IBU400,Central_Warehouse,816,89,159,7,2024-10-16
MET850,Central_Warehouse,846,84,111,7,2024-10-16
CTZ010,Central_Warehouse,378,89,226,7,2024-10-16
OMP020,Central_Warehouse,553,82,32,7,2024-10-16
AZI250,Central_Warehouse,161,87,226,7,2024-10-16
DOL650,Central_Warehouse,417,132,184,7,2024-10-16
PAN040,Central_Warehouse,866,84,243,7,2024-10-16
ASP075,Central_Warehouse,261,86,326,7,2024-10-16
PCM001,Central_Warehouse,414,139,317,7,2024-10-17
AMX500,Central_Warehouse,371,88,222,7,2024-10-17
IBU400,Central_Warehouse,138,88,148,7,2024-10-17
MET850,Central_Warehouse,672,82,133,7,2024-10-17
CTZ010,Central_Warehouse,238,85,344,7,2024-10-17
OMP020,Central_Warehouse,588,89,133,7,2024-10-17
AZI250,Central_Warehouse,467,84,198,7,2024-10-17
DOL650,Central_Warehouse,988,144,322,7,2024-10-17
PAN040,Central_Warehouse,361,87,186,7,2024-10-17
ASP075,Central_Warehouse,727,84,233,7,2024-10-17
PCM001,Central_Warehouse,791,138,195,7,2024-10-18
AMX500,Central_Warehouse,546,87,195,7,2024-10-18
IBU400,Central_Warehouse,117,90,352,7,2024-10-18
MET850,Central_Warehouse,411,87,80,7,2024-10-18
CTZ010,Central_Warehouse,816,83,243,7,2024-10-18
OMP020,Central_Warehouse,426,88,201,7,2024-10-18
AZI250,Central_Warehouse,699,84,116,7,2024-10-18
DOL650,Central_Warehouse,838,135,187,7,2024-10-18
PAN040,Central_Warehouse,392,85,117,7,2024-10-18
ASP075,Central_Warehouse,941,89,109,7,2024-10-18
PCM001,Central_Warehouse,884,159,331,7,2024-10-19
AMX500,Central_Warehouse,606,108,216,7,2024-10-19
IBU400,Central_Warehouse,860,101,291,7,2024-10-19
MET850,Central_Warehouse,874,99,199,7,2024-10-19
CTZ010,Central_Warehouse,421,105,114,7,2024-10-19
OMP020,Central_Warehouse,537,107,260,7,2024-10-19
AZI250,Central_Warehouse,141,107,69,7,2024-10-19
DOL650,Central_Warehouse,664,168,156,7,2024-10-19
PAN040,Central_Warehouse,588,100,205,7,2024-10-19
ASP075,Central_Warehouse,538,99,48,7,2024-10-19
PCM001,Central_Warehouse,869,165,355,7,2024-10-20
AMX500,Central_Warehouse,312,108,360,7,2024-10-20
IBU400,Central_Warehouse,294,100,136,7,2024-10-20
MET850,Central_Warehouse,328,101,202,7,2024-10-20
CTZ010,Central_Warehouse,218,107,287,7,2024-10-20
OMP020,Central_Warehouse,746,105,338,7,2024-10-20
AZI250,Central_Warehouse,769,99,241,7,2024-10-20
DOL650,Central_Warehouse,398,163,211,7,2024-10-20
PAN040,Central_Warehouse,919,105,332,7,2024-10-20
ASP075,Central_Warehouse,604,106,101,7,2024-10-20
PCM001,Central_Warehouse,281,122,50,7,2024-10-21
AMX500,Central_Warehouse,796,77,287,7,2024-10-21
IBU400,Central_Warehouse,871,76,33,7,2024-10-21
MET850,Central_Warehouse,653,76,301,7,2024-10-21
CTZ010,Central_Warehouse,504,76,268,7,2024-10-21
OMP020,Central_Warehouse,152,78,322,7,2024-10-21
AZI250,Central_Warehouse,284,76,133,7,2024-10-21
DOL650,Central_Warehouse,262,123,175,7,2024-10-21
PAN040,Central_Warehouse,457,78,137,7,2024-10-21
ASP075,Central_Warehouse,442,79,218,7,2024-10-21
PCM001,Central_Warehouse,181,141,195,7,2024-10-22
AMX500,Central_Warehouse,594,84,326,7,2024-10-22
IBU400,Central_Warehouse,628,87,52,7,2024-10-22
MET850,Central_Warehouse,880,84,298,7,2024-10-22
CTZ010,Central_Warehouse,568,84,54,7,2024-10-22
OMP020,Central_Warehouse,569,84,231,7,2024-10-22
AZI250,Central_Warehouse,972,84,331,7,2024-10-22
DOL650,Central_Warehouse,722,135,90,7,2024-10-22
PAN040,Central_Warehouse,346,84,120,7,2024-10-22
ASP075,Central_Warehouse,704,90,39,7,2024-10-22
PCM001,Central_Warehouse,606,136,237,7,2024-10-23
AMX500,Central_Warehouse,606,90,329,7,2024-10-23
IBU400,Central_Warehouse,507,86,307,7,2024-10-23
MET850,Central_Warehouse,147,82,183,7,2024-10-23
CTZ010,Central_Warehouse,121,82,237,7,2024-10-23
OMP020,Central_Warehouse,983,89,44,7,2024-10-23
AZI250,Central_Warehouse,800,86,290,7,2024-10-23
DOL650,Central_Warehouse,473,145,85,7,2024-10-23
PAN040,Central_Warehouse,494,88,116,7,2024-10-23
ASP075,Central_Warehouse,307,83,143,7,2024-10-23
PCM001,Central_Warehouse,210,133,207,7,2024-10-24
AMX500,Central_Warehouse,930,83,201,7,2024-10-24
IBU400,Central_Warehouse,518,86,226,7,2024-10-24
MET850,Central_Warehouse,956,88,47,7,2024-10-24
CTZ010,Central_Warehouse,382,87,345,7,2024-10-24
OMP020,Central_Warehouse,391,88,196,7,2024-10-24
AZI250,Central_Warehouse,906,85,192,7,2024-10-24
DOL650,Central_Warehouse,355,132,166,7,2024-10-24
PAN040,Central_Warehouse,446,90,88,7,2024-10-24
ASP075,Central_Warehouse,262,87,128,7,2024-10-24
PCM001,Central_Warehouse,145,136,61,7,2024-10-25
AMX500,Central_Warehouse,227,90,150,7,2024-10-25
IBU400,Central_Warehouse,900,83,200,7,2024-10-25
MET850,Central_Warehouse,941,90,118,7,2024-10-25
CTZ010,Central_Warehouse,310,87,229,7,2024-10-25
OMP020,Central_Warehouse,274,84,304,7,2024-10-25
AZI250,Central_Warehouse,656,85,329,7,2024-10-25
DOL650,Central_Warehouse,426,144,150,7,2024-10-25
PAN040,Central_Warehouse,366,88,110,7,2024-10-25
ASP075,Central_Warehouse,909,88,319,7,2024-10-25
PCM001,Central_Warehouse,630,167,181,7,2024-10-26
AMX500,Central_Warehouse,531,107,188,7,2024-10-26
IBU400,Central_Warehouse,242,105,261,7,2024-10-26
MET850,Central_Warehouse,340,103,195,7,2024-10-26
CTZ010,Central_Warehouse,423,102,134,7,2024-10-26
OMP020,Central_Warehouse,140,102,310,7,2024-10-26
AZI250,Central_Warehouse,494,102,197,7,2024-10-26
DOL650,Central_Warehouse,237,172,237,7,2024-10-26
PAN040,Central_Warehouse,557,106,139,7,2024-10-26
ASP075,Central_Warehouse,172,99,290,7,2024-10-26
PCM001,Central_Warehouse,126,160,327,7,2024-10-27
AMX500,Central_Warehouse,133,100,96,7,2024-10-27
IBU400,Central_Warehouse,562,103,220,7,2024-10-27
MET850,Central_Warehouse,759,107,209,7,2024-10-27
CTZ010,Central_Warehouse,134,99,306,7,2024-10-27
OMP020,Central_Warehouse,762,102,235,7,2024-10-27
AZI250,Central_Warehouse,209,101,175,7,2024-10-27
DOL650,Central_Warehouse,318,171,278,7,2024-10-27
PAN040,Central_Warehouse,121,105,224,7,2024-10-27
ASP075,Central_Warehouse,914,104,257,7,2024-10-27
PCM001,Central_Warehouse,874,119,281,7,2024-10-28
AMX500,Central_Warehouse,515,78,171,7,2024-10-28
IBU400,Central_Warehouse,237,80,243,7,2024-10-28
MET850,Central_Warehouse,715,79,74,7,2024-10-28
CTZ010,Central_Warehouse,668,79,114,7,2024-10-28
OMP020,Central_Warehouse,754,79,307,7,2024-10-28
AZI250,Central_Warehouse,781,82,72,7,2024-10-28
DOL650,Central_Warehouse,391,130,348,7,2024-10-28
PAN040,Central_Warehouse,817,81,315,7,2024-10-28
ASP075,Central_Warehouse,678,79,49,7,2024-10-28
PCM001,Central_Warehouse,181,139,212,7,2024-10-29
AMX500,Central_Warehouse,197,90,63,7,2024-10-29
IBU400,Central_Warehouse,681,83,100,7,2024-10-29
MET850,Central_Warehouse,440,86,48,7,2024-10-29
CTZ010,Central_Warehouse,693,89,361,7,2024-10-29
OMP020,Central_Warehouse,668,84,352,7,2024-10-29
AZI250,Central_Warehouse,754,90,210,7,2024-10-29
DOL650,Central_Warehouse,348,137,203,7,2024-10-29
PAN040,Central_Warehouse,164,87,91,7,2024-10-29
ASP075,Central_Warehouse,430,88,39,7,2024-10-29
PCM001,Central_Warehouse,923,136,307,7,2024-10-30
AMX500,Central_Warehouse,263,86,131,7,2024-10-30
IBU400,Central_Warehouse,406,83,46,7,2024-10-30
MET850,Central_Warehouse,207,89,175,7,2024-10-30
CTZ010,Central_Warehouse,944,86,124,7,2024-10-30
OMP020,Central_Warehouse,587,88,45,7,2024-10-30
AZI250,Central_Warehouse,466,89,147,7,2024-10-30
DOL650,Central_Warehouse,994,137,204,7,2024-10-30
PAN040,Central_Warehouse,312,84,246,7,2024-10-30
ASP075,Central_Warehouse,103,87,312,7,2024-10-30
PCM001,Central_Warehouse,510,146,165,7,2024-10-31
AMX500,Central_Warehouse,559,87,77,7,2024-10-31
IBU400,Central_Warehouse,186,89,284,7,2024-10-31
MET850,Central_Warehouse,799,83,106,7,2024-10-31
CTZ010,Central_Warehouse,956,83,323,7,2024-10-31
OMP020,Central_Warehouse,457,88,351,7,2024-10-31
AZI250,Central_Warehouse,691,85,182,7,2024-10-31
DOL650,Central_Warehouse,777,138,296,7,2024-10-31
PAN040,Central_Warehouse,732,91,97,7,2024-10-31
ASP075,Central_Warehouse,520,90,163,7,2024-10-31
PCM001,Central_Warehouse,737,141,340,7,2024-11-01
AMX500,Central_Warehouse,501,83,357,7,2024-11-01
IBU400,Central_Warehouse,978,89,105,7,2024-11-01
MET850,Central_Warehouse,841,89,155,7,2024-11-01
CTZ010,Central_Warehouse,143,91,154,7,2024-11-01
OMP020,Central_Warehouse,859,85,347,7,2024-11-01
AZI250,Central_Warehouse,744,87,72,7,2024-11-01
DOL650,Central_Warehouse,207,145,166,7,2024-11-01
PAN040,Central_Warehouse,425,83,305,7,2024-11-01
ASP075,Central_Warehouse,269,86,167,7,2024-11-01
PCM001,Central_Warehouse,651,167,307,7,2024-11-02
AMX500,Central_Warehouse,157,102,173,7,2024-11-02
IBU400,Central_Warehouse,662,102,102,7,2024-11-02
MET850,Central_Warehouse,853,101,353,7,2024-11-02
CTZ010,Central_Warehouse,287,106,260,7,2024-11-02
OMP020,Central_Warehouse,282,100,73,7,2024-11-02
AZI250,Central_Warehouse,967,110,101,7,2024-11-02
DOL650,Central_Warehouse,357,159,69,7,2024-11-02
PAN040,Central_Warehouse,739,100,175,7,2024-11-02
ASP075,Central_Warehouse,683,100,151,7,2024-11-02
PCM001,Central_Warehouse,893,169,359,7,2024-11-03
AMX500,Central_Warehouse,210,103,102,7,2024-11-03
IBU400,Central_Warehouse,549,103,125,7,2024-11-03
MET850,Central_Warehouse,502,107,164,7,2024-11-03
CTZ010,Central_Warehouse,671,106,311,7,2024-11-03
OMP020,Central_Warehouse,213,109,32,7,2024-11-03
AZI250,Central_Warehouse,482,109,135,7,2024-11-03
DOL650,Central_Warehouse,718,162,114,7,2024-11-03
PAN040,Central_Warehouse,794,104,355,7,2024-11-03
ASP075,Central_Warehouse,208,108,275,7,2024-11-03
PCM001,Central_Warehouse,438,131,152,7,2024-11-04
AMX500,Central_Warehouse,542,78,100,7,2024-11-04
IBU400,Central_Warehouse,831,77,315,7,2024-11-04
MET850,Central_Warehouse,134,81,73,7,2024-11-04
CTZ010,Central_Warehouse,265,76,125,7,2024-11-04
OMP020,Central_Warehouse,807,78,267,7,2024-11-04
AZI250,Central_Warehouse,993,81,349,7,2024-11-04
DOL650,Central_Warehouse,551,122,124,7,2024-11-04
PAN040,Central_Warehouse,600,76,102,7,2024-11-04
ASP075,Central_Warehouse,808,81,259,7,2024-11-04
PCM001,Central_Warehouse,757,134,268,7,2024-11-05
AMX500,Central_Warehouse,317,88,331,7,2024-11-05
IBU400,Central_Warehouse,555,84,220,7,2024-11-05
MET850,Central_Warehouse,798,91,285,7,2024-11-05
CTZ010,Central_Warehouse,111,90,236,7,2024-11-05
OMP020,Central_Warehouse,367,88,349,7,2024-11-05
AZI250,Central_Warehouse,665,88,205,7,2024-11-05
DOL650,Central_Warehouse,275,139,223,7,2024-11-05
PAN040,Central_Warehouse,672,91,274,7,2024-11-05
ASP075,Central_Warehouse,747,89,54,7,2024-11-05
PCM001,Central_Warehouse,146,135,318,7,2024-11-06
AMX500,Central_Warehouse,738,85,357,7,2024-11-06
IBU400,Central_Warehouse,282,84,236,7,2024-11-06
MET850,Central_Warehouse,599,92,121,7,2024-11-06
CTZ010,Central_Warehouse,432,89,350,7,2024-11-06
OMP020,Central_Warehouse,231,89,340,7,2024-11-06
AZI250,Central_Warehouse,515,88,160,7,2024-11-06
DOL650,Central_Warehouse,520,136,91,7,2024-11-06
PAN040,Central_Warehouse,325,85,197,7,2024-11-06
ASP075,Central_Warehouse,189,85,44,7,2024-11-06
PCM001,Central_Warehouse,405,141,85,7,2024-11-07
AMX500,Central_Warehouse,856,91,73,7,2024-11-07
IBU400,Central_Warehouse,988,89,217,7,2024-11-07
MET850,Central_Warehouse,868,84,359,7,2024-11-07
CTZ010,Central_Warehouse,150,90,37,7,2024-11-07
OMP020,Central_Warehouse,193,84,164,7,2024-11-07
AZI250,Central_Warehouse,189,91,291,7,2024-11-07
DOL650,Central_Warehouse,282,143,109,7,2024-11-07
PAN040,Central_Warehouse,266,90,147,7,2024-11-07
ASP075,Central_Warehouse,456,88,112,7,2024-11-07
PCM001,Central_Warehouse,977,133,238,7,2024-11-08
AMX500,Central_Warehouse,957,85,58,7,2024-11-08
IBU400,Central_Warehouse,280,92,169,7,2024-11-08
MET850,Central_Warehouse,173,92,341,7,2024-11-08
CTZ010,Central_Warehouse,805,85,255,7,2024-11-08
OMP020,Central_Warehouse,601,89,70,7,2024-11-08
AZI250,Central_Warehouse,568,90,80,7,2024-11-08
DOL650,Central_Warehouse,393,146,172,7,2024-11-08
PAN040,Central_Warehouse,602,89,84,7,2024-11-08
ASP075,Central_Warehouse,258,86,197,7,2024-11-08
PCM001,Central_Warehouse,208,167,79,7,2024-11-09
AMX500,Central_Warehouse,183,102,269,7,2024-11-09
IBU400,Central_Warehouse,288,100,118,7,2024-11-09
MET850,Central_Warehouse,849,109,282,7,2024-11-09
CTZ010,Central_Warehouse,936,106,278,7,2024-11-09
OMP020,Central_Warehouse,576,108,280,7,2024-11-09
AZI250,Central_Warehouse,827,109,328,7,2024-11-09
DOL650,Central_Warehouse,391,175,95,7,2024-11-09
PAN040,Central_Warehouse,301,109,97,7,2024-11-09
ASP075,Central_Warehouse,411,107,173,7,2024-11-09
PCM001,Central_Warehouse,780,164,297,7,2024-11-10
AMX500,Central_Warehouse,471,103,365,7,2024-11-10
IBU400,Central_Warehouse,398,101,37,7,2024-11-10
MET850,Central_Warehouse,707,107,150,7,2024-11-10
CTZ010,Central_Warehouse,831,100,293,7,2024-11-10
OMP020,Central_Warehouse,279,106,287,7,2024-11-10
AZI250,Central_Warehouse,608,105,96,7,2024-11-10
DOL650,Central_Warehouse,445,170,101,7,2024-11-10
PAN040,Central_Warehouse,504,109,231,7,2024-11-10
ASP075,Central_Warehouse,398,107,102,7,2024-11-10
PCM001,Central_Warehouse,967,127,305,7,2024-11-11
AMX500,Central_Warehouse,461,75,180,7,2024-11-11
IBU400,Central_Warehouse,614,79,209,7,2024-11-11
MET850,Central_Warehouse,794,75,164,7,2024-11-11
CTZ010,Central_Warehouse,317,75,113,7,2024-11-11
OMP020,Central_Warehouse,578,82,259,7,2024-11-11
AZI250,Central_Warehouse,450,79,184,7,2024-11-11
DOL650,Central_Warehouse,401,131,157,7,2024-11-11
PAN040,Central_Warehouse,204,82,208,7,2024-11-11
ASP075,Central_Warehouse,614,75,245,7,2024-11-11
PCM001,Central_Warehouse,444,146,252,7,2024-11-12
AMX500,Central_Warehouse,904,90,275,7,2024-11-12
IBU400,Central_Warehouse,795,85,115,7,2024-11-12
MET850,Central_Warehouse,957,85,349,7,2024-11-12
CTZ010,Central_Warehouse,130,92,111,7,2024-11-12
OMP020,Central_Warehouse,547,91,283,7,2024-11-12
AZI250,Central_Warehouse,690,91,61,7,2024-11-12
DOL650,Central_Warehouse,892,147,92,7,2024-11-12
PAN040,Central_Warehouse,800,84,314,7,2024-11-12
ASP075,Central_Warehouse,290,90,123,7,2024-11-12
PCM001,Central_Warehouse,530,146,300,7,2024-11-13
AMX500,Central_Warehouse,465,86,254,7,2024-11-13
IBU400,Central_Warehouse,179,84,260,7,2024-11-13
MET850,Central_Warehouse,583,86,202,7,2024-11-13
CTZ010,Central_Warehouse,850,85,365,7,2024-11-13
OMP020,Central_Warehouse,760,84,251,7,2024-11-13
AZI250,Central_Warehouse,960,86,339,7,2024-11-13
DOL650,Central_Warehouse,256,141,220,7,2024-11-13
PAN040,Central_Warehouse,540,87,186,7,2024-11-13
ASP075,Central_Warehouse,548,86,358,7,2024-11-13
PCM001,Central_Warehouse,464,141,187,7,2024-11-14
AMX500,Central_Warehouse,801,86,186,7,2024-11-14
IBU400,Central_Warehouse,190,92,146,7,2024-11-14
MET850,Central_Warehouse,352,85,185,7,2024-11-14
CTZ010,Central_Warehouse,617,86,83,7,2024-11-14
OMP020,Central_Warehouse,275,91,287,7,2024-11-14
AZI250,Central_Warehouse,312,86,54,7,2024-11-14
DOL650,Central_Warehouse,735,139,107,7,2024-11-14
PAN040,Central_Warehouse,429,88,243,7,2024-11-14
ASP075,Central_Warehouse,902,91,212,7,2024-11-14
PCM001,Central_Warehouse,406,137,84,7,2024-11-15
AMX500,Central_Warehouse,971,86,179,7,2024-11-15
IBU400,Central_Warehouse,330,90,316,7,2024-11-15
MET850,Central_Warehouse,723,91,120,7,2024-11-15
CTZ010,Central_Warehouse,325,89,129,7,2024-11-15
OMP020,Central_Warehouse,426,86,95,7,2024-11-15
AZI250,Central_Warehouse,456,90,211,7,2024-11-15
DOL650,Central_Warehouse,821,145,90,7,2024-11-15
PAN040,Central_Warehouse,233,84,162,7,2024-11-15
ASP075,Central_Warehouse,419,84,114,7,2024-11-15
PCM001,Central_Warehouse,479,177,33,7,2024-11-16
AMX500,Central_Warehouse,892,104,340,7,2024-11-16
IBU400,Central_Warehouse,814,110,314,7,2024-11-16
MET850,Central_Warehouse,559,105,170,7,2024-11-16
CTZ010,Central_Warehouse,402,106,320,7,2024-11-16
OMP020,Central_Warehouse,226,106,251,7,2024-11-16
AZI250,Central_Warehouse,323,105,253,7,2024-11-16
DOL650,Central_Warehouse,685,172,351,7,2024-11-16
PAN040,Central_Warehouse,494,102,59,7,2024-11-16
ASP075,Central_Warehouse,990,104,92,7,2024-11-16
PCM001,Central_Warehouse,138,162,182,7,2024-11-17
AMX500,Central_Warehouse,239,105,127,7,2024-11-17
IBU400,Central_Warehouse,576,109,201,7,2024-11-17
MET850,Central_Warehouse,215,103,316,7,2024-11-17
CTZ010,Central_Warehouse,806,104,297,7,2024-11-17
OMP020,Central_Warehouse,986,106,127,7,2024-11-17
AZI250,Central_Warehouse,864,108,199,7,2024-11-17
DOL650,Central_Warehouse,591,168,171,7,2024-11-17
PAN040,Central_Warehouse,684,106,81,7,2024-11-17
ASP075,Central_Warehouse,708,105,317,7,2024-11-17
PCM001,Central_Warehouse,400,130,341,7,2024-11-18
AMX500,Central_Warehouse,135,81,295,7,2024-11-18
IBU400,Central_Warehouse,291,77,30,7,2024-11-18
MET850,Central_Warehouse,860,83,218,7,2024-11-18
CTZ010,Central_Warehouse,670,78,142,7,2024-11-18
OMP020,Central_Warehouse,802,80,357,7,2024-11-18
AZI250,Central_Warehouse,236,78,188,7,2024-11-18
DOL650,Central_Warehouse,656,125,179,7,2024-11-18
PAN040,Central_Warehouse,348,75,151,7,2024-11-18
ASP075,Central_Warehouse,495,81,44,7,2024-11-18
PCM001,Central_Warehouse,707,137,49,7,2024-11-19
AMX500,Central_Warehouse,267,85,333,7,2024-11-19
IBU400,Central_Warehouse,693,86,274,7,2024-11-19
MET850,Central_Warehouse,720,88,165,7,2024-11-19
CTZ010,Central_Warehouse,293,92,190,7,2024-11-19
OMP020,Central_Warehouse,554,92,311,7,2024-11-19
AZI250,Central_Warehouse,834,89,316,7,2024-11-19
DOL650,Central_Warehouse,841,147,325,7,2024-11-19
PAN040,Central_Warehouse,910,87,127,7,2024-11-19
ASP075,Central_Warehouse,131,86,92,7,2024-11-19
PCM001,Central_Warehouse,794,135,263,7,2024-11-20
AMX500,Central_Warehouse,770,92,186,7,2024-11-20
IBU400,Central_Warehouse,336,86,120,7,2024-11-20
MET850,Central_Warehouse,577,85,168,7,2024-11-20
CTZ010,Central_Warehouse,249,91,105,7,2024-11-20
OMP020,Central_Warehouse,440,85,89,7,2024-11-20
AZI250,Central_Warehouse,891,87,245,7,2024-11-20
DOL650,Central_Warehouse,567,141,256,7,2024-11-20
PAN040,Central_Warehouse,735,92,170,7,2024-11-20
ASP075,Central_Warehouse,781,92,338,7,2024-11-20
PCM001,Central_Warehouse,898,141,159,7,2024-11-21
AMX500,Central_Warehouse,943,86,239,7,2024-11-21
IBU400,Central_Warehouse,416,88,277,7,2024-11-21
MET850,Central_Warehouse,686,86,363,7,2024-11-21
CTZ010,Central_Warehouse,633,89,153,7,2024-11-21
OMP020,Central_Warehouse,874,84,191,7,2024-11-21
AZI250,Central_Warehouse,710,86,206,7,2024-11-21
DOL650,Central_Warehouse,374,143,157,7,2024-11-21
PAN040,Central_Warehouse,389,93,322,7,2024-11-21
ASP075,Central_Warehouse,485,88,208,7,2024-11-21
PCM001,Central_Warehouse,935,143,35,7,2024-11-22
AMX500,Central_Warehouse,118,86,294,7,2024-11-22
IBU400,Central_Warehouse,628,92,185,7,2024-11-22
MET850,Central_Warehouse,642,89,356,7,2024-11-22
CTZ010,Central_Warehouse,329,84,85,7,2024-11-22
OMP020,Central_Warehouse,882,86,304,7,2024-11-22
AZI250,Central_Warehouse,958,88,351,7,2024-11-22
DOL650,Central_Warehouse,897,146,244,7,2024-11-22
PAN040,Central_Warehouse,628,93,199,7,2024-11-22
ASP075,Central_Warehouse,599,84,108,7,2024-11-22
PCM001,Central_Warehouse,815,171,105,7,2024-11-23
AMX500,Central_Warehouse,111,104,52,7,2024-11-23
IBU400,Central_Warehouse,183,107,321,7,2024-11-23
MET850,Central_Warehouse,314,106,311,7,2024-11-23
CTZ010,Central_Warehouse,133,106,235,7,2024-11-23
OMP020,Central_Warehouse,720,102,77,7,2024-11-23
AZI250,Central_Warehouse,129,104,321,7,2024-11-23
DOL650,Central_Warehouse,890,177,120,7,2024-11-23
PAN040,Central_Warehouse,395,111,72,7,2024-11-23
ASP075,Central_Warehouse,520,110,64,7,2024-11-23
PCM001,Central_Warehouse,202,166,233,7,2024-11-24
AMX500,Central_Warehouse,661,107,306,7,2024-11-24
IBU400,Central_Warehouse,366,110,312,7,2024-11-24
MET850,Central_Warehouse,120,101,208,7,2024-11-24
CTZ010,Central_Warehouse,815,102,237,7,2024-11-24
OMP020,Central_Warehouse,828,103,183,7,2024-11-24
AZI250,Central_Warehouse,400,106,156,7,2024-11-24
DOL650,Central_Warehouse,815,174,126,7,2024-11-24
PAN040,Central_Warehouse,658,110,84,7,2024-11-24
ASP075,Central_Warehouse,438,101,151,7,2024-11-24
PCM001,Central_Warehouse,362,121,332,7,2024-11-25
AMX500,Central_Warehouse,130,80,313,7,2024-11-25
IBU400,Central_Warehouse,185,82,175,7,2024-11-25
MET850,Central_Warehouse,310,84,83,7,2024-11-25
CTZ010,Central_Warehouse,678,78,235,7,2024-11-25
OMP020,Central_Warehouse,147,81,298,7,2024-11-25
AZI250,Central_Warehouse,177,79,229,7,2024-11-25
DOL650,Central_Warehouse,314,123,118,7,2024-11-25
PAN040,Central_Warehouse,247,77,110,7,2024-11-25
ASP075,Central_Warehouse,675,76,46,7,2024-11-25
PCM001,Central_Warehouse,472,145,209,7,2024-11-26
AMX500,Central_Warehouse,362,88,76,7,2024-11-26
IBU400,Central_Warehouse,487,84,280,7,2024-11-26
MET850,Central_Warehouse,936,91,273,7,2024-11-26
CTZ010,Central_Warehouse,393,88,54,7,2024-11-26
OMP020,Central_Warehouse,791,92,184,7,2024-11-26
AZI250,Central_Warehouse,981,92,135,7,2024-11-26
DOL650,Central_Warehouse,288,145,86,7,2024-11-26
PAN040,Central_Warehouse,140,85,189,7,2024-11-26
ASP075,Central_Warehouse,938,85,160,7,2024-11-26
PCM001,Central_Warehouse,416,140,45,7,2024-11-27
AMX500,Central_Warehouse,320,88,200,7,2024-11-27
IBU400,Central_Warehouse,436,86,175,7,2024-11-27
MET850,Central_Warehouse,388,93,64,7,2024-11-27
CTZ010,Central_Warehouse,862,92,359,7,2024-11-27
OMP020,Central_Warehouse,160,92,83,7,2024-11-27
AZI250,Central_Warehouse,786,85,221,7,2024-11-27
DOL650,Central_Warehouse,217,147,181,7,2024-11-27
PAN040,Central_Warehouse,609,84,348,7,2024-11-27
ASP075,Central_Warehouse,798,87,356,7,2024-11-27
PCM001,Central_Warehouse,886,138,184,7,2024-11-28
AMX500,Central_Warehouse,512,85,173,7,2024-11-28
IBU400,Central_Warehouse,920,86,37,7,2024-11-28
MET850,Central_Warehouse,152,85,162,7,2024-11-28
CTZ010,Central_Warehouse,281,88,38,7,2024-11-28
OMP020,Central_Warehouse,456,85,214,7,2024-11-28
AZI250,Central_Warehouse,763,92,54,7,2024-11-28
DOL650,Central_Warehouse,145,148,108,7,2024-11-28
PAN040,Central_Warehouse,944,92,261,7,2024-11-28
ASP075,Central_Warehouse,162,85,114,7,2024-11-28
PCM001,Central_Warehouse,151,147,269,7,2024-11-29
AMX500,Central_Warehouse,123,91,140,7,2024-11-29
IBU400,Central_Warehouse,695,88,35,7,2024-11-29
MET850,Central_Warehouse,727,93,305,7,2024-11-29
CTZ010,Central_Warehouse,592,87,329,7,2024-11-29
OMP020,Central_Warehouse,208,85,274,7,2024-11-29
AZI250,Central_Warehouse,572,89,182,7,2024-11-29
DOL650,Central_Warehouse,133,140,201,7,2024-11-29
PAN040,Central_Warehouse,513,85,119,7,2024-11-29
ASP075,Central_Warehouse,353,87,152,7,2024-11-29
PCM001,Central_Warehouse,879,170,172,7,2024-11-30
AMX500,Central_Warehouse,401,110,218,7,2024-11-30
IBU400,Central_Warehouse,355,107,327,7,2024-11-30
MET850,Central_Warehouse,336,108,198,7,2024-11-30
CTZ010,Central_Warehouse,109,101,94,7,2024-11-30
OMP020,Central_Warehouse,912,104,337,7,2024-11-30
AZI250,Central_Warehouse,158,112,124,7,2024-11-30
DOL650,Central_Warehouse,133,170,246,7,2024-11-30
PAN040,Central_Warehouse,217,110,204,7,2024-11-30
ASP075,Central_Warehouse,416,109,54,7,2024-11-30
PCM001,Central_Warehouse,228,165,273,7,2024-12-01
AMX500,Central_Warehouse,730,111,191,7,2024-12-01
IBU400,Central_Warehouse,297,111,261,7,2024-12-01
MET850,Central_Warehouse,126,106,182,7,2024-12-01
CTZ010,Central_Warehouse,344,105,288,7,2024-12-01
OMP020,Central_Warehouse,899,108,197,7,2024-12-01
AZI250,Central_Warehouse,626,108,102,7,2024-12-01
DOL650,Central_Warehouse,172,164,63,7,2024-12-01
PAN040,Central_Warehouse,981,103,184,7,2024-12-01
ASP075,Central_Warehouse,996,111,273,7,2024-12-01
PCM001,Central_Warehouse,447,124,302,7,2024-12-02
AMX500,Central_Warehouse,710,83,225,7,2024-12-02
IBU400,Central_Warehouse,365,82,128,7,2024-12-02
MET850,Central_Warehouse,240,84,271,7,2024-12-02
CTZ010,Central_Warehouse,915,77,175,7,2024-12-02
OMP020,Central_Warehouse,915,79,139,7,2024-12-02
AZI250,Central_Warehouse,736,78,269,7,2024-12-02
DOL650,Central_Warehouse,848,126,261,7,2024-12-02
PAN040,Central_Warehouse,525,84,220,7,2024-12-02
ASP075,Central_Warehouse,601,79,159,7,2024-12-02
PCM001,Central_Warehouse,775,136,302,7,2024-12-03
AMX500,Central_Warehouse,327,88,57,7,2024-12-03
IBU400,Central_Warehouse,176,93,44,7,2024-12-03
MET850,Central_Warehouse,763,86,67,7,2024-12-03
CTZ010,Central_Warehouse,745,86,262,7,2024-12-03
OMP020,Central_Warehouse,654,90,248,7,2024-12-03
AZI250,Central_Warehouse,688,87,107,7,2024-12-03
DOL650,Central_Warehouse,973,148,326,7,2024-12-03
PAN040,Central_Warehouse,936,85,124,7,2024-12-03
ASP075,Central_Warehouse,847,87,134,7,2024-12-03
PCM001,Central_Warehouse,989,137,174,7,2024-12-04
AMX500,Central_Warehouse,151,93,117,7,2024-12-04
IBU400,Central_Warehouse,539,86,159,7,2024-12-04
MET850,Central_Warehouse,471,91,115,7,2024-12-04
CTZ010,Central_Warehouse,346,92,204,7,2024-12-04
OMP020,Central_Warehouse,997,86,132,7,2024-12-04
AZI250,Central_Warehouse,991,86,144,7,2024-12-04
DOL650,Central_Warehouse,256,136,147,7,2024-12-04
PAN040,Central_Warehouse,519,89,232,7,2024-12-04
ASP075,Central_Warehouse,984,90,46,7,2024-12-04
PCM001,Central_Warehouse,831,144,207,7,2024-12-05
AMX500,Central_Warehouse,176,89,53,7,2024-12-05
IBU400,Central_Warehouse,913,90,291,7,2024-12-05
MET850,Central_Warehouse,574,85,82,7,2024-12-05
CTZ010,Central_Warehouse,829,85,312,7,2024-12-05
OMP020,Central_Warehouse,641,88,157,7,2024-12-05
AZI250,Central_Warehouse,614,89,291,7,2024-12-05
DOL650,Central_Warehouse,836,149,157,7,2024-12-05
PAN040,Central_Warehouse,373,89,134,7,2024-12-05
ASP075,Central_Warehouse,291,91,207,7,2024-12-05
PCM001,Central_Warehouse,615,140,127,7,2024-12-06
AMX500,Central_Warehouse,195,85,274,7,2024-12-06
IBU400,Central_Warehouse,530,93,251,7,2024-12-06
MET850,Central_Warehouse,477,91,151,7,2024-12-06
CTZ010,Central_Warehouse,962,93,128,7,2024-12-06
OMP020,Central_Warehouse,136,90,346,7,2024-12-06
AZI250,Central_Warehouse,150,89,331,7,2024-12-06
DOL650,Central_Warehouse,426,137,202,7,2024-12-06
PAN040,Central_Warehouse,973,87,267,7,2024-12-06
ASP075,Central_Warehouse,386,89,164,7,2024-12-06
PCM001,Central_Warehouse,913,170,287,7,2024-12-07
AMX500,Central_Warehouse,465,105,42,7,2024-12-07
IBU400,Central_Warehouse,441,103,217,7,2024-12-07
MET850,Central_Warehouse,728,104,266,7,2024-12-07
CTZ010,Central_Warehouse,289,103,355,7,2024-12-07
OMP020,Central_Warehouse,595,110,99,7,2024-12-07
AZI250,Central_Warehouse,652,106,133,7,2024-12-07
DOL650,Central_Warehouse,830,174,284,7,2024-12-07
PAN040,Central_Warehouse,620,112,173,7,2024-12-07
ASP075,Central_Warehouse,840,108,155,7,2024-12-07
PCM001,Central_Warehouse,432,164,179,7,2024-12-08
AMX500,Central_Warehouse,558,109,36,7,2024-12-08
IBU400,Central_Warehouse,643,106,157,7,2024-12-08
MET850,Central_Warehouse,996,110,319,7,2024-12-08
CTZ010,Central_Warehouse,400,104,255,7,2024-12-08
OMP020,Central_Warehouse,254,103,188,7,2024-12-08
AZI250,Central_Warehouse,689,105,136,7,2024-12-08
DOL650,Central_Warehouse,657,171,159,7,2024-12-08
PAN040,Central_Warehouse,973,107,270,7,2024-12-08
ASP075,Central_Warehouse,265,109,150,7,2024-12-08
PCM001,Central_Warehouse,955,123,67,7,2024-12-09
AMX500,Central_Warehouse,717,83,218,7,2024-12-09
IBU400,Central_Warehouse,430,83,239,7,2024-12-09
MET850,Central_Warehouse,753,78,135,7,2024-12-09
CTZ010,Central_Warehouse,254,81,86,7,2024-12-09
OMP020,Central_Warehouse,776,79,275,7,2024-12-09
AZI250,Central_Warehouse,517,78,227,7,2024-12-09
DOL650,Central_Warehouse,201,134,175,7,2024-12-09
PAN040,Central_Warehouse,484,80,119,7,2024-12-09
ASP075,Central_Warehouse,221,79,239,7,2024-12-09
PCM001,Central_Warehouse,625,146,30,7,2024-12-10
AMX500,Central_Warehouse,584,85,312,7,2024-12-10
IBU400,Central_Warehouse,360,87,316,7,2024-12-10
MET850,Central_Warehouse,167,91,190,7,2024-12-10
CTZ010,Central_Warehouse,516,91,234,7,2024-12-10
OMP020,Central_Warehouse,524,94,32,7,2024-12-10
AZI250,Central_Warehouse,235,93,307,7,2024-12-10
DOL650,Central_Warehouse,447,147,39,7,2024-12-10
PAN040,Central_Warehouse,577,87,254,7,2024-12-10
ASP075,Central_Warehouse,462,87,167,7,2024-12-10
PCM001,Central_Warehouse,766,145,42,7,2024-12-11
AMX500,Central_Warehouse,904,85,173,7,2024-12-11
IBU400,Central_Warehouse,242,87,353,7,2024-12-11
MET850,Central_Warehouse,449,94,44,7,2024-12-11
CTZ010,Central_Warehouse,945,91,265,7,2024-12-11
OMP020,Central_Warehouse,637,89,225,7,2024-12-11
AZI250,Central_Warehouse,596,85,171,7,2024-12-11
DOL650,Central_Warehouse,349,147,191,7,2024-12-11
PAN040,Central_Warehouse,340,93,153,7,2024-12-11
ASP075,Central_Warehouse,881,85,93,7,2024-12-11
PCM001,Central_Warehouse,882,138,255,7,2024-12-12
AMX500,Central_Warehouse,814,91,149,7,2024-12-12
IBU400,Central_Warehouse,948,90,322,7,2024-12-12
MET850,Central_Warehouse,164,86,148,7,2024-12-12
CTZ010,Central_Warehouse,244,93,94,7,2024-12-12
OMP020,Central_Warehouse,499,88,36,7,2024-12-12
AZI250,Central_Warehouse,833,88,255,7,2024-12-12
DOL650,Central_Warehouse,915,147,351,7,2024-12-12
PAN040,Central_Warehouse,838,87,309,7,2024-12-12
ASP075,Central_Warehouse,716,90,296,7,2024-12-12
PCM001,Central_Warehouse,467,138,214,7,2024-12-13
AMX500,Central_Warehouse,131,88,315,7,2024-12-13
IBU400,Central_Warehouse,292,90,128,7,2024-12-13
MET850,Central_Warehouse,754,87,110,7,2024-12-13
CTZ010,Central_Warehouse,681,88,141,7,2024-12-13
OMP020,Central_Warehouse,725,93,79,7,2024-12-13
AZI250,Central_Warehouse,907,92,361,7,2024-12-13
DOL650,Central_Warehouse,856,148,52,7,2024-12-13
PAN040,Central_Warehouse,391,91,265,7,2024-12-13
ASP075,Central_Warehouse,645,92,256,7,2024-12-13
PCM001,Central_Warehouse,997,177,237,7,2024-12-14
AMX500,Central_Warehouse,513,106,327,7,2024-12-14
IBU400,Central_Warehouse,980,109,91,7,2024-12-14
MET850,Central_Warehouse,748,110,188,7,2024-12-14
CTZ010,Central_Warehouse,620,103,103,7,2024-12-14
OMP020,Central_Warehouse,406,106,277,7,2024-12-14
AZI250,Central_Warehouse,275,102,75,7,2024-12-14
DOL650,Central_Warehouse,418,180,181,7,2024-12-14
PAN040,Central_Warehouse,534,113,50,7,2024-12-14
ASP075,Central_Warehouse,795,109,196,7,2024-12-14
PCM001,Central_Warehouse,405,175,204,7,2024-12-15
AMX500,Central_Warehouse,410,110,125,7,2024-12-15
IBU400,Central_Warehouse,619,109,228,7,2024-12-15
MET850,Central_Warehouse,275,111,64,7,2024-12-15
CTZ010,Central_Warehouse,378,105,162,7,2024-12-15
OMP020,Central_Warehouse,552,108,79,7,2024-12-15
AZI250,Central_Warehouse,725,112,115,7,2024-12-15
DOL650,Central_Warehouse,504,174,223,7,2024-12-15
PAN040,Central_Warehouse,380,108,298,7,2024-12-15
ASP075,Central_Warehouse,977,106,61,7,2024-12-15
PCM001,Central_Warehouse,570,126,307,7,2024-12-16
AMX500,Central_Warehouse,684,84,180,7,2024-12-16
IBU400,Central_Warehouse,690,80,230,7,2024-12-16
MET850,Central_Warehouse,332,77,93,7,2024-12-16
CTZ010,Central_Warehouse,398,79,150,7,2024-12-16
OMP020,Central_Warehouse,675,84,149,7,2024-12-16
AZI250,Central_Warehouse,622,80,123,7,2024-12-16
DOL650,Central_Warehouse,490,134,182,7,2024-12-16
PAN040,Central_Warehouse,132,77,219,7,2024-12-16
ASP075,Central_Warehouse,926,83,64,7,2024-12-16
PCM001,Central_Warehouse,838,137,187,7,2024-12-17
AMX500,Central_Warehouse,726,85,44,7,2024-12-17
IBU400,Central_Warehouse,209,87,293,7,2024-12-17
MET850,Central_Warehouse,521,85,318,7,2024-12-17
CTZ010,Central_Warehouse,145,89,75,7,2024-12-17
OMP020,Central_Warehouse,277,89,230,7,2024-12-17
AZI250,Central_Warehouse,290,94,132,7,2024-12-17
DOL650,Central_Warehouse,909,142,95,7,2024-12-17
PAN040,Central_Warehouse,734,86,347,7,2024-12-17
ASP075,Central_Warehouse,664,87,234,7,2024-12-17
PCM001,Central_Warehouse,324,148,265,7,2024-12-18
AMX500,Central_Warehouse,348,90,60,7,2024-12-18
IBU400,Central_Warehouse,495,92,359,7,2024-12-18
MET850,Central_Warehouse,455,94,141,7,2024-12-18
CTZ010,Central_Warehouse,275,91,67,7,2024-12-18
OMP020,Central_Warehouse,475,91,141,7,2024-12-18
AZI250,Central_Warehouse,282,91,282,7,2024-12-18
DOL650,Central_Warehouse,940,143,183,7,2024-12-18
PAN040,Central_Warehouse,451,90,107,7,2024-12-18
ASP075,Central_Warehouse,779,86,325,7,2024-12-18
PCM001,Central_Warehouse,991,147,34,7,2024-12-19
AMX500,Central_Warehouse,946,94,227,7,2024-12-19
IBU400,Central_Warehouse,856,91,81,7,2024-12-19
MET850,Central_Warehouse,827,85,192,7,2024-12-19
CTZ010,Central_Warehouse,601,90,137,7,2024-12-19
OMP020,Central_Warehouse,494,87,220,7,2024-12-19
AZI250,Central_Warehouse,803,92,204,7,2024-12-19
DOL650,Central_Warehouse,242,147,201,7,2024-12-19
PAN040,Central_Warehouse,844,91,149,7,2024-12-19
ASP075,Central_Warehouse,750,90,190,7,2024-12-19
PCM001,Central_Warehouse,878,142,153,7,2024-12-20
AMX500,Central_Warehouse,774,94,214,7,2024-12-20
IBU400,Central_Warehouse,880,86,90,7,2024-12-20
MET850,Central_Warehouse,553,93,284,7,2024-12-20
CTZ010,Central_Warehouse,899,87,244,7,2024-12-20
OMP020,Central_Warehouse,677,90,57,7,2024-12-20
AZI250,Central_Warehouse,884,88,90,7,2024-12-20
DOL650,Central_Warehouse,942,147,145,7,2024-12-20
PAN040,Central_Warehouse,734,94,44,7,2024-12-20
ASP075,Central_Warehouse,653,86,126,7,2024-12-20
PCM001,Central_Warehouse,762,175,48,7,2024-12-21
AMX500,Central_Warehouse,508,109,155,7,2024-12-21
IBU400,Central_Warehouse,620,104,220,7,2024-12-21
MET850,Central_Warehouse,773,110,30,7,2024-12-21
CTZ010,Central_Warehouse,919,104,211,7,2024-12-21
OMP020,Central_Warehouse,610,103,362,7,2024-12-21
AZI250,Central_Warehouse,192,109,285,7,2024-12-21
DOL650,Central_Warehouse,797,173,361,7,2024-12-21
PAN040,Central_Warehouse,107,107,188,7,2024-12-21
ASP075,Central_Warehouse,788,112,41,7,2024-12-21
PCM001,Central_Warehouse,418,178,154,7,2024-12-22
AMX500,Central_Warehouse,213,110,61,7,2024-12-22
IBU400,Central_Warehouse,119,104,188,7,2024-12-22
MET850,Central_Warehouse,343,110,90,7,2024-12-22
CTZ010,Central_Warehouse,351,106,181,7,2024-12-22
OMP020,Central_Warehouse,780,107,257,7,2024-12-22
AZI250,Central_Warehouse,334,108,246,7,2024-12-22
DOL650,Central_Warehouse,925,175,94,7,2024-12-22
PAN040,Central_Warehouse,966,109,286,7,2024-12-22
ASP075,Central_Warehouse,815,113,221,7,2024-12-22
PCM001,Central_Warehouse,249,131,178,7,2024-12-23
AMX500,Central_Warehouse,519,79,86,7,2024-12-23
IBU400,Central_Warehouse,888,78,207,7,2024-12-23
MET850,Central_Warehouse,322,83,227,7,2024-12-23
CTZ010,Central_Warehouse,900,80,40,7,2024-12-23
OMP020,Central_Warehouse,479,80,68,7,2024-12-23
AZI250,Central_Warehouse,885,80,341,7,2024-12-23
DOL650,Central_Warehouse,915,134,336,7,2024-12-23
PAN040,Central_Warehouse,938,80,64,7,2024-12-23
ASP075,Central_Warehouse,673,85,352,7,2024-12-23
PCM001,Central_Warehouse,666,138,222,7,2024-12-24
AMX500,Central_Warehouse,257,88,108,7,2024-12-24
IBU400,Central_Warehouse,450,93,279,7,2024-12-24
MET850,Central_Warehouse,866,92,50,7,2024-12-24
CTZ010,Central_Warehouse,828,87,218,7,2024-12-24
OMP020,Central_Warehouse,188,90,31,7,2024-12-24
AZI250,Central_Warehouse,529,94,263,7,2024-12-24
DOL650,Central_Warehouse,503,150,175,7,2024-12-24
PAN040,Central_Warehouse,940,90,303,7,2024-12-24
ASP075,Central_Warehouse,500,89,213,7,2024-12-24
PCM001,Central_Warehouse,984,151,84,7,2024-12-25
AMX500,Central_Warehouse,501,94,277,7,2024-12-25
IBU400,Central_Warehouse,892,87,145,7,2024-12-25
MET850,Central_Warehouse,750,91,332,7,2024-12-25
CTZ010,Central_Warehouse,442,86,299,7,2024-12-25
OMP020,Central_Warehouse,175,88,355,7,2024-12-25
AZI250,Central_Warehouse,628,87,40,7,2024-12-25
DOL650,Central_Warehouse,265,142,265,7,2024-12-25
PAN040,Central_Warehouse,726,92,244,7,2024-12-25
ASP075,Central_Warehouse,390,92,291,7,2024-12-25
PCM001,Central_Warehouse,835,147,116,7,2024-12-26
AMX500,Central_Warehouse,581,90,342,7,2024-12-26
IBU400,Central_Warehouse,638,94,67,7,2024-12-26
MET850,Central_Warehouse,993,93,179,7,2024-12-26
CTZ010,Central_Warehouse,812,88,260,7,2024-12-26
OMP020,Central_Warehouse,610,88,362,7,2024-12-26
AZI250,Central_Warehouse,309,88,70,7,2024-12-26
DOL650,Central_Warehouse,824,144,149,7,2024-12-26
PAN040,Central_Warehouse,171,89,246,7,2024-12-26
ASP075,Central_Warehouse,964,86,130,7,2024-12-26
PCM001,Central_Warehouse,127,151,32,7,2024-12-27
AMX500,Central_Warehouse,449,91,146,7,2024-12-27
IBU400,Central_Warehouse,415,92,361,7,2024-12-27
MET850,Central_Warehouse,473,90,148,7,2024-12-27
CTZ010,Central_Warehouse,779,88,62,7,2024-12-27
OMP020,Central_Warehouse,362,93,208,7,2024-12-27
AZI250,Central_Warehouse,239,87,350,7,2024-12-27
DOL650,Central_Warehouse,762,145,324,7,2024-12-27
PAN040,Central_Warehouse,492,91,357,7,2024-12-27
ASP075,Central_Warehouse,990,86,190,7,2024-12-27
PCM001,Central_Warehouse,361,176,340,7,2024-12-28
AMX500,Central_Warehouse,808,104,125,7,2024-12-28
IBU400,Central_Warehouse,593,108,361,7,2024-12-28
MET850,Central_Warehouse,267,103,205,7,2024-12-28
CTZ010,Central_Warehouse,192,114,67,7,2024-12-28
OMP020,Central_Warehouse,476,112,302,7,2024-12-28
AZI250,Central_Warehouse,713,111,109,7,2024-12-28
DOL650,Central_Warehouse,468,177,188,7,2024-12-28
PAN040,Central_Warehouse,343,106,239,7,2024-12-28
ASP075,Central_Warehouse,733,109,213,7,2024-12-28
PCM001,Central_Warehouse,298,176,38,7,2024-12-29
AMX500,Central_Warehouse,255,107,350,7,2024-12-29
IBU400,Central_Warehouse,279,111,88,7,2024-12-29
MET850,Central_Warehouse,320,113,216,7,2024-12-29
CTZ010,Central_Warehouse,555,105,40,7,2024-12-29
OMP020,Central_Warehouse,366,113,282,7,2024-12-29
AZI250,Central_Warehouse,236,108,291,7,2024-12-29
DOL650,Central_Warehouse,330,174,63,7,2024-12-29
PAN040,Central_Warehouse,212,105,295,7,2024-12-29
ASP075,Central_Warehouse,191,109,283,7,2024-12-29
PCM001,Central_Warehouse,151,134,316,7,2024-12-30
AMX500,Central_Warehouse,233,79,303,7,2024-12-30
IBU400,Central_Warehouse,628,81,322,7,2024-12-30
MET850,Central_Warehouse,730,80,211,7,2024-12-30
CTZ010,Central_Warehouse,887,84,152,7,2024-12-30
OMP020,Central_Warehouse,395,82,206,7,2024-12-30
AZI250,Central_Warehouse,221,83,33,7,2024-12-30
DOL650,Central_Warehouse,215,135,272,7,2024-12-30
PAN040,Central_Warehouse,820,85,33,7,2024-12-30
ASP075,Central_Warehouse,219,79,234,7,2024-12-30
PCM001,Central_Warehouse,714,152,194,7,2024-12-31
AMX500,Central_Warehouse,585,90,252,7,2024-12-31
IBU400,Central_Warehouse,754,90,101,7,2024-12-31
MET850,Central_Warehouse,166,92,188,7,2024-12-31
CTZ010,Central_Warehouse,896,91,74,7,2024-12-31
OMP020,Central_Warehouse,252,92,359,7,2024-12-31
AZI250,Central_Warehouse,198,95,131,7,2024-12-31
DOL650,Central_Warehouse,643,151,175,7,2024-12-31
PAN040,Central_Warehouse,731,93,345,7,2024-12-31
ASP075,Central_Warehouse,941,91,32,7,2024-12-31
PCM001,Central_Warehouse,130,139,109,7,2025-01-01
AMX500,Central_Warehouse,794,87,268,7,2025-01-01
IBU400,Central_Warehouse,751,87,51,7,2025-01-01
MET850,Central_Warehouse,271,94,204,7,2025-01-01
CTZ010,Central_Warehouse,319,94,149,7,2025-01-01
OMP020,Central_Warehouse,641,91,87,7,2025-01-01
AZI250,Central_Warehouse,668,86,212,7,2025-01-01
DOL650,Central_Warehouse,454,151,110,7,2025-01-01
PAN040,Central_Warehouse,715,89,334,7,2025-01-01
ASP075,Central_Warehouse,628,90,283,7,2025-01-01
PCM001,Central_Warehouse,879,148,248,7,2025-01-02
AMX500,Central_Warehouse,395,95,145,7,2025-01-02
IBU400,Central_Warehouse,854,93,352,7,2025-01-02
MET850,Central_Warehouse,368,87,40,7,2025-01-02
CTZ010,Central_Warehouse,339,89,41,7,2025-01-02
OMP020,Central_Warehouse,777,92,181,7,2025-01-02
AZI250,Central_Warehouse,749,94,75,7,2025-01-02
DOL650,Central_Warehouse,868,141,296,7,2025-01-02
PAN040,Central_Warehouse,825,88,341,7,2025-01-02
ASP075,Central_Warehouse,420,87,43,7,2025-01-02
PCM001,Central_Warehouse,901,145,258,7,2025-01-03
AMX500,Central_Warehouse,595,90,250,7,2025-01-03
IBU400,Central_Warehouse,991,88,305,7,2025-01-03
MET850,Central_Warehouse,753,89,70,7,2025-01-03
CTZ010,Central_Warehouse,577,94,183,7,2025-01-03
OMP020,Central_Warehouse,756,92,341,7,2025-01-03
AZI250,Central_Warehouse,824,91,286,7,2025-01-03
DOL650,Central_Warehouse,145,151,67,7,2025-01-03
PAN040,Central_Warehouse,252,87,156,7,2025-01-03
ASP075,Central_Warehouse,908,87,273,7,2025-01-03
PCM001,Central_Warehouse,636,167,277,7,2025-01-04
AMX500,Central_Warehouse,304,105,145,7,2025-01-04
IBU400,Central_Warehouse,682,112,30,7,2025-01-04
MET850,Central_Warehouse,780,106,144,7,2025-01-04
CTZ010,Central_Warehouse,301,106,126,7,2025-01-04
OMP020,Central_Warehouse,734,108,80,7,2025-01-04
AZI250,Central_Warehouse,967,112,315,7,2025-01-04
DOL650,Central_Warehouse,899,178,66,7,2025-01-04
PAN040,Central_Warehouse,172,111,238,7,2025-01-04
ASP075,Central_Warehouse,859,109,228,7,2025-01-04
PCM001,Central_Warehouse,263,168,343,7,2025-01-05
AMX500,Central_Warehouse,794,106,157,7,2025-01-05
IBU400,Central_Warehouse,130,111,353,7,2025-01-05
MET850,Central_Warehouse,384,113,349,7,2025-01-05
CTZ010,Central_Warehouse,120,106,344,7,2025-01-05
OMP020,Central_Warehouse,201,109,256,7,2025-01-05
AZI250,Central_Warehouse,456,105,102,7,2025-01-05
DOL650,Central_Warehouse,516,178,317,7,2025-01-05
PAN040,Central_Warehouse,686,106,64,7,2025-01-05
ASP075,Central_Warehouse,550,107,166,7,2025-01-05
PCM001,Central_Warehouse,181,134,73,7,2025-01-06
AMX500,Central_Warehouse,211,80,122,7,2025-01-06
IBU400,Central_Warehouse,904,80,100,7,2025-01-06
MET850,Central_Warehouse,678,86,205,7,2025-01-06
CTZ010,Central_Warehouse,829,81,246,7,2025-01-06
OMP020,Central_Warehouse,579,81,284,7,2025-01-06
AZI250,Central_Warehouse,751,82,252,7,2025-01-06
DOL650,Central_Warehouse,259,137,238,7,2025-01-06
PAN040,Central_Warehouse,325,78,281,7,2025-01-06
ASP075,Central_Warehouse,364,85,126,7,2025-01-06
PCM001,Central_Warehouse,230,144,320,7,2025-01-07
AMX500,Central_Warehouse,407,88,197,7,2025-01-07
IBU400,Central_Warehouse,396,88,245,7,2025-01-07
MET850,Central_Warehouse,511,91,126,7,2025-01-07
CTZ010,Central_Warehouse,126,88,119,7,2025-01-07
OMP020,Central_Warehouse,255,87,294,7,2025-01-07
AZI250,Central_Warehouse,832,91,318,7,2025-01-07
DOL650,Central_Warehouse,696,142,96,7,2025-01-07
PAN040,Central_Warehouse,562,91,40,7,2025-01-07
ASP075,Central_Warehouse,430,89,46,7,2025-01-07
PCM001,Central_Warehouse,329,152,172,7,2025-01-08
AMX500,Central_Warehouse,675,95,351,7,2025-01-08
IBU400,Central_Warehouse,478,94,51,7,2025-01-08
MET850,Central_Warehouse,821,89,223,7,2025-01-08
CTZ010,Central_Warehouse,405,93,329,7,2025-01-08
OMP020,Central_Warehouse,352,87,148,7,2025-01-08
AZI250,Central_Warehouse,658,87,35,7,2025-01-08
DOL650,Central_Warehouse,912,151,89,7,2025-01-08
PAN040,Central_Warehouse,399,86,305,7,2025-01-08
ASP075,Central_Warehouse,583,95,64,7,2025-01-08
PCM001,Central_Warehouse,598,146,363,7,2025-01-09
AMX500,Central_Warehouse,491,93,237,7,2025-01-09
IBU400,Central_Warehouse,735,88,41,7,2025-01-09
MET850,Central_Warehouse,304,93,260,7,2025-01-09
CTZ010,Central_Warehouse,279,95,77,7,2025-01-09
OMP020,Central_Warehouse,105,94,54,7,2025-01-09
AZI250,Central_Warehouse,722,92,336,7,2025-01-09
DOL650,Central_Warehouse,766,151,206,7,2025-01-09
PAN040,Central_Warehouse,392,89,319,7,2025-01-09
ASP075,Central_Warehouse,617,87,333,7,2025-01-09
PCM001,Central_Warehouse,584,145,351,7,2025-01-10
AMX500,Central_Warehouse,371,92,235,7,2025-01-10
IBU400,Central_Warehouse,246,92,52,7,2025-01-10
MET850,Central_Warehouse,829,93,226,7,2025-01-10
CTZ010,Central_Warehouse,274,92,343,7,2025-01-10
OMP020,Central_Warehouse,134,93,281,7,2025-01-10
AZI250,Central_Warehouse,513,90,105,7,2025-01-10
DOL650,Central_Warehouse,248,149,145,7,2025-01-10
PAN040,Central_Warehouse,129,87,229,7,2025-01-10
ASP075,Central_Warehouse,520,92,325,7,2025-01-10
PCM001,Central_Warehouse,399,167,348,7,2025-01-11
AMX500,Central_Warehouse,681,104,91,7,2025-01-11
IBU400,Central_Warehouse,348,106,35,7,2025-01-11
MET850,Central_Warehouse,714,111,342,7,2025-01-11
CTZ010,Central_Warehouse,508,111,204,7,2025-01-11
OMP020,Central_Warehouse,472,114,140,7,2025-01-11
AZI250,Central_Warehouse,923,107,229,7,2025-01-11
DOL650,Central_Warehouse,869,177,186,7,2025-01-11
PAN040,Central_Warehouse,926,113,135,7,2025-01-11
ASP075,Central_Warehouse,991,106,32,7,2025-01-11
PCM001,Central_Warehouse,394,172,79,7,2025-01-12
AMX500,Central_Warehouse,624,106,110,7,2025-01-12
IBU400,Central_Warehouse,558,110,109,7,2025-01-12
MET850,Central_Warehouse,190,105,284,7,2025-01-12
CTZ010,Central_Warehouse,575,105,62,7,2025-01-12
OMP020,Central_Warehouse,136,111,153,7,2025-01-12
AZI250,Central_Warehouse,868,114,251,7,2025-01-12
DOL650,Central_Warehouse,933,184,310,7,2025-01-12
PAN040,Central_Warehouse,316,110,168,7,2025-01-12
ASP075,Central_Warehouse,972,113,31,7,2025-01-12
PCM001,Central_Warehouse,745,136,281,7,2025-01-13
AMX500,Central_Warehouse,128,86,356,7,2025-01-13
IBU400,Central_Warehouse,202,78,134,7,2025-01-13
MET850,Central_Warehouse,593,81,351,7,2025-01-13
CTZ010,Central_Warehouse,305,79,272,7,2025-01-13
OMP020,Central_Warehouse,167,78,301,7,2025-01-13
AZI250,Central_Warehouse,491,83,167,7,2025-01-13
DOL650,Central_Warehouse,570,127,244,7,2025-01-13
PAN040,Central_Warehouse,561,80,334,7,2025-01-13
ASP075,Central_Warehouse,643,85,356,7,2025-01-13
PCM001,Central_Warehouse,871,149,337,7,2025-01-14
AMX500,Central_Warehouse,777,95,55,7,2025-01-14
IBU400,Central_Warehouse,682,95,303,7,2025-01-14
MET850,Central_Warehouse,706,93,114,7,2025-01-14
CTZ010,Central_Warehouse,218,90,180,7,2025-01-14
OMP020,Central_Warehouse,266,88,145,7,2025-01-14
AZI250,Central_Warehouse,759,91,119,7,2025-01-14
DOL650,Central_Warehouse,873,143,363,7,2025-01-14
PAN040,Central_Warehouse,627,87,163,7,2025-01-14
ASP075,Central_Warehouse,172,95,63,7,2025-01-14
PCM001,Central_Warehouse,710,141,80,7,2025-01-15
AMX500,Central_Warehouse,319,94,73,7,2025-01-15
IBU400,Central_Warehouse,855,92,191,7,2025-01-15
MET850,Central_Warehouse,999,94,358,7,2025-01-15
CTZ010,Central_Warehouse,373,89,316,7,2025-01-15
OMP020,Central_Warehouse,647,89,304,7,2025-01-15
AZI250,Central_Warehouse,579,90,168,7,2025-01-15
DOL650,Central_Warehouse,221,145,258,7,2025-01-15
PAN040,Central_Warehouse,403,96,244,7,2025-01-15
ASP075,Central_Warehouse,167,90,249,7,2025-01-15
PCM001,Central_Warehouse,193,146,55,7,2025-01-16
AMX500,Central_Warehouse,500,92,168,7,2025-01-16
IBU400,Central_Warehouse,131,95,138,7,2025-01-16
MET850,Central_Warehouse,828,91,147,7,2025-01-16
CTZ010,Central_Warehouse,672,88,66,7,2025-01-16
OMP020,Central_Warehouse,609,89,327,7,2025-01-16
AZI250,Central_Warehouse,305,91,270,7,2025-01-16
DOL650,Central_Warehouse,382,141,142,7,2025-01-16
PAN040,Central_Warehouse,357,91,244,7,2025-01-16
ASP075,Central_Warehouse,430,88,99,7,2025-01-16
PCM001,Central_Warehouse,877,150,262,7,2025-01-17
AMX500,Central_Warehouse,326,95,47,7,2025-01-17
IBU400,Central_Warehouse,723,92,224,7,2025-01-17
MET850,Central_Warehouse,737,88,88,7,2025-01-17
CTZ010,Central_Warehouse,282,89,110,7,2025-01-17
OMP020,Central_Warehouse,676,94,112,7,2025-01-17
AZI250,Central_Warehouse,639,95,67,7,2025-01-17
DOL650,Central_Warehouse,172,142,341,7,2025-01-17
PAN040,Central_Warehouse,850,94,314,7,2025-01-17
ASP075,Central_Warehouse,970,96,117,7,2025-01-17
PCM001,Central_Warehouse,626,178,237,7,2025-01-18
AMX500,Central_Warehouse,914,107,231,7,2025-01-18
IBU400,Central_Warehouse,447,107,339,7,2025-01-18
MET850,Central_Warehouse,484,114,281,7,2025-01-18
CTZ010,Central_Warehouse,352,109,134,7,2025-01-18
OMP020,Central_Warehouse,268,107,68,7,2025-01-18
AZI250,Central_Warehouse,220,110,111,7,2025-01-18
DOL650,Central_Warehouse,727,175,98,7,2025-01-18
PAN040,Central_Warehouse,988,108,208,7,2025-01-18
ASP075,Central_Warehouse,730,107,320,7,2025-01-18
PCM001,Central_Warehouse,731,171,307,7,2025-01-19
AMX500,Central_Warehouse,700,112,164,7,2025-01-19
IBU400,Central_Warehouse,928,106,247,7,2025-01-19
MET850,Central_Warehouse,618,105,216,7,2025-01-19
CTZ010,Central_Warehouse,299,105,165,7,2025-01-19
OMP020,Central_Warehouse,314,115,282,7,2025-01-19
AZI250,Central_Warehouse,408,112,207,7,2025-01-19
DOL650,Central_Warehouse,560,178,42,7,2025-01-19
PAN040,Central_Warehouse,194,110,136,7,2025-01-19
ASP075,Central_Warehouse,236,109,52,7,2025-01-19
PCM001,Central_Warehouse,145,137,187,7,2025-01-20
AMX500,Central_Warehouse,591,85,218,7,2025-01-20
IBU400,Central_Warehouse,704,86,191,7,2025-01-20
MET850,Central_Warehouse,296,83,333,7,2025-01-20
CTZ010,Central_Warehouse,877,84,319,7,2025-01-20
OMP020,Central_Warehouse,198,79,180,7,2025-01-20
AZI250,Central_Warehouse,105,82,235,7,2025-01-20
DOL650,Central_Warehouse,606,128,277,7,2025-01-20
PAN040,Central_Warehouse,913,81,175,7,2025-01-20
ASP075,Central_Warehouse,134,82,93,7,2025-01-20
PCM001,Central_Warehouse,543,148,306,7,2025-01-21
AMX500,Central_Warehouse,614,93,262,7,2025-01-21
IBU400,Central_Warehouse,952,90,166,7,2025-01-21
MET850,Central_Warehouse,334,89,132,7,2025-01-21
CTZ010,Central_Warehouse,203,95,150,7,2025-01-21
OMP020,Central_Warehouse,678,92,172,7,2025-01-21
AZI250,Central_Warehouse,419,94,96,7,2025-01-21
DOL650,Central_Warehouse,840,149,311,7,2025-01-21
PAN040,Central_Warehouse,499,93,241,7,2025-01-21
ASP075,Central_Warehouse,292,92,208,7,2025-01-21
PCM001,Central_Warehouse,959,143,82,7,2025-01-22
AMX500,Central_Warehouse,934,88,292,7,2025-01-22
IBU400,Central_Warehouse,277,91,134,7,2025-01-22
MET850,Central_Warehouse,309,87,60,7,2025-01-22
CTZ010,Central_Warehouse,904,93,235,7,2025-01-22
OMP020,Central_Warehouse,417,95,128,7,2025-01-22
AZI250,Central_Warehouse,500,87,120,7,2025-01-22
DOL650,Central_Warehouse,645,141,89,7,2025-01-22
PAN040,Central_Warehouse,634,91,157,7,2025-01-22
ASP075,Central_Warehouse,466,94,221,7,2025-01-22
PCM001,Central_Warehouse,440,149,185,7,2025-01-23
AMX500,Central_Warehouse,543,94,139,7,2025-01-23
IBU400,Central_Warehouse,141,92,85,7,2025-01-23
MET850,Central_Warehouse,318,91,130,7,2025-01-23
CTZ010,Central_Warehouse,561,89,119,7,2025-01-23
OMP020,Central_Warehouse,196,95,95,7,2025-01-23
AZI250,Central_Warehouse,698,94,365,7,2025-01-23
DOL650,Central_Warehouse,158,154,45,7,2025-01-23
PAN040,Central_Warehouse,712,88,143,7,2025-01-23
ASP075,Central_Warehouse,514,88,308,7,2025-01-23
PCM001,Central_Warehouse,182,143,263,7,2025-01-24
AMX500,Central_Warehouse,206,90,342,7,2025-01-24
IBU400,Central_Warehouse,542,94,291,7,2025-01-24
MET850,Central_Warehouse,248,88,228,7,2025-01-24
CTZ010,Central_Warehouse,159,96,278,7,2025-01-24
OMP020,Central_Warehouse,800,89,51,7,2025-01-24
AZI250,Central_Warehouse,337,91,233,7,2025-01-24
DOL650,Central_Warehouse,615,153,183,7,2025-01-24
PAN040,Central_Warehouse,252,94,338,7,2025-01-24
ASP075,Central_Warehouse,425,91,147,7,2025-01-24
PCM001,Central_Warehouse,323,185,216,7,2025-01-25
AMX500,Central_Warehouse,580,106,32,7,2025-01-25
IBU400,Central_Warehouse,931,113,111,7,2025-01-25
MET850,Central_Warehouse,484,114,82,7,2025-01-25
CTZ010,Central_Warehouse,312,112,218,7,2025-01-25
OMP020,Central_Warehouse,557,110,352,7,2025-01-25
AZI250,Central_Warehouse,561,112,170,7,2025-01-25
DOL650,Central_Warehouse,796,181,188,7,2025-01-25
PAN040,Central_Warehouse,851,116,112,7,2025-01-25
ASP075,Central_Warehouse,343,116,178,7,2025-01-25
PCM001,Central_Warehouse,866,182,225,7,2025-01-26
AMX500,Central_Warehouse,523,110,344,7,2025-01-26
IBU400,Central_Warehouse,491,116,167,7,2025-01-26
MET850,Central_Warehouse,160,107,54,7,2025-01-26
CTZ010,Central_Warehouse,422,112,180,7,2025-01-26
OMP020,Central_Warehouse,723,108,103,7,2025-01-26
AZI250,Central_Warehouse,904,111,317,7,2025-01-26
DOL650,Central_Warehouse,207,180,134,7,2025-01-26
PAN040,Central_Warehouse,332,110,73,7,2025-01-26
ASP075,Central_Warehouse,838,114,315,7,2025-01-26
PCM001,Central_Warehouse,270,133,347,7,2025-01-27
AMX500,Central_Warehouse,579,81,244,7,2025-01-27
IBU400,Central_Warehouse,622,85,216,7,2025-01-27
MET850,Central_Warehouse,683,79,54,7,2025-01-27
CTZ010,Central_Warehouse,425,86,322,7,2025-01-27
OMP020,Central_Warehouse,151,83,189,7,2025-01-27
AZI250,Central_Warehouse,152,83,306,7,2025-01-27
DOL650,Central_Warehouse,300,126,139,7,2025-01-27
PAN040,Central_Warehouse,552,83,97,7,2025-01-27
ASP075,Central_Warehouse,716,79,126,7,2025-01-27
PCM001,Central_Warehouse,989,151,54,7,2025-01-28
AMX500,Central_Warehouse,802,94,62,7,2025-01-28
IBU400,Central_Warehouse,397,91,284,7,2025-01-28
MET850,Central_Warehouse,530,93,220,7,2025-01-28
CTZ010,Central_Warehouse,221,92,314,7,2025-01-28
OMP020,Central_Warehouse,488,96,89,7,2025-01-28
AZI250,Central_Warehouse,891,88,301,7,2025-01-28
DOL650,Central_Warehouse,733,146,247,7,2025-01-28
PAN040,Central_Warehouse,216,94,186,7,2025-01-28
ASP075,Central_Warehouse,384,92,157,7,2025-01-28
PCM001,Central_Warehouse,897,152,139,7,2025-01-29
AMX500,Central_Warehouse,545,95,145,7,2025-01-29
IBU400,Central_Warehouse,900,88,173,7,2025-01-29
MET850,Central_Warehouse,848,88,254,7,2025-01-29
CTZ010,Central_Warehouse,130,94,84,7,2025-01-29
OMP020,Central_Warehouse,572,95,250,7,2025-01-29
AZI250,Central_Warehouse,379,95,354,7,2025-01-29
DOL650,Central_Warehouse,482,146,60,7,2025-01-29
PAN040,Central_Warehouse,783,94,254,7,2025-01-29
ASP075,Central_Warehouse,393,90,230,7,2025-01-29
PCM001,Central_Warehouse,361,144,49,7,2025-01-30
AMX500,Central_Warehouse,721,88,118,7,2025-01-30
IBU400,Central_Warehouse,599,89,196,7,2025-01-30
MET850,Central_Warehouse,692,93,361,7,2025-01-30
CTZ010,Central_Warehouse,597,90,58,7,2025-01-30
OMP020,Central_Warehouse,769,93,66,7,2025-01-30
AZI250,Central_Warehouse,635,93,90,7,2025-01-30
DOL650,Central_Warehouse,631,154,298,7,2025-01-30
PAN040,Central_Warehouse,225,93,354,7,2025-01-30
ASP075,Central_Warehouse,769,94,182,7,2025-01-30
PCM001,Central_Warehouse,990,145,293,7,2025-01-31
AMX500,Central_Warehouse,231,92,154,7,2025-01-31
IBU400,Central_Warehouse,166,94,315,7,2025-01-31
MET850,Central_Warehouse,613,96,315,7,2025-01-31
CTZ010,Central_Warehouse,200,92,128,7,2025-01-31
OMP020,Central_Warehouse,368,97,356,7,2025-01-31
AZI250,Central_Warehouse,467,89,192,7,2025-01-31
DOL650,Central_Warehouse,156,147,278,7,2025-01-31
PAN040,Central_Warehouse,778,93,137,7,2025-01-31
ASP075,Central_Warehouse,897,97,95,7,2025-01-31
PCM001,Central_Warehouse,276,123,202,7,2025-02-01
AMX500,Central_Warehouse,281,82,95,7,2025-02-01
IBU400,Central_Warehouse,152,76,179,7,2025-02-01
MET850,Central_Warehouse,770,77,129,7,2025-02-01
CTZ010,Central_Warehouse,142,79,122,7,2025-02-01
OMP020,Central_Warehouse,661,76,363,7,2025-02-01
AZI250,Central_Warehouse,218,82,142,7,2025-02-01
DOL650,Central_Warehouse,790,132,264,7,2025-02-01
PAN040,Central_Warehouse,637,83,302,7,2025-02-01
ASP075,Central_Warehouse,509,80,294,7,2025-02-01
PCM001,Central_Warehouse,316,122,302,7,2025-02-02
AMX500,Central_Warehouse,874,81,71,7,2025-02-02
IBU400,Central_Warehouse,190,76,144,7,2025-02-02
MET850,Central_Warehouse,938,77,249,7,2025-02-02
CTZ010,Central_Warehouse,996,81,53,7,2025-02-02
OMP020,Central_Warehouse,895,77,298,7,2025-02-02
AZI250,Central_Warehouse,836,82,70,7,2025-02-02
DOL650,Central_Warehouse,834,123,125,7,2025-02-02
PAN040,Central_Warehouse,840,81,34,7,2025-02-02
ASP075,Central_Warehouse,874,76,65,7,2025-02-02
PCM001,Central_Warehouse,859,94,33,7,2025-02-03
AMX500,Central_Warehouse,920,61,72,7,2025-02-03
IBU400,Central_Warehouse,957,58,38,7,2025-02-03
MET850,Central_Warehouse,800,62,271,7,2025-02-03
CTZ010,Central_Warehouse,770,59,184,7,2025-02-03
OMP020,Central_Warehouse,847,60,173,7,2025-02-03
AZI250,Central_Warehouse,435,59,169,7,2025-02-03
DOL650,Central_Warehouse,353,98,139,7,2025-02-03
PAN040,Central_Warehouse,355,60,207,7,2025-02-03
ASP075,Central_Warehouse,990,60,337,7,2025-02-03
PCM001,Central_Warehouse,496,102,289,7,2025-02-04
AMX500,Central_Warehouse,497,64,124,7,2025-02-04
IBU400,Central_Warehouse,799,69,110,7,2025-02-04
MET850,Central_Warehouse,882,68,274,7,2025-02-04
CTZ010,Central_Warehouse,712,69,148,7,2025-02-04
OMP020,Central_Warehouse,645,66,66,7,2025-02-04
AZI250,Central_Warehouse,711,64,313,7,2025-02-04
DOL650,Central_Warehouse,919,108,62,7,2025-02-04
PAN040,Central_Warehouse,247,66,54,7,2025-02-04
ASP075,Central_Warehouse,570,64,302,7,2025-02-04
PCM001,Central_Warehouse,559,110,189,7,2025-02-05
AMX500,Central_Warehouse,334,64,126,7,2025-02-05
IBU400,Central_Warehouse,278,64,282,7,2025-02-05
MET850,Central_Warehouse,253,63,83,7,2025-02-05
CTZ010,Central_Warehouse,302,63,292,7,2025-02-05
OMP020,Central_Warehouse,632,66,355,7,2025-02-05
AZI250,Central_Warehouse,885,67,98,7,2025-02-05
DOL650,Central_Warehouse,258,107,360,7,2025-02-05
PAN040,Central_Warehouse,864,67,93,7,2025-02-05
ASP075,Central_Warehouse,599,68,317,7,2025-02-05
PCM001,Central_Warehouse,235,105,306,7,2025-02-06
AMX500,Central_Warehouse,481,67,284,7,2025-02-06
IBU400,Central_Warehouse,220,64,249,7,2025-02-06
MET850,Central_Warehouse,219,65,88,7,2025-02-06
CTZ010,Central_Warehouse,737,65,189,7,2025-02-06
OMP020,Central_Warehouse,653,66,172,7,2025-02-06
AZI250,Central_Warehouse,244,65,183,7,2025-02-06
DOL650,Central_Warehouse,187,104,334,7,2025-02-06
PAN040,Central_Warehouse,114,69,338,7,2025-02-06
ASP075,Central_Warehouse,200,67,269,7,2025-02-06
PCM001,Central_Warehouse,621,105,49,7,2025-02-07
AMX500,Central_Warehouse,255,65,184,7,2025-02-07
IBU400,Central_Warehouse,789,66,265,7,2025-02-07
MET850,Central_Warehouse,739,68,175,7,2025-02-07
CTZ010,Central_Warehouse,379,67,199,7,2025-02-07
OMP020,Central_Warehouse,279,68,153,7,2025-02-07
AZI250,Central_Warehouse,440,66,287,7,2025-02-07
DOL650,Central_Warehouse,222,107,138,7,2025-02-07
PAN040,Central_Warehouse,444,69,259,7,2025-02-07
ASP075,Central_Warehouse,165,68,145,7,2025-02-07
PCM001,Central_Warehouse,429,126,149,7,2025-02-08
AMX500,Central_Warehouse,134,83,103,7,2025-02-08
IBU400,Central_Warehouse,568,77,98,7,2025-02-08
MET850,Central_Warehouse,728,81,282,7,2025-02-08
CTZ010,Central_Warehouse,388,79,76,7,2025-02-08
OMP020,Central_Warehouse,922,80,323,7,2025-02-08
AZI250,Central_Warehouse,793,79,259,7,2025-02-08
DOL650,Central_Warehouse,495,133,301,7,2025-02-08
PAN040,Central_Warehouse,376,79,294,7,2025-02-08
ASP075,Central_Warehouse,196,81,127,7,2025-02-08
PCM001,Central_Warehouse,388,132,261,7,2025-02-09
AMX500,Central_Warehouse,959,82,74,7,2025-02-09
IBU400,Central_Warehouse,172,78,241,7,2025-02-09
MET850,Central_Warehouse,207,81,214,7,2025-02-09
CTZ010,Central_Warehouse,909,81,340,7,2025-02-09
OMP020,Central_Warehouse,138,80,316,7,2025-02-09
AZI250,Central_Warehouse,123,81,299,7,2025-02-09
DOL650,Central_Warehouse,733,132,232,7,2025-02-09
PAN040,Central_Warehouse,472,77,40,7,2025-02-09
ASP075,Central_Warehouse,139,81,179,7,2025-02-09
PCM001,Central_Warehouse,902,94,362,7,2025-02-10
AMX500,Central_Warehouse,931,57,62,7,2025-02-10
IBU400,Central_Warehouse,912,61,118,7,2025-02-10
MET850,Central_Warehouse,156,59,309,7,2025-02-10
CTZ010,Central_Warehouse,618,59,151,7,2025-02-10
OMP020,Central_Warehouse,562,58,87,7,2025-02-10
AZI250,Central_Warehouse,190,58,321,7,2025-02-10
DOL650,Central_Warehouse,355,92,167,7,2025-02-10
PAN040,Central_Warehouse,243,59,66,7,2025-02-10
ASP075,Central_Warehouse,543,62,124,7,2025-02-10
PCM001,Central_Warehouse,699,103,321,7,2025-02-11
AMX500,Central_Warehouse,331,66,183,7,2025-02-11
IBU400,Central_Warehouse,293,67,315,7,2025-02-11
MET850,Central_Warehouse,644,66,125,7,2025-02-11
CTZ010,Central_Warehouse,368,69,170,7,2025-02-11
OMP020,Central_Warehouse,185,66,297,7,2025-02-11
AZI250,Central_Warehouse,633,69,109,7,2025-02-11
DOL650,Central_Warehouse,632,108,344,7,2025-02-11
PAN040,Central_Warehouse,277,66,80,7,2025-02-11
ASP075,Central_Warehouse,945,69,298,7,2025-02-11
PCM001,Central_Warehouse,432,107,298,7,2025-02-12
AMX500,Central_Warehouse,597,66,65,7,2025-02-12
IBU400,Central_Warehouse,325,67,47,7,2025-02-12
MET850,Central_Warehouse,893,64,165,7,2025-02-12
CTZ010,Central_Warehouse,960,70,88,7,2025-02-12
OMP020,Central_Warehouse,574,68,127,7,2025-02-12
AZI250,Central_Warehouse,490,66,166,7,2025-02-12
DOL650,Central_Warehouse,918,103,290,7,2025-02-12
PAN040,Central_Warehouse,423,66,240,7,2025-02-12
ASP075,Central_Warehouse,405,67,244,7,2025-02-12
PCM001,Central_Warehouse,715,106,68,7,2025-02-13
AMX500,Central_Warehouse,878,69,175,7,2025-02-13
IBU400,Central_Warehouse,562,64,149,7,2025-02-13
MET850,Central_Warehouse,955,67,166,7,2025-02-13
CTZ010,Central_Warehouse,285,66,324,7,2025-02-13
OMP020,Central_Warehouse,111,64,261,7,2025-02-13
AZI250,Central_Warehouse,944,69,66,7,2025-02-13
DOL650,Central_Warehouse,331,108,309,7,2025-02-13
PAN040,Central_Warehouse,666,68,296,7,2025-02-13
ASP075,Central_Warehouse,689,66,340,7,2025-02-13
PCM001,Central_Warehouse,162,102,329,7,2025-02-14
AMX500,Central_Warehouse,161,68,57,7,2025-02-14
IBU400,Central_Warehouse,300,63,280,7,2025-02-14
MET850,Central_Warehouse,370,63,265,7,2025-02-14
CTZ010,Central_Warehouse,947,69,166,7,2025-02-14
OMP020,Central_Warehouse,998,64,180,7,2025-02-14
AZI250,Central_Warehouse,689,67,88,7,2025-02-14
DOL650,Central_Warehouse,708,111,264,7,2025-02-14
PAN040,Central_Warehouse,853,68,263,7,2025-02-14
ASP075,Central_Warehouse,745,66,79,7,2025-02-14
PCM001,Central_Warehouse,708,130,170,7,2025-02-15
AMX500,Central_Warehouse,846,81,107,7,2025-02-15
IBU400,Central_Warehouse,346,82,104,7,2025-02-15
MET850,Central_Warehouse,757,77,97,7,2025-02-15
CTZ010,Central_Warehouse,260,77,229,7,2025-02-15
OMP020,Central_Warehouse,564,77,242,7,2025-02-15
AZI250,Central_Warehouse,915,76,156,7,2025-02-15
DOL650,Central_Warehouse,592,129,213,7,2025-02-15
PAN040,Central_Warehouse,893,76,52,7,2025-02-15
ASP075,Central_Warehouse,805,80,135,7,2025-02-15
PCM001,Central_Warehouse,210,124,276,7,2025-02-16
AMX500,Central_Warehouse,996,77,173,7,2025-02-16
IBU400,Central_Warehouse,983,77,58,7,2025-02-16
MET850,Central_Warehouse,666,77,223,7,2025-02-16
CTZ010,Central_Warehouse,198,77,40,7,2025-02-16
OMP020,Central_Warehouse,480,83,78,7,2025-02-16
AZI250,Central_Warehouse,839,81,119,7,2025-02-16
DOL650,Central_Warehouse,184,134,84,7,2025-02-16
PAN040,Central_Warehouse,861,79,120,7,2025-02-16
ASP075,Central_Warehouse,835,80,178,7,2025-02-16
PCM001,Central_Warehouse,462,98,174,7,2025-02-17
AMX500,Central_Warehouse,176,57,213,7,2025-02-17
IBU400,Central_Warehouse,264,61,303,7,2025-02-17
MET850,Central_Warehouse,376,60,220,7,2025-02-17
CTZ010,Central_Warehouse,970,61,352,7,2025-02-17
OMP020,Central_Warehouse,387,61,130,7,2025-02-17
AZI250,Central_Warehouse,186,63,95,7,2025-02-17
DOL650,Central_Warehouse,276,99,356,7,2025-02-17
PAN040,Central_Warehouse,554,61,160,7,2025-02-17
ASP075,Central_Warehouse,347,63,86,7,2025-02-17
PCM001,Central_Warehouse,514,108,224,7,2025-02-18
AMX500,Central_Warehouse,665,64,76,7,2025-02-18
IBU400,Central_Warehouse,252,65,312,7,2025-02-18
MET850,Central_Warehouse,757,64,169,7,2025-02-18
CTZ010,Central_Warehouse,371,67,174,7,2025-02-18
OMP020,Central_Warehouse,506,66,122,7,2025-02-18
AZI250,Central_Warehouse,320,63,192,7,2025-02-18
DOL650,Central_Warehouse,872,111,84,7,2025-02-18
PAN040,Central_Warehouse,370,65,133,7,2025-02-18
ASP075,Central_Warehouse,754,64,194,7,2025-02-18
PCM001,Central_Warehouse,944,109,248,7,2025-02-19
AMX500,Central_Warehouse,953,66,344,7,2025-02-19
IBU400,Central_Warehouse,503,69,301,7,2025-02-19
MET850,Central_Warehouse,530,67,296,7,2025-02-19
CTZ010,Central_Warehouse,623,67,161,7,2025-02-19
OMP020,Central_Warehouse,831,69,203,7,2025-02-19
AZI250,Central_Warehouse,686,66,49,7,2025-02-19
DOL650,Central_Warehouse,340,105,268,7,2025-02-19
PAN040,Central_Warehouse,286,64,116,7,2025-02-19
ASP075,Central_Warehouse,623,68,245,7,2025-02-19
PCM001,Central_Warehouse,704,103,142,7,2025-02-20
AMX500,Central_Warehouse,834,70,351,7,2025-02-20
IBU400,Central_Warehouse,815,63,307,7,2025-02-20
MET850,Central_Warehouse,600,66,107,7,2025-02-20
CTZ010,Central_Warehouse,610,64,103,7,2025-02-20
OMP020,Central_Warehouse,953,68,240,7,2025-02-20
AZI250,Central_Warehouse,969,67,169,7,2025-02-20
DOL650,Central_Warehouse,845,108,237,7,2025-02-20
PAN040,Central_Warehouse,898,63,301,7,2025-02-20
ASP075,Central_Warehouse,175,63,232,7,2025-02-20
PCM001,Central_Warehouse,105,107,353,7,2025-02-21
AMX500,Central_Warehouse,939,67,283,7,2025-02-21
IBU400,Central_Warehouse,245,65,91,7,2025-02-21
MET850,Central_Warehouse,514,65,119,7,2025-02-21
CTZ010,Central_Warehouse,341,68,222,7,2025-02-21
OMP020,Central_Warehouse,681,68,86,7,2025-02-21
AZI250,Central_Warehouse,318,66,102,7,2025-02-21
DOL650,Central_Warehouse,731,103,167,7,2025-02-21
PAN040,Central_Warehouse,415,69,142,7,2025-02-21
ASP075,Central_Warehouse,637,68,43,7,2025-02-21
PCM001,Central_Warehouse,319,124,138,7,2025-02-22
AMX500,Central_Warehouse,601,81,257,7,2025-02-22
IBU400,Central_Warehouse,440,81,148,7,2025-02-22
MET850,Central_Warehouse,408,81,168,7,2025-02-22
CTZ010,Central_Warehouse,676,81,283,7,2025-02-22
OMP020,Central_Warehouse,663,77,53,7,2025-02-22
AZI250,Central_Warehouse,998,81,199,7,2025-02-22
DOL650,Central_Warehouse,178,123,36,7,2025-02-22
PAN040,Central_Warehouse,981,82,307,7,2025-02-22
ASP075,Central_Warehouse,866,79,173,7,2025-02-22
PCM001,Central_Warehouse,878,131,118,7,2025-02-23
AMX500,Central_Warehouse,551,80,252,7,2025-02-23
IBU400,Central_Warehouse,921,77,330,7,2025-02-23
MET850,Central_Warehouse,233,77,321,7,2025-02-23
CTZ010,Central_Warehouse,799,78,40,7,2025-02-23
OMP020,Central_Warehouse,804,82,198,7,2025-02-23
AZI250,Central_Warehouse,889,82,252,7,2025-02-23
DOL650,Central_Warehouse,666,129,356,7,2025-02-23
PAN040,Central_Warehouse,264,81,176,7,2025-02-23
ASP075,Central_Warehouse,506,83,319,7,2025-02-23
PCM001,Central_Warehouse,989,95,132,7,2025-02-24
AMX500,Central_Warehouse,277,59,242,7,2025-02-24
IBU400,Central_Warehouse,428,60,163,7,2025-02-24
MET850,Central_Warehouse,712,63,132,7,2025-02-24
CTZ010,Central_Warehouse,660,62,101,7,2025-02-24
OMP020,Central_Warehouse,554,57,251,7,2025-02-24
AZI250,Central_Warehouse,519,62,30,7,2025-02-24
DOL650,Central_Warehouse,333,95,63,7,2025-02-24
PAN040,Central_Warehouse,234,60,286,7,2025-02-24
ASP075,Central_Warehouse,248,61,271,7,2025-02-24
PCM001,Central_Warehouse,480,107,45,7,2025-02-25
AMX500,Central_Warehouse,179,66,164,7,2025-02-25
IBU400,Central_Warehouse,918,69,325,7,2025-02-25
MET850,Central_Warehouse,370,66,363,7,2025-02-25
CTZ010,Central_Warehouse,186,64,204,7,2025-02-25
OMP020,Central_Warehouse,340,67,64,7,2025-02-25
AZI250,Central_Warehouse,735,68,310,7,2025-02-25
DOL650,Central_Warehouse,974,112,364,7,2025-02-25
PAN040,Central_Warehouse,873,66,283,7,2025-02-25
ASP075,Central_Warehouse,217,69,239,7,2025-02-25
PCM001,Central_Warehouse,298,109,165,7,2025-02-26
AMX500,Central_Warehouse,526,70,301,7,2025-02-26
IBU400,Central_Warehouse,124,70,299,7,2025-02-26
MET850,Central_Warehouse,774,68,48,7,2025-02-26
CTZ010,Central_Warehouse,494,69,64,7,2025-02-26
OMP020,Central_Warehouse,429,65,125,7,2025-02-26
AZI250,Central_Warehouse,877,68,191,7,2025-02-26
DOL650,Central_Warehouse,772,109,171,7,2025-02-26
PAN040,Central_Warehouse,630,66,314,7,2025-02-26
ASP075,Central_Warehouse,649,67,364,7,2025-02-26
PCM001,Central_Warehouse,589,103,241,7,2025-02-27
AMX500,Central_Warehouse,236,66,335,7,2025-02-27
IBU400,Central_Warehouse,342,68,228,7,2025-02-27
MET850,Central_Warehouse,364,67,218,7,2025-02-27
CTZ010,Central_Warehouse,264,64,218,7,2025-02-27
OMP020,Central_Warehouse,913,68,62,7,2025-02-27
AZI250,Central_Warehouse,194,65,290,7,2025-02-27
DOL650,Central_Warehouse,290,105,33,7,2025-02-27
PAN040,Central_Warehouse,844,64,323,7,2025-02-27
ASP075,Central_Warehouse,188,66,278,7,2025-02-27
PCM001,Central_Warehouse,870,111,279,7,2025-02-28
AMX500,Central_Warehouse,990,66,184,7,2025-02-28
IBU400,Central_Warehouse,258,70,274,7,2025-02-28
MET850,Central_Warehouse,982,64,116,7,2025-02-28
CTZ010,Central_Warehouse,802,69,41,7,2025-02-28
OMP020,Central_Warehouse,676,69,70,7,2025-02-28
AZI250,Central_Warehouse,690,68,163,7,2025-02-28
DOL650,Central_Warehouse,412,108,49,7,2025-02-28
PAN040,Central_Warehouse,901,69,66,7,2025-02-28
ASP075,Central_Warehouse,429,68,231,7,2025-02-28
